<?xml version="1.0" encoding="UTF-8"?>
<metadata>
  <idinfo>
    <citation>
      <citeinfo>
        <origin/>
        <origin/>
        <origin/>
        <pubdate>20040601</pubdate>
        <title>Political Boundaries, North America, 2004</title>
        <geoform>vector digital data</geoform>
        <pubinfo>
          <pubplace/>
          <publish>Geological Survey (U.S.)</publish>
        </pubinfo>
        <othercit>These data were downloaded from the National Atlas website (http://www.nationalatlas.gov/atlasftp.html) in August 2014.</othercit>
        <onlink>http://purl.stanford.edu/ns372xw1938</onlink>
        <lworkcit>
          <citeinfo>
            <title>National Atlas of the United States of America, 1997-2014</title>
          </citeinfo>
        </lworkcit>
      </citeinfo>
    </citation>
    <descript>
      <abstract>This polygon shapefile depicts the political boundaries of North America, including: international boundaries, provincial boundaries, state or territory boundaries, and the International Date Line. This layer is the result of a joint venture involving the National Atlas programs in Canada (Natural Resources Canada), Mexico (Instituto Nacional de Estadística Geografía e Informática), and the United States (U.S. Geological Survey), as well as the North American Commission for Environmental Co-operation. This layer is part of the 1997-2014 edition of the National Atlas of the United States.</abstract>
      <purpose>The North American Atlas data are intended for geographic display and analysis at the national and continental level. These data should be displayed and analyzed at scales appropriate for 1:10,000,000-scale data. No responsibility is assumed by Natural Resources Canada, Instituto Nacional de Estadística Geografía e Informática, or the U.S. Geological Survey in the use of these data.</purpose>
      <supplinf>The Commission for Environmental Cooperation (CEC) is an international organization created by Canada, Mexico, and the United States of America under the North American Agreement on Environmental Cooperation (NAAEC). The CEC was established to address regional environmental concerns, help prevent potential trade and environmental conflicts, and to promote the effective enforcement of environmental law. The Agreement complements the environmental provisions of the North American Free Trade Agreement (NAFTA). Further information on the CEC is available from http://www.cec.org/ or from &gt;Commission for Environmental Cooperation &gt;393, rue St-Jacques Ouest &gt;Bureau 200 &gt;Montréal (Québec) &gt;H2Y 1N9 Canada &gt; &gt;Telephone: 514 350 4300 &gt;Facsimile: 514 350 4314 &gt;Electronic mail: info@ccemtl.org &gt; All North American Atlas data sets are available in four data formats: Arc/INFO Export format (e00), ArcView Shapefile, Geography Markup Language (GML) and Spatial Data Transfer Standard (SDTS). Although these data are distributed in geographic coordinates, the North American Atlas Map uses a Lambert Azimuthal Equal Area projection. The following parameters were used for the map: &gt;Longitude_of_Projection_Center: -100.00 &gt;Latitude_of_Projection_Center: 45.00 &gt;False_Easting (metres): 0.0 &gt;False_Northing (metres): 0.0 &gt;Semi-major_Axis: 6370997.0 &gt;Denominator_of_Flattening_Ratio: 1.0 &gt;Ellipsoid_Name: Sphere &gt;Units: metres &gt; State boundaries in Mexico are included for illustration purposes. They were obtained from diverse sources and INEGI does not guarantee and takes no responsibility for their legal validity and/or accuracy. ; {"gdaId" : 6065780}</supplinf>
    </descript>
    <timeperd>
      <timeinfo>
        <sngdate>
          <caldate>20040601</caldate>
        </sngdate>
      </timeinfo>
      <current>Publication date</current>
    </timeperd>
    <status>
      <progress>Complete</progress>
      <update>Irregular</update>
    </status>
    <spdom>
      <bounding>
        <westbc>-179.999993</westbc>
        <eastbc>180.000000</eastbc>
        <northbc>83.634101</northbc>
        <southbc>0.854865</southbc>
      </bounding>
    </spdom>
    <keywords>
      <theme>
        <themekt>lcsh</themekt>
        <themekey>Territorial boundaries</themekey>
        <themekey>International Date Line</themekey>
        <themekey>Provinces</themekey>
        <themekey>International boundaries</themekey>
        <themekey>States</themekey>
        <themekey>Countries</themekey>
      </theme>
      <theme>
        <themekt>ISO 19115 Topic Categories</themekt>
        <themekey>boundaries</themekey>
      </theme>
      <place>
        <placekt>geonames</placekt>
        <placekey>North America</placekey>
        <placekey>Canada</placekey>
        <placekey>United States</placekey>
        <placekey>Mexico</placekey>
        <placekey>Western Hemisphere</placekey>
      </place>
    </keywords>
    <accconst>None</accconst>
    <useconst>All data for Canada and other areas outside of Mexico and the United States of America are covered by the Geogratis User Agreement for Digital Data. No use constraints are applied to data for Mexico and the United States of America. Acknowledgment of the North American Atlas, Instituto Nacional de Estadística Geografía e Informática, Natural Resources Canada, and (or) the U.S. Geological Survey would be appreciated in products derived from these data.</useconst>
    <ptcontac>
      <cntinfo>
        <cntorgp>
          <cntorg>U.S. Geological Survey</cntorg>
          <cntper>John Hutchinson</cntper>
        </cntorgp>
        <cntaddr>
          <addrtype>mailing</addrtype>
          <address>USGS EROS Data Center</address>
          <city>Sioux Falls</city>
          <state>South Dakota</state>
          <postal>57198-0001</postal>
          <country>US</country>
        </cntaddr>
        <cntvoice>605 594 6049</cntvoice>
        <cntfax>605 594 6529</cntfax>
        <cntemail>atlasmail@usgs.gov</cntemail>
      </cntinfo>
    </ptcontac>
    <datacred>U.S. Geological Survey, Canada Centre for Remote Sensing and Instituto Nacional de Estadística, Geografía e Informática (Mexico). (2004). Political Boundaries, North America, 2004. USGS, Available at: http://purl.stanford.edu/ns372xw1938</datacred>
    <native>Microsoft Windows 7 Version 6.1 (Build 7601) Service Pack 1; Esri ArcGIS 10.3.1.4959</native>
  </idinfo>
  <dataqual>
    <attracc>
      <attraccr>Where possible, attribute data were quality controlled by creating symbolized digital displays or hard copy plots, which were visually verified with digital or hard copy reference data. Attribute data that could not be verified in such a manner were interactively queried to check for anomalies such as duplication of data in fields requiring unique values and incorrect feature coding. Data for areas outside of Canada, Mexico, and the United States of America are only provided for context; Natural Resources Canada, Instituto Nacional de Estadística Geografía e Informática, and the U.S. Geological Survey assume no responsibility for the completeness, accuracy, or presentation of this data.</attraccr>
    </attracc>
    <logic>Topology was built and a quality control of the political boundaries polygon data was done in order to ensure topological polygon structure. A quality control of the linear boundary file was done to ensure logical consistency with the corresponding polygon data.</logic>
    <complete>This data set includes political boundaries for all of North America, as shown at 1:10,000,000 scale. The data completeness reflects the content of the source data, the integration done by the cartographers, and the quality control of the content performed by each country.</complete>
    <posacc>
      <horizpa>
        <horizpar>Positional accuracy of the data is unknown. Positions are dependent on the accuracy of the source data and on the result of the generalization and integration processes. Data for areas outside of Canada, Mexico, and the United States of America are only provided for context; Natural Resources Canada, Instituto Nacional de Estadística Geografía e Informática, and the U.S. Geological Survey assume no responsibility for the completeness, accuracy, or presentation of this data. State boundaries in Mexico are included for illustration purposes. They were obtained from diverse sources and INEGI does not guarantee and takes no responsibility for their legal validity and/or accuracy.</horizpar>
      </horizpa>
    </posacc>
    <lineage>
      <srcinfo>
        <srccite>
          <citeinfo>
            <origin/>
            <origin/>
            <origin/>
            <pubdate>20040601</pubdate>
            <title>North American Atlas - Hydrography</title>
            <geoform>Vector digital data</geoform>
            <pubinfo>
              <pubplace/>
              <publish>U.S. Geological Survey</publish>
            </pubinfo>
          </citeinfo>
        </srccite>
        <srcscale>10000000</srcscale>
        <typesrc>onLine</typesrc>
        <srctime>
          <timeinfo>
            <sngdate>
              <caldate>20040101</caldate>
            </sngdate>
          </timeinfo>
          <srccurr>Publication date</srccurr>
        </srctime>
        <srccitea>NAA Hydro</srccitea>
        <srccontr>Spatial information</srccontr>
      </srcinfo>
      <srcinfo>
        <srccite>
          <citeinfo>
            <origin/>
            <pubdate>unpublished material</pubdate>
            <title>1:5,000,000 General Reference Map - Boundaries</title>
            <geoform>Vector digital data</geoform>
            <pubinfo>
              <pubplace/>
              <publish>U.S. Geological Survey</publish>
            </pubinfo>
          </citeinfo>
        </srccite>
        <srcscale>5000000</srcscale>
        <typesrc>None</typesrc>
        <srctime>
          <timeinfo>
            <sngdate>
              <caldate>19980101</caldate>
            </sngdate>
          </timeinfo>
          <srccurr>Date of data compilation</srccurr>
        </srctime>
        <srccitea>5M USA Bdy</srccitea>
        <srccontr>Spatial and attribute information</srccontr>
      </srcinfo>
      <srcinfo>
        <srccite>
          <citeinfo>
            <origin/>
            <pubdate>20040701</pubdate>
            <title>Conjunto de Datos Vectoriales Topográficos escala 1:4,000,000</title>
            <geoform>Vector digital data</geoform>
            <pubinfo>
              <pubplace/>
              <publish>Instituto Nacional de Estadística, Geografía e Informática (INEGI)</publish>
            </pubinfo>
          </citeinfo>
        </srccite>
        <srcscale>4000000</srcscale>
        <typesrc>CD-ROM</typesrc>
        <srctime>
          <timeinfo>
            <rngdates>
              <begdate>19930101</begdate>
              <enddate>19970401</enddate>
            </rngdates>
          </timeinfo>
          <srccurr>Ground condition</srccurr>
        </srctime>
        <srccitea>4M Mexico</srccitea>
        <srccontr>Spatial and attribute information</srccontr>
      </srcinfo>
      <srcinfo>
        <srccite>
          <citeinfo>
            <origin/>
            <pubdate>20000101</pubdate>
            <title>North America, National Atlas of Canada Reference Map Series</title>
            <geoform>Vector digital data</geoform>
            <pubinfo>
              <pubplace/>
              <publish>Government of Canada, Natural Resources Canada, Canada Centre for Remote Sensing, The Atlas of Canada</publish>
            </pubinfo>
          </citeinfo>
        </srccite>
        <srcscale>10000000</srcscale>
        <typesrc>onLine</typesrc>
        <srctime>
          <timeinfo>
            <sngdate>
              <caldate>20000101</caldate>
            </sngdate>
          </timeinfo>
          <srccurr>Ground condition</srccurr>
        </srctime>
        <srccitea>North America Reference</srccitea>
        <srccontr>Spatial information</srccontr>
      </srcinfo>
      <srcinfo>
        <srccite>
          <citeinfo>
            <origin/>
            <pubdate>20020101</pubdate>
            <title>1:6,000,000 National Atlas Reference Map Series - Boundaries</title>
            <geoform>Vector digital data</geoform>
            <pubinfo>
              <pubplace/>
              <publish>Government of Canada, Natural Resources Canada, Canada Centre for Remote Sensing, The Atlas of Canada</publish>
            </pubinfo>
          </citeinfo>
        </srccite>
        <srcscale>6000000</srcscale>
        <typesrc>onLine</typesrc>
        <srctime>
          <timeinfo>
            <sngdate>
              <caldate>20020101</caldate>
            </sngdate>
          </timeinfo>
          <srccurr>Ground condition</srccurr>
        </srctime>
        <srccitea>6M CA Bdy</srccitea>
        <srccontr>Spatial and attribute information</srccontr>
      </srcinfo>
      <procstep>
        <procdesc>Linework from the 1:6,000,000 Atlas of Canada boundary file was fitted to the North America Atlas - Hydrography layer. The attribute for the country was added to the data.</procdesc>
        <srcused>6M CA Bdy</srcused>
        <srcused>NAA Hydro</srcused>
        <procdate>20030101</procdate>
      </procstep>
      <procstep>
        <procdesc>Linework from the 1:4,000,000 Topographical Dataset for Mexico was fitted to the North America Atlas - Hydrography layer. The attribute for the country was added to the data.</procdesc>
        <srcused>4M Mexico</srcused>
        <srcused>NAA Hydro</srcused>
        <procdate>20030101</procdate>
      </procstep>
      <procstep>
        <procdesc>Linework from the 1:5,000,000 United States General Reference Map was fitted to the North America Atlas - Hydrography layer. The attribute for the country was added to the data.</procdesc>
        <srcused>5M USA Bdy</srcused>
        <srcused>NAA Hydro</srcused>
        <procdate>20030101</procdate>
      </procstep>
      <procstep>
        <procdesc>Boundaries for regions outside Canada, Mexico, and the United States of America were compiled from the 1:10,000,000 North America, National Atlas of Canada Reference Map Series data set. Linework was fitted to the North America Atlas - Hydrograph y layer. The attribute for foreign country was added to the data.</procdesc>
        <srcused>North America Reference</srcused>
        <srcused>NAA Hydro</srcused>
        <procdate>20040101</procdate>
      </procstep>
      <procstep>
        <procdesc>Linework was cartographically adjusted along country boundaries to ensure correct connection of adjacent boundaries and attributes were added.</procdesc>
        <procdate>20040101</procdate>
      </procstep>
      <procstep>
        <procdesc>Because the linework came from four different sources and scales, a final cartographic review was done to the full boundary file to ensure cartographic compatibility at 1:10,000,000 scale. Each country then performed a final cartographic check to verify the selection and position of the linework. The attributes were also verified.</procdesc>
        <procdate>20040101</procdate>
      </procstep>
    </lineage>
  </dataqual>
  <spdoinfo>
    <direct>Vector</direct>
    <ptvctinf>
      <sdtsterm>
        <sdtstype>GT-polygon composed of chains</sdtstype>
        <ptvctcnt>1351</ptvctcnt>
      </sdtsterm>
    </ptvctinf>
  </spdoinfo>
  <eainfo>
    <detailed>
      <enttyp>
        <enttypl>bound2</enttypl>
        <enttypd>
The limiting line of jurisdictional authority for various levels of 
government, or the International Date Line. 
</enttypd>
        <enttypds>North American Atlas GIS Group</enttypds>
      </enttyp>
      <attr>
        <attrlabl>FID</attrlabl>
        <attrdef>Internal feature number.</attrdef>
        <attrdefs>Esri</attrdefs>
        <attrdomv>
          <udom>Sequential unique whole numbers that are automatically generated.</udom>
        </attrdomv>
      </attr>
      <attr>
        <attrlabl>OBJECTID</attrlabl>
        <attrdef>Internal feature number.</attrdef>
        <attrdefs>Esri</attrdefs>
        <attrdomv>
          <udom>Sequential unique whole numbers that are automatically generated.</udom>
        </attrdomv>
      </attr>
      <attr>
        <attrlabl>Shape</attrlabl>
        <attrdef>Feature geometry.</attrdef>
        <attrdefs>Esri</attrdefs>
        <attrdomv>
          <udom>Coordinates defining the features.</udom>
        </attrdomv>
      </attr>
      <attr>
        <attrlabl>BOUND_P_</attrlabl>
      </attr>
      <attr>
        <attrlabl>UIDENT</attrlabl>
        <attrdef>
The unique identifier.  A unique number that is assigned to each feature 
in the North American Atlas data.  The last two digits of the identifier 
are a suffix indicating the map layer. 
</attrdef>
        <attrdefs>North American Atlas GIS Group</attrdefs>
        <attrdomv>
          <rdom>
            <rdommin>103</rdommin>
            <rdommax>32003</rdommax>
          </rdom>
        </attrdomv>
      </attr>
      <attr>
        <attrlabl>NAME</attrlabl>
      </attr>
      <attr>
        <attrlabl>Country</attrlabl>
        <attrdef>The country in which the jurisdictional boundary line exists.</attrdef>
        <attrdefs>North American Atlas GIS Group</attrdefs>
        <attrdomv>
          <edom>
            <edomv>CAN</edomv>
            <edomvd>The boundary line is in Canada.</edomvd>
            <edomvds>North American Atlas GIS Group</edomvds>
          </edom>
        </attrdomv>
        <attrdomv>
          <edom>
            <edomv>MEX</edomv>
            <edomvd>The boundary line is in Mexico.</edomvd>
            <edomvds>North American Atlas GIS Group</edomvds>
          </edom>
        </attrdomv>
        <attrdomv>
          <edom>
            <edomv>USA</edomv>
            <edomvd>The boundary line is in the United States of America.</edomvd>
            <edomvds>North American Atlas GIS Group</edomvds>
          </edom>
        </attrdomv>
        <attrdomv>
          <edom>
            <edomv>FN</edomv>
            <edomvd>
The boundary line is outside of Canada, Mexico, and the United 
States of America. 
</edomvd>
            <edomvds>North American Atlas GIS Group</edomvds>
          </edom>
        </attrdomv>
      </attr>
      <attr>
        <attrlabl>STATEABB</attrlabl>
      </attr>
      <attr>
        <attrlabl>Shape_Leng</attrlabl>
      </attr>
      <attr>
        <attrlabl>Shape_Area</attrlabl>
        <attrdef>Area of feature in internal units squared.</attrdef>
        <attrdefs>Esri</attrdefs>
        <attrdomv>
          <udom>Positive real numbers that are automatically generated.</udom>
        </attrdomv>
      </attr>
    </detailed>
    <detailed>
      <enttyp>
        <enttypl>Jurisdictional area</enttypl>
        <enttypd>An area for which one level of government has jurisdictional authority.</enttypd>
        <enttypds>North American Atlas GIS Group</enttypds>
      </enttyp>
      <attr>
        <attrlabl>UIDENT</attrlabl>
        <attrdef>
The unique identifier.  A unique number that is assigned to each feature 
in the North American Atlas data.  The last two digits of the identifier 
are a suffix indicating the map layer. 
</attrdef>
        <attrdefs>North American Atlas GIS Group</attrdefs>
        <attrdomv>
          <rdom>
            <rdommin>104</rdommin>
            <rdommax>181704</rdommax>
          </rdom>
        </attrdomv>
      </attr>
      <attr>
        <attrlabl>Name</attrlabl>
        <attrdef>The official name of the area.</attrdef>
        <attrdefs>North American Atlas GIS Group</attrdefs>
        <attrdomv>
          <codesetd>
            <codesetn>The Canadian Geographical Names Data Base</codesetn>
            <codesets>The Canadian Permanent Committee on Geographical Names</codesets>
          </codesetd>
        </attrdomv>
        <attrdomv>
          <codesetd>
            <codesetn>Toponymic data set 1:4,000,000</codesetn>
            <codesets>Instituto Nacional de Estadística Geografía e Informática (INEGI)</codesets>
          </codesetd>
        </attrdomv>
        <attrdomv>
          <codesetd>
            <codesetn>Geographic Names Information System</codesetn>
            <codesets>U.S. Board on Geographic Names</codesets>
          </codesetd>
        </attrdomv>
      </attr>
      <attr>
        <attrlabl>Country</attrlabl>
        <attrdef>The country in which the jurisdictional area exists.</attrdef>
        <attrdefs>North American Atlas GIS Group</attrdefs>
        <attrdomv>
          <edom>
            <edomv>CAN</edomv>
            <edomvd>The area is in Canada.</edomvd>
            <edomvds>North American Atlas GIS Group</edomvds>
          </edom>
        </attrdomv>
        <attrdomv>
          <edom>
            <edomv>MEX</edomv>
            <edomvd>The area is in Mexico.</edomvd>
            <edomvds>North American Atlas GIS Group</edomvds>
          </edom>
        </attrdomv>
        <attrdomv>
          <edom>
            <edomv>USA</edomv>
            <edomvd>The area is in the United States of America.</edomvd>
            <edomvds>North American Atlas GIS Group</edomvds>
          </edom>
        </attrdomv>
        <attrdomv>
          <edom>
            <edomv>FN</edomv>
            <edomvd>
The area is outside of Canada, Mexico, and the United States of 
America. 
</edomvd>
            <edomvds>North American Atlas GIS Group</edomvds>
          </edom>
        </attrdomv>
      </attr>
      <attr>
        <attrlabl>StateAbb</attrlabl>
        <attrdef>
The International Organization for Standards (ISO) code for the State, 
Province,or Territory.  The code consists of a two-character country code 
followed by a two or three character State, Province, or Territory code. 
</attrdef>
        <attrdefs>North American Atlas GIS Group</attrdefs>
        <attrdomv>
          <codesetd>
            <codesetn>ISO 3166-2 codes for Canada</codesetn>
            <codesets>http://encyclopedia.thefreedictionary.com/ISO%203166-2%20codes%20for%20Canada</codesets>
          </codesetd>
        </attrdomv>
        <attrdomv>
          <codesetd>
            <codesetn>ISO 3166-2 codes for Mexico</codesetn>
            <codesets>http://encyclopedia.thefreedictionary.com/ISO%203166-2%20codes%20for%20Mexico</codesets>
          </codesetd>
        </attrdomv>
        <attrdomv>
          <codesetd>
            <codesetn>ISO 3166-2 codes for the United States</codesetn>
            <codesets>http://encyclopedia.thefreedictionary.com/ISO+3166-2+codes+for+the+United+States</codesets>
          </codesetd>
        </attrdomv>
      </attr>
    </detailed>
  </eainfo>
  <distinfo>
    <distrib>
      <cntinfo>
        <cntorgp>
          <cntorg>Stanford Geospatial Center</cntorg>
        </cntorgp>
        <cntaddr>
          <addrtype>physical</addrtype>
          <address>Branner Earth Sciences Library</address>
          <address>Mitchell Building, 2nd Floor</address>
          <address>397 Panama Mall</address>
          <city>Stanford</city>
          <state>California</state>
          <postal>94305</postal>
        </cntaddr>
        <cntvoice>650-723-2746</cntvoice>
        <cntemail>brannerlibrary@stanford.edu</cntemail>
      </cntinfo>
    </distrib>
    <distliab>Although these data have been processed successfully on computer systems at Natural Resources Canada, Instituto Nacional de Estadística Geografía e Informática, and the U.S. Geological Survey, no warranty expressed or implied is made by these agencies regarding the utility of the data on any other system, nor shall the act of distribution constitute any such warranty. No responsibility is assumed by these agencies in the use of these data.</distliab>
  </distinfo>
  <metainfo>
    <metd>20170104</metd>
    <metc>
      <cntinfo>
        <cntorgp>
          <cntorg>U.S. Geological Survey</cntorg>
          <cntper>Peg Rawson</cntper>
        </cntorgp>
        <cntaddr>
          <addrtype>mailing</addrtype>
          <address>561 National Center</address>
          <city>Reston</city>
          <state>Virginia</state>
          <postal>20192</postal>
          <country>US</country>
        </cntaddr>
        <cntvoice>703 648 4183</cntvoice>
        <cntemail>atlasmail@usgs.gov</cntemail>
      </cntinfo>
    </metc>
    <metstdn>FGDC Content Standard for Digital Geospatial Metadata</metstdn>
    <metstdv>FGDC-STD-001-1998</metstdv>
    <mettc>local time</mettc>
    <metsi>
      <metscs>None</metscs>
      <metsc>Unclassified</metsc>
      <metshd>None</metshd>
    </metsi>
  </metainfo>
</metadata>
