<?xml version="1.0" encoding="utf-8"?>
<gfc:FC_FeatureCatalogue xmlns:xsi="http://www.w3.org/2001/XMLSchema-instance" xmlns:gco="http://www.isotc211.org/2005/gco" xmlns:gfc="http://www.isotc211.org/2005/gfc" xmlns:gmd="http://www.isotc211.org/2005/gmd" xmlns:gmx="http://www.isotc211.org/2005/gmx" xmlns:gml="http://www.opengis.net/gml/3.2" xmlns:xlink="http://www.w3.org/1999/xlink" xmlns="http://www.isotc211.org/2005/gfc" xsi:schemaLocation="http://www.isotc211.org/2005/gfc http://www.isotc211.org/2005/gfc/gfc.xsd" uuid="32c96869-c0c1-416a-9f2d-3123d2e45458">
  <gmx:name>
    <gco:CharacterString>Feature catalog for USGS Small-scale Dataset - North American Atlas - Political Boundaries 200406 ArcExport</gco:CharacterString>
  </gmx:name>
  <gmx:scope>
    <gco:CharacterString>Territorial boundaries; International Date Line; Provinces; International boundaries; States; Countries</gco:CharacterString>
  </gmx:scope>
  <gmx:versionNumber gco:nilReason="unknown"/>
  <gmx:versionDate>
    <gco:Date>2004</gco:Date>
  </gmx:versionDate>
  <gmx:language>
    <gco:CharacterString>eng; US</gco:CharacterString>
  </gmx:language>
  <gmx:characterSet>
    <gmd:MD_CharacterSetCode codeList="http://www.isotc211.org/2005/resources/Codelist/gmxCodelists.xml#MD_CharacterSetCode" codeListValue="utf8" codeSpace="ISOTC211/19115"/>
  </gmx:characterSet>
  <gfc:featureType>
    <gfc:FC_FeatureType>
      <gfc:typeName>
        <gco:LocalName>bound2</gco:LocalName>
      </gfc:typeName>
      <gfc:definition>
        <gco:CharacterString>
The limiting line of jurisdictional authority for various levels of 
government, or the International Date Line. 
</gco:CharacterString>
      </gfc:definition>
      <gfc:isAbstract>
        <gco:Boolean>false</gco:Boolean>
      </gfc:isAbstract>
      <gfc:featureCatalogue uuidref="32c96869-c0c1-416a-9f2d-3123d2e45458"/>
      <gfc:carrierOfCharacteristics>
        <gfc:FC_FeatureAttribute>
          <gfc:memberName>
            <gco:LocalName>FID</gco:LocalName>
          </gfc:memberName>
          <gfc:definition>
            <gco:CharacterString>Internal feature number.</gco:CharacterString>
          </gfc:definition>
          <gfc:cardinality gco:nilReason="unknown"/>
          <gfc:definitionReference>
            <gfc:FC_DefinitionReference>
              <gfc:definitionSource>
                <gfc:FC_DefinitionSource>
                  <gfc:source>
                    <gmd:CI_Citation>
                      <gmd:title>
                        <gco:CharacterString>Esri</gco:CharacterString>
                      </gmd:title>
                      <gmd:date gco:nilReason="unknown"/>
                      <gmd:citedResponsibleParty>
                        <gmd:CI_ResponsibleParty>
                          <gmd:organisationName>
                            <gco:CharacterString>Esri</gco:CharacterString>
                          </gmd:organisationName>
                          <gmd:role>
                            <gmd:CI_RoleCode codeList="http://www.isotc211.org/2005/resources/Codelist/gmxCodelists.xml#CI_RoleCode" codeListValue="resourceProvider" codeSpace="001"/>
                          </gmd:role>
                        </gmd:CI_ResponsibleParty>
                      </gmd:citedResponsibleParty>
                    </gmd:CI_Citation>
                  </gfc:source>
                </gfc:FC_DefinitionSource>
              </gfc:definitionSource>
            </gfc:FC_DefinitionReference>
          </gfc:definitionReference>
          <gfc:valueType>
            <gco:TypeName>
              <gco:aName>
                <gco:CharacterString>OID</gco:CharacterString>
              </gco:aName>
            </gco:TypeName>
          </gfc:valueType>
        </gfc:FC_FeatureAttribute>
      </gfc:carrierOfCharacteristics>
      <gfc:carrierOfCharacteristics>
        <gfc:FC_FeatureAttribute>
          <gfc:memberName>
            <gco:LocalName>OBJECTID</gco:LocalName>
          </gfc:memberName>
          <gfc:definition>
            <gco:CharacterString>Internal feature number.</gco:CharacterString>
          </gfc:definition>
          <gfc:cardinality gco:nilReason="unknown"/>
          <gfc:definitionReference>
            <gfc:FC_DefinitionReference>
              <gfc:definitionSource>
                <gfc:FC_DefinitionSource>
                  <gfc:source>
                    <gmd:CI_Citation>
                      <gmd:title>
                        <gco:CharacterString>Esri</gco:CharacterString>
                      </gmd:title>
                      <gmd:date gco:nilReason="unknown"/>
                      <gmd:citedResponsibleParty>
                        <gmd:CI_ResponsibleParty>
                          <gmd:organisationName>
                            <gco:CharacterString>Esri</gco:CharacterString>
                          </gmd:organisationName>
                          <gmd:role>
                            <gmd:CI_RoleCode codeList="http://www.isotc211.org/2005/resources/Codelist/gmxCodelists.xml#CI_RoleCode" codeListValue="resourceProvider" codeSpace="001"/>
                          </gmd:role>
                        </gmd:CI_ResponsibleParty>
                      </gmd:citedResponsibleParty>
                    </gmd:CI_Citation>
                  </gfc:source>
                </gfc:FC_DefinitionSource>
              </gfc:definitionSource>
            </gfc:FC_DefinitionReference>
          </gfc:definitionReference>
          <gfc:valueType>
            <gco:TypeName>
              <gco:aName>
                <gco:CharacterString>Integer</gco:CharacterString>
              </gco:aName>
            </gco:TypeName>
          </gfc:valueType>
        </gfc:FC_FeatureAttribute>
      </gfc:carrierOfCharacteristics>
      <gfc:carrierOfCharacteristics>
        <gfc:FC_FeatureAttribute>
          <gfc:memberName>
            <gco:LocalName>Shape</gco:LocalName>
          </gfc:memberName>
          <gfc:definition>
            <gco:CharacterString>Feature geometry.</gco:CharacterString>
          </gfc:definition>
          <gfc:cardinality gco:nilReason="unknown"/>
          <gfc:definitionReference>
            <gfc:FC_DefinitionReference>
              <gfc:definitionSource>
                <gfc:FC_DefinitionSource>
                  <gfc:source>
                    <gmd:CI_Citation>
                      <gmd:title>
                        <gco:CharacterString>Esri</gco:CharacterString>
                      </gmd:title>
                      <gmd:date gco:nilReason="unknown"/>
                      <gmd:citedResponsibleParty>
                        <gmd:CI_ResponsibleParty>
                          <gmd:organisationName>
                            <gco:CharacterString>Esri</gco:CharacterString>
                          </gmd:organisationName>
                          <gmd:role>
                            <gmd:CI_RoleCode codeList="http://www.isotc211.org/2005/resources/Codelist/gmxCodelists.xml#CI_RoleCode" codeListValue="resourceProvider" codeSpace="001"/>
                          </gmd:role>
                        </gmd:CI_ResponsibleParty>
                      </gmd:citedResponsibleParty>
                    </gmd:CI_Citation>
                  </gfc:source>
                </gfc:FC_DefinitionSource>
              </gfc:definitionSource>
            </gfc:FC_DefinitionReference>
          </gfc:definitionReference>
          <gfc:valueType>
            <gco:TypeName>
              <gco:aName>
                <gco:CharacterString>Geometry</gco:CharacterString>
              </gco:aName>
            </gco:TypeName>
          </gfc:valueType>
        </gfc:FC_FeatureAttribute>
      </gfc:carrierOfCharacteristics>
      <gfc:carrierOfCharacteristics>
        <gfc:FC_FeatureAttribute>
          <gfc:memberName>
            <gco:LocalName>BOUND_P_</gco:LocalName>
          </gfc:memberName>
          <gfc:cardinality gco:nilReason="unknown"/>
          <gfc:valueType>
            <gco:TypeName>
              <gco:aName>
                <gco:CharacterString>Double</gco:CharacterString>
              </gco:aName>
            </gco:TypeName>
          </gfc:valueType>
        </gfc:FC_FeatureAttribute>
      </gfc:carrierOfCharacteristics>
      <gfc:carrierOfCharacteristics>
        <gfc:FC_FeatureAttribute>
          <gfc:memberName>
            <gco:LocalName>UIDENT</gco:LocalName>
          </gfc:memberName>
          <gfc:definition>
            <gco:CharacterString>
The unique identifier.  A unique number that is assigned to each feature 
in the North American Atlas data.  The last two digits of the identifier 
are a suffix indicating the map layer. 
</gco:CharacterString>
          </gfc:definition>
          <gfc:cardinality gco:nilReason="unknown"/>
          <gfc:definitionReference>
            <gfc:FC_DefinitionReference>
              <gfc:definitionSource>
                <gfc:FC_DefinitionSource>
                  <gfc:source>
                    <gmd:CI_Citation>
                      <gmd:title>
                        <gco:CharacterString>North American Atlas GIS Group</gco:CharacterString>
                      </gmd:title>
                      <gmd:date gco:nilReason="unknown"/>
                      <gmd:citedResponsibleParty>
                        <gmd:CI_ResponsibleParty>
                          <gmd:organisationName>
                            <gco:CharacterString>North American Atlas GIS Group</gco:CharacterString>
                          </gmd:organisationName>
                          <gmd:role>
                            <gmd:CI_RoleCode codeList="http://www.isotc211.org/2005/resources/Codelist/gmxCodelists.xml#CI_RoleCode" codeListValue="resourceProvider" codeSpace="001"/>
                          </gmd:role>
                        </gmd:CI_ResponsibleParty>
                      </gmd:citedResponsibleParty>
                    </gmd:CI_Citation>
                  </gfc:source>
                </gfc:FC_DefinitionSource>
              </gfc:definitionSource>
            </gfc:FC_DefinitionReference>
          </gfc:definitionReference>
          <gfc:valueType>
            <gco:TypeName>
              <gco:aName>
                <gco:CharacterString>Double</gco:CharacterString>
              </gco:aName>
            </gco:TypeName>
          </gfc:valueType>
        </gfc:FC_FeatureAttribute>
      </gfc:carrierOfCharacteristics>
      <gfc:carrierOfCharacteristics>
        <gfc:FC_FeatureAttribute>
          <gfc:memberName>
            <gco:LocalName>NAME</gco:LocalName>
          </gfc:memberName>
          <gfc:cardinality gco:nilReason="unknown"/>
          <gfc:valueType>
            <gco:TypeName>
              <gco:aName>
                <gco:CharacterString>String</gco:CharacterString>
              </gco:aName>
            </gco:TypeName>
          </gfc:valueType>
        </gfc:FC_FeatureAttribute>
      </gfc:carrierOfCharacteristics>
      <gfc:carrierOfCharacteristics>
        <gfc:FC_FeatureAttribute>
          <gfc:memberName>
            <gco:LocalName>Country</gco:LocalName>
          </gfc:memberName>
          <gfc:definition>
            <gco:CharacterString>The country in which the jurisdictional boundary line exists.</gco:CharacterString>
          </gfc:definition>
          <gfc:cardinality gco:nilReason="unknown"/>
          <gfc:definitionReference>
            <gfc:FC_DefinitionReference>
              <gfc:definitionSource>
                <gfc:FC_DefinitionSource>
                  <gfc:source>
                    <gmd:CI_Citation>
                      <gmd:title>
                        <gco:CharacterString>North American Atlas GIS Group</gco:CharacterString>
                      </gmd:title>
                      <gmd:date gco:nilReason="unknown"/>
                      <gmd:citedResponsibleParty>
                        <gmd:CI_ResponsibleParty>
                          <gmd:organisationName>
                            <gco:CharacterString>North American Atlas GIS Group</gco:CharacterString>
                          </gmd:organisationName>
                          <gmd:role>
                            <gmd:CI_RoleCode codeList="http://www.isotc211.org/2005/resources/Codelist/gmxCodelists.xml#CI_RoleCode" codeListValue="resourceProvider" codeSpace="001"/>
                          </gmd:role>
                        </gmd:CI_ResponsibleParty>
                      </gmd:citedResponsibleParty>
                    </gmd:CI_Citation>
                  </gfc:source>
                </gfc:FC_DefinitionSource>
              </gfc:definitionSource>
            </gfc:FC_DefinitionReference>
          </gfc:definitionReference>
          <gfc:valueType>
            <gco:TypeName>
              <gco:aName>
                <gco:CharacterString>String</gco:CharacterString>
              </gco:aName>
            </gco:TypeName>
          </gfc:valueType>
          <gfc:listedValue>
            <gfc:FC_ListedValue>
              <gfc:label>
                <gco:CharacterString>CAN</gco:CharacterString>
              </gfc:label>
              <gfc:definition>
                <gco:CharacterString>The boundary line is in Canada.</gco:CharacterString>
              </gfc:definition>
              <gfc:definitionReference>
                <gfc:FC_DefinitionReference>
                  <gfc:definitionSource>
                    <gfc:FC_DefinitionSource>
                      <gfc:source>
                        <gmd:CI_Citation>
                          <gmd:title>
                            <gco:CharacterString>North American Atlas GIS Group</gco:CharacterString>
                          </gmd:title>
                          <gmd:date gco:nilReason="unknown"/>
                          <gmd:citedResponsibleParty>
                            <gmd:CI_ResponsibleParty>
                              <gmd:organisationName>
                                <gco:CharacterString>North American Atlas GIS Group</gco:CharacterString>
                              </gmd:organisationName>
                              <gmd:role>
                                <gmd:CI_RoleCode codeList="http://www.isotc211.org/2005/resources/Codelist/gmxCodelists.xml#CI_RoleCode" codeListValue="resourceProvider" codeSpace="001"/>
                              </gmd:role>
                            </gmd:CI_ResponsibleParty>
                          </gmd:citedResponsibleParty>
                        </gmd:CI_Citation>
                      </gfc:source>
                    </gfc:FC_DefinitionSource>
                  </gfc:definitionSource>
                </gfc:FC_DefinitionReference>
              </gfc:definitionReference>
            </gfc:FC_ListedValue>
          </gfc:listedValue>
          <gfc:listedValue>
            <gfc:FC_ListedValue>
              <gfc:label>
                <gco:CharacterString>MEX</gco:CharacterString>
              </gfc:label>
              <gfc:definition>
                <gco:CharacterString>The boundary line is in Mexico.</gco:CharacterString>
              </gfc:definition>
              <gfc:definitionReference>
                <gfc:FC_DefinitionReference>
                  <gfc:definitionSource>
                    <gfc:FC_DefinitionSource>
                      <gfc:source>
                        <gmd:CI_Citation>
                          <gmd:title>
                            <gco:CharacterString>North American Atlas GIS Group</gco:CharacterString>
                          </gmd:title>
                          <gmd:date gco:nilReason="unknown"/>
                          <gmd:citedResponsibleParty>
                            <gmd:CI_ResponsibleParty>
                              <gmd:organisationName>
                                <gco:CharacterString>North American Atlas GIS Group</gco:CharacterString>
                              </gmd:organisationName>
                              <gmd:role>
                                <gmd:CI_RoleCode codeList="http://www.isotc211.org/2005/resources/Codelist/gmxCodelists.xml#CI_RoleCode" codeListValue="resourceProvider" codeSpace="001"/>
                              </gmd:role>
                            </gmd:CI_ResponsibleParty>
                          </gmd:citedResponsibleParty>
                        </gmd:CI_Citation>
                      </gfc:source>
                    </gfc:FC_DefinitionSource>
                  </gfc:definitionSource>
                </gfc:FC_DefinitionReference>
              </gfc:definitionReference>
            </gfc:FC_ListedValue>
          </gfc:listedValue>
          <gfc:listedValue>
            <gfc:FC_ListedValue>
              <gfc:label>
                <gco:CharacterString>USA</gco:CharacterString>
              </gfc:label>
              <gfc:definition>
                <gco:CharacterString>The boundary line is in the United States of America.</gco:CharacterString>
              </gfc:definition>
              <gfc:definitionReference>
                <gfc:FC_DefinitionReference>
                  <gfc:definitionSource>
                    <gfc:FC_DefinitionSource>
                      <gfc:source>
                        <gmd:CI_Citation>
                          <gmd:title>
                            <gco:CharacterString>North American Atlas GIS Group</gco:CharacterString>
                          </gmd:title>
                          <gmd:date gco:nilReason="unknown"/>
                          <gmd:citedResponsibleParty>
                            <gmd:CI_ResponsibleParty>
                              <gmd:organisationName>
                                <gco:CharacterString>North American Atlas GIS Group</gco:CharacterString>
                              </gmd:organisationName>
                              <gmd:role>
                                <gmd:CI_RoleCode codeList="http://www.isotc211.org/2005/resources/Codelist/gmxCodelists.xml#CI_RoleCode" codeListValue="resourceProvider" codeSpace="001"/>
                              </gmd:role>
                            </gmd:CI_ResponsibleParty>
                          </gmd:citedResponsibleParty>
                        </gmd:CI_Citation>
                      </gfc:source>
                    </gfc:FC_DefinitionSource>
                  </gfc:definitionSource>
                </gfc:FC_DefinitionReference>
              </gfc:definitionReference>
            </gfc:FC_ListedValue>
          </gfc:listedValue>
          <gfc:listedValue>
            <gfc:FC_ListedValue>
              <gfc:label>
                <gco:CharacterString>FN</gco:CharacterString>
              </gfc:label>
              <gfc:definition>
                <gco:CharacterString>
The boundary line is outside of Canada, Mexico, and the United 
States of America. 
</gco:CharacterString>
              </gfc:definition>
              <gfc:definitionReference>
                <gfc:FC_DefinitionReference>
                  <gfc:definitionSource>
                    <gfc:FC_DefinitionSource>
                      <gfc:source>
                        <gmd:CI_Citation>
                          <gmd:title>
                            <gco:CharacterString>North American Atlas GIS Group</gco:CharacterString>
                          </gmd:title>
                          <gmd:date gco:nilReason="unknown"/>
                          <gmd:citedResponsibleParty>
                            <gmd:CI_ResponsibleParty>
                              <gmd:organisationName>
                                <gco:CharacterString>North American Atlas GIS Group</gco:CharacterString>
                              </gmd:organisationName>
                              <gmd:role>
                                <gmd:CI_RoleCode codeList="http://www.isotc211.org/2005/resources/Codelist/gmxCodelists.xml#CI_RoleCode" codeListValue="resourceProvider" codeSpace="001"/>
                              </gmd:role>
                            </gmd:CI_ResponsibleParty>
                          </gmd:citedResponsibleParty>
                        </gmd:CI_Citation>
                      </gfc:source>
                    </gfc:FC_DefinitionSource>
                  </gfc:definitionSource>
                </gfc:FC_DefinitionReference>
              </gfc:definitionReference>
            </gfc:FC_ListedValue>
          </gfc:listedValue>
        </gfc:FC_FeatureAttribute>
      </gfc:carrierOfCharacteristics>
      <gfc:carrierOfCharacteristics>
        <gfc:FC_FeatureAttribute>
          <gfc:memberName>
            <gco:LocalName>STATEABB</gco:LocalName>
          </gfc:memberName>
          <gfc:cardinality gco:nilReason="unknown"/>
          <gfc:valueType>
            <gco:TypeName>
              <gco:aName>
                <gco:CharacterString>String</gco:CharacterString>
              </gco:aName>
            </gco:TypeName>
          </gfc:valueType>
        </gfc:FC_FeatureAttribute>
      </gfc:carrierOfCharacteristics>
      <gfc:carrierOfCharacteristics>
        <gfc:FC_FeatureAttribute>
          <gfc:memberName>
            <gco:LocalName>Shape_Leng</gco:LocalName>
          </gfc:memberName>
          <gfc:cardinality gco:nilReason="unknown"/>
          <gfc:valueType>
            <gco:TypeName>
              <gco:aName>
                <gco:CharacterString>Double</gco:CharacterString>
              </gco:aName>
            </gco:TypeName>
          </gfc:valueType>
        </gfc:FC_FeatureAttribute>
      </gfc:carrierOfCharacteristics>
      <gfc:carrierOfCharacteristics>
        <gfc:FC_FeatureAttribute>
          <gfc:memberName>
            <gco:LocalName>Shape_Area</gco:LocalName>
          </gfc:memberName>
          <gfc:definition>
            <gco:CharacterString>Area of feature in internal units squared.</gco:CharacterString>
          </gfc:definition>
          <gfc:cardinality gco:nilReason="unknown"/>
          <gfc:definitionReference>
            <gfc:FC_DefinitionReference>
              <gfc:definitionSource>
                <gfc:FC_DefinitionSource>
                  <gfc:source>
                    <gmd:CI_Citation>
                      <gmd:title>
                        <gco:CharacterString>Esri</gco:CharacterString>
                      </gmd:title>
                      <gmd:date gco:nilReason="unknown"/>
                      <gmd:citedResponsibleParty>
                        <gmd:CI_ResponsibleParty>
                          <gmd:organisationName>
                            <gco:CharacterString>Esri</gco:CharacterString>
                          </gmd:organisationName>
                          <gmd:role>
                            <gmd:CI_RoleCode codeList="http://www.isotc211.org/2005/resources/Codelist/gmxCodelists.xml#CI_RoleCode" codeListValue="resourceProvider" codeSpace="001"/>
                          </gmd:role>
                        </gmd:CI_ResponsibleParty>
                      </gmd:citedResponsibleParty>
                    </gmd:CI_Citation>
                  </gfc:source>
                </gfc:FC_DefinitionSource>
              </gfc:definitionSource>
            </gfc:FC_DefinitionReference>
          </gfc:definitionReference>
          <gfc:valueType>
            <gco:TypeName>
              <gco:aName>
                <gco:CharacterString>Double</gco:CharacterString>
              </gco:aName>
            </gco:TypeName>
          </gfc:valueType>
        </gfc:FC_FeatureAttribute>
      </gfc:carrierOfCharacteristics>
    </gfc:FC_FeatureType>
  </gfc:featureType>
  <gfc:featureType>
    <gfc:FC_FeatureType>
      <gfc:typeName>
        <gco:LocalName>Jurisdictional area</gco:LocalName>
      </gfc:typeName>
      <gfc:definition>
        <gco:CharacterString>An area for which one level of government has jurisdictional authority.</gco:CharacterString>
      </gfc:definition>
      <gfc:isAbstract>
        <gco:Boolean>false</gco:Boolean>
      </gfc:isAbstract>
      <gfc:featureCatalogue uuidref="32c96869-c0c1-416a-9f2d-3123d2e45458"/>
      <gfc:carrierOfCharacteristics>
        <gfc:FC_FeatureAttribute>
          <gfc:memberName>
            <gco:LocalName>UIDENT</gco:LocalName>
          </gfc:memberName>
          <gfc:definition>
            <gco:CharacterString>
The unique identifier.  A unique number that is assigned to each feature 
in the North American Atlas data.  The last two digits of the identifier 
are a suffix indicating the map layer. 
</gco:CharacterString>
          </gfc:definition>
          <gfc:cardinality gco:nilReason="unknown"/>
          <gfc:definitionReference>
            <gfc:FC_DefinitionReference>
              <gfc:definitionSource>
                <gfc:FC_DefinitionSource>
                  <gfc:source>
                    <gmd:CI_Citation>
                      <gmd:title>
                        <gco:CharacterString>North American Atlas GIS Group</gco:CharacterString>
                      </gmd:title>
                      <gmd:date gco:nilReason="unknown"/>
                      <gmd:citedResponsibleParty>
                        <gmd:CI_ResponsibleParty>
                          <gmd:organisationName>
                            <gco:CharacterString>North American Atlas GIS Group</gco:CharacterString>
                          </gmd:organisationName>
                          <gmd:role>
                            <gmd:CI_RoleCode codeList="http://www.isotc211.org/2005/resources/Codelist/gmxCodelists.xml#CI_RoleCode" codeListValue="resourceProvider" codeSpace="001"/>
                          </gmd:role>
                        </gmd:CI_ResponsibleParty>
                      </gmd:citedResponsibleParty>
                    </gmd:CI_Citation>
                  </gfc:source>
                </gfc:FC_DefinitionSource>
              </gfc:definitionSource>
            </gfc:FC_DefinitionReference>
          </gfc:definitionReference>
        </gfc:FC_FeatureAttribute>
      </gfc:carrierOfCharacteristics>
      <gfc:carrierOfCharacteristics>
        <gfc:FC_FeatureAttribute>
          <gfc:memberName>
            <gco:LocalName>Name</gco:LocalName>
          </gfc:memberName>
          <gfc:definition>
            <gco:CharacterString>The official name of the area.</gco:CharacterString>
          </gfc:definition>
          <gfc:cardinality gco:nilReason="unknown"/>
          <gfc:definitionReference>
            <gfc:FC_DefinitionReference>
              <gfc:definitionSource>
                <gfc:FC_DefinitionSource>
                  <gfc:source>
                    <gmd:CI_Citation>
                      <gmd:title>
                        <gco:CharacterString>North American Atlas GIS Group</gco:CharacterString>
                      </gmd:title>
                      <gmd:date gco:nilReason="unknown"/>
                      <gmd:citedResponsibleParty>
                        <gmd:CI_ResponsibleParty>
                          <gmd:organisationName>
                            <gco:CharacterString>North American Atlas GIS Group</gco:CharacterString>
                          </gmd:organisationName>
                          <gmd:role>
                            <gmd:CI_RoleCode codeList="http://www.isotc211.org/2005/resources/Codelist/gmxCodelists.xml#CI_RoleCode" codeListValue="resourceProvider" codeSpace="001"/>
                          </gmd:role>
                        </gmd:CI_ResponsibleParty>
                      </gmd:citedResponsibleParty>
                    </gmd:CI_Citation>
                  </gfc:source>
                </gfc:FC_DefinitionSource>
              </gfc:definitionSource>
            </gfc:FC_DefinitionReference>
          </gfc:definitionReference>
        </gfc:FC_FeatureAttribute>
      </gfc:carrierOfCharacteristics>
      <gfc:carrierOfCharacteristics>
        <gfc:FC_FeatureAttribute>
          <gfc:memberName>
            <gco:LocalName>Country</gco:LocalName>
          </gfc:memberName>
          <gfc:definition>
            <gco:CharacterString>The country in which the jurisdictional area exists.</gco:CharacterString>
          </gfc:definition>
          <gfc:cardinality gco:nilReason="unknown"/>
          <gfc:definitionReference>
            <gfc:FC_DefinitionReference>
              <gfc:definitionSource>
                <gfc:FC_DefinitionSource>
                  <gfc:source>
                    <gmd:CI_Citation>
                      <gmd:title>
                        <gco:CharacterString>North American Atlas GIS Group</gco:CharacterString>
                      </gmd:title>
                      <gmd:date gco:nilReason="unknown"/>
                      <gmd:citedResponsibleParty>
                        <gmd:CI_ResponsibleParty>
                          <gmd:organisationName>
                            <gco:CharacterString>North American Atlas GIS Group</gco:CharacterString>
                          </gmd:organisationName>
                          <gmd:role>
                            <gmd:CI_RoleCode codeList="http://www.isotc211.org/2005/resources/Codelist/gmxCodelists.xml#CI_RoleCode" codeListValue="resourceProvider" codeSpace="001"/>
                          </gmd:role>
                        </gmd:CI_ResponsibleParty>
                      </gmd:citedResponsibleParty>
                    </gmd:CI_Citation>
                  </gfc:source>
                </gfc:FC_DefinitionSource>
              </gfc:definitionSource>
            </gfc:FC_DefinitionReference>
          </gfc:definitionReference>
          <gfc:listedValue>
            <gfc:FC_ListedValue>
              <gfc:label>
                <gco:CharacterString>CAN</gco:CharacterString>
              </gfc:label>
              <gfc:definition>
                <gco:CharacterString>The area is in Canada.</gco:CharacterString>
              </gfc:definition>
              <gfc:definitionReference>
                <gfc:FC_DefinitionReference>
                  <gfc:definitionSource>
                    <gfc:FC_DefinitionSource>
                      <gfc:source>
                        <gmd:CI_Citation>
                          <gmd:title>
                            <gco:CharacterString>North American Atlas GIS Group</gco:CharacterString>
                          </gmd:title>
                          <gmd:date gco:nilReason="unknown"/>
                          <gmd:citedResponsibleParty>
                            <gmd:CI_ResponsibleParty>
                              <gmd:organisationName>
                                <gco:CharacterString>North American Atlas GIS Group</gco:CharacterString>
                              </gmd:organisationName>
                              <gmd:role>
                                <gmd:CI_RoleCode codeList="http://www.isotc211.org/2005/resources/Codelist/gmxCodelists.xml#CI_RoleCode" codeListValue="resourceProvider" codeSpace="001"/>
                              </gmd:role>
                            </gmd:CI_ResponsibleParty>
                          </gmd:citedResponsibleParty>
                        </gmd:CI_Citation>
                      </gfc:source>
                    </gfc:FC_DefinitionSource>
                  </gfc:definitionSource>
                </gfc:FC_DefinitionReference>
              </gfc:definitionReference>
            </gfc:FC_ListedValue>
          </gfc:listedValue>
          <gfc:listedValue>
            <gfc:FC_ListedValue>
              <gfc:label>
                <gco:CharacterString>MEX</gco:CharacterString>
              </gfc:label>
              <gfc:definition>
                <gco:CharacterString>The area is in Mexico.</gco:CharacterString>
              </gfc:definition>
              <gfc:definitionReference>
                <gfc:FC_DefinitionReference>
                  <gfc:definitionSource>
                    <gfc:FC_DefinitionSource>
                      <gfc:source>
                        <gmd:CI_Citation>
                          <gmd:title>
                            <gco:CharacterString>North American Atlas GIS Group</gco:CharacterString>
                          </gmd:title>
                          <gmd:date gco:nilReason="unknown"/>
                          <gmd:citedResponsibleParty>
                            <gmd:CI_ResponsibleParty>
                              <gmd:organisationName>
                                <gco:CharacterString>North American Atlas GIS Group</gco:CharacterString>
                              </gmd:organisationName>
                              <gmd:role>
                                <gmd:CI_RoleCode codeList="http://www.isotc211.org/2005/resources/Codelist/gmxCodelists.xml#CI_RoleCode" codeListValue="resourceProvider" codeSpace="001"/>
                              </gmd:role>
                            </gmd:CI_ResponsibleParty>
                          </gmd:citedResponsibleParty>
                        </gmd:CI_Citation>
                      </gfc:source>
                    </gfc:FC_DefinitionSource>
                  </gfc:definitionSource>
                </gfc:FC_DefinitionReference>
              </gfc:definitionReference>
            </gfc:FC_ListedValue>
          </gfc:listedValue>
          <gfc:listedValue>
            <gfc:FC_ListedValue>
              <gfc:label>
                <gco:CharacterString>USA</gco:CharacterString>
              </gfc:label>
              <gfc:definition>
                <gco:CharacterString>The area is in the United States of America.</gco:CharacterString>
              </gfc:definition>
              <gfc:definitionReference>
                <gfc:FC_DefinitionReference>
                  <gfc:definitionSource>
                    <gfc:FC_DefinitionSource>
                      <gfc:source>
                        <gmd:CI_Citation>
                          <gmd:title>
                            <gco:CharacterString>North American Atlas GIS Group</gco:CharacterString>
                          </gmd:title>
                          <gmd:date gco:nilReason="unknown"/>
                          <gmd:citedResponsibleParty>
                            <gmd:CI_ResponsibleParty>
                              <gmd:organisationName>
                                <gco:CharacterString>North American Atlas GIS Group</gco:CharacterString>
                              </gmd:organisationName>
                              <gmd:role>
                                <gmd:CI_RoleCode codeList="http://www.isotc211.org/2005/resources/Codelist/gmxCodelists.xml#CI_RoleCode" codeListValue="resourceProvider" codeSpace="001"/>
                              </gmd:role>
                            </gmd:CI_ResponsibleParty>
                          </gmd:citedResponsibleParty>
                        </gmd:CI_Citation>
                      </gfc:source>
                    </gfc:FC_DefinitionSource>
                  </gfc:definitionSource>
                </gfc:FC_DefinitionReference>
              </gfc:definitionReference>
            </gfc:FC_ListedValue>
          </gfc:listedValue>
          <gfc:listedValue>
            <gfc:FC_ListedValue>
              <gfc:label>
                <gco:CharacterString>FN</gco:CharacterString>
              </gfc:label>
              <gfc:definition>
                <gco:CharacterString>
The area is outside of Canada, Mexico, and the United States of 
America. 
</gco:CharacterString>
              </gfc:definition>
              <gfc:definitionReference>
                <gfc:FC_DefinitionReference>
                  <gfc:definitionSource>
                    <gfc:FC_DefinitionSource>
                      <gfc:source>
                        <gmd:CI_Citation>
                          <gmd:title>
                            <gco:CharacterString>North American Atlas GIS Group</gco:CharacterString>
                          </gmd:title>
                          <gmd:date gco:nilReason="unknown"/>
                          <gmd:citedResponsibleParty>
                            <gmd:CI_ResponsibleParty>
                              <gmd:organisationName>
                                <gco:CharacterString>North American Atlas GIS Group</gco:CharacterString>
                              </gmd:organisationName>
                              <gmd:role>
                                <gmd:CI_RoleCode codeList="http://www.isotc211.org/2005/resources/Codelist/gmxCodelists.xml#CI_RoleCode" codeListValue="resourceProvider" codeSpace="001"/>
                              </gmd:role>
                            </gmd:CI_ResponsibleParty>
                          </gmd:citedResponsibleParty>
                        </gmd:CI_Citation>
                      </gfc:source>
                    </gfc:FC_DefinitionSource>
                  </gfc:definitionSource>
                </gfc:FC_DefinitionReference>
              </gfc:definitionReference>
            </gfc:FC_ListedValue>
          </gfc:listedValue>
        </gfc:FC_FeatureAttribute>
      </gfc:carrierOfCharacteristics>
      <gfc:carrierOfCharacteristics>
        <gfc:FC_FeatureAttribute>
          <gfc:memberName>
            <gco:LocalName>StateAbb</gco:LocalName>
          </gfc:memberName>
          <gfc:definition>
            <gco:CharacterString>
The International Organization for Standards (ISO) code for the State, 
Province,or Territory.  The code consists of a two-character country code 
followed by a two or three character State, Province, or Territory code. 
</gco:CharacterString>
          </gfc:definition>
          <gfc:cardinality gco:nilReason="unknown"/>
          <gfc:definitionReference>
            <gfc:FC_DefinitionReference>
              <gfc:definitionSource>
                <gfc:FC_DefinitionSource>
                  <gfc:source>
                    <gmd:CI_Citation>
                      <gmd:title>
                        <gco:CharacterString>North American Atlas GIS Group</gco:CharacterString>
                      </gmd:title>
                      <gmd:date gco:nilReason="unknown"/>
                      <gmd:citedResponsibleParty>
                        <gmd:CI_ResponsibleParty>
                          <gmd:organisationName>
                            <gco:CharacterString>North American Atlas GIS Group</gco:CharacterString>
                          </gmd:organisationName>
                          <gmd:role>
                            <gmd:CI_RoleCode codeList="http://www.isotc211.org/2005/resources/Codelist/gmxCodelists.xml#CI_RoleCode" codeListValue="resourceProvider" codeSpace="001"/>
                          </gmd:role>
                        </gmd:CI_ResponsibleParty>
                      </gmd:citedResponsibleParty>
                    </gmd:CI_Citation>
                  </gfc:source>
                </gfc:FC_DefinitionSource>
              </gfc:definitionSource>
            </gfc:FC_DefinitionReference>
          </gfc:definitionReference>
        </gfc:FC_FeatureAttribute>
      </gfc:carrierOfCharacteristics>
    </gfc:FC_FeatureType>
  </gfc:featureType>
</gfc:FC_FeatureCatalogue>
