<?xml version="1.0" encoding="UTF-8"?>
<MD_Metadata xmlns="http://www.isotc211.org/2005/gmd" xmlns:gco="http://www.isotc211.org/2005/gco" xmlns:gts="http://www.isotc211.org/2005/gts" xmlns:srv="http://www.isotc211.org/2005/srv" xmlns:gml="http://www.opengis.net/gml" xmlns:xlink="http://www.w3.org/1999/xlink" xmlns:xsi="http://www.w3.org/2001/XMLSchema-instance">
  <fileIdentifier>
    <gco:CharacterString>edu.stanford.purl:ns372xw1938</gco:CharacterString>
  </fileIdentifier>
  <language>
    <LanguageCode codeList="http://www.loc.gov/standards/iso639-2/php/code_list.php" codeListValue="eng" codeSpace="ISO639-2">eng</LanguageCode>
  </language>
  <characterSet>
    <MD_CharacterSetCode codeList="http://www.isotc211.org/2005/resources/Codelist/gmxCodelists.xml#MD_CharacterSetCode" codeListValue="utf8" codeSpace="ISOTC211/19115">utf8</MD_CharacterSetCode>
  </characterSet>
  <parentIdentifier>
    <gco:CharacterString>http://purl.stanford.edu/cv275yx9215.mods</gco:CharacterString>
  </parentIdentifier>
  <hierarchyLevel>
    <MD_ScopeCode codeList="http://www.isotc211.org/2005/resources/Codelist/gmxCodelists.xml#MD_ScopeCode" codeListValue="dataset" codeSpace="ISOTC211/19115">dataset</MD_ScopeCode>
  </hierarchyLevel>
  <hierarchyLevelName>
    <gco:CharacterString>dataset</gco:CharacterString>
  </hierarchyLevelName>
  <contact>
    <CI_ResponsibleParty>
      <individualName>
        <gco:CharacterString>Peg Rawson</gco:CharacterString>
      </individualName>
      <organisationName>
        <gco:CharacterString>U.S. Geological Survey</gco:CharacterString>
      </organisationName>
      <contactInfo>
        <CI_Contact>
          <phone>
            <CI_Telephone>
              <voice>
                <gco:CharacterString>703 648 4183</gco:CharacterString>
              </voice>
            </CI_Telephone>
          </phone>
          <address>
            <CI_Address>
              <deliveryPoint>
                <gco:CharacterString>561 National Center</gco:CharacterString>
              </deliveryPoint>
              <city>
                <gco:CharacterString>Reston</gco:CharacterString>
              </city>
              <administrativeArea>
                <gco:CharacterString>Virginia</gco:CharacterString>
              </administrativeArea>
              <postalCode>
                <gco:CharacterString>20192</gco:CharacterString>
              </postalCode>
              <country>
                <gco:CharacterString>US</gco:CharacterString>
              </country>
              <electronicMailAddress>
                <gco:CharacterString>atlasmail@usgs.gov</gco:CharacterString>
              </electronicMailAddress>
            </CI_Address>
          </address>
        </CI_Contact>
      </contactInfo>
      <role>
        <CI_RoleCode codeList="http://www.isotc211.org/2005/resources/Codelist/gmxCodelists.xml#CI_RoleCode" codeListValue="pointOfContact" codeSpace="ISOTC211/19115">pointOfContact</CI_RoleCode>
      </role>
    </CI_ResponsibleParty>
  </contact>
  <dateStamp>
    <gco:Date>2017-01-04</gco:Date>
  </dateStamp>
  <metadataStandardName>
    <gco:CharacterString>ISO 19139 Geographic Information - Metadata - Implementation Specification</gco:CharacterString>
  </metadataStandardName>
  <metadataStandardVersion>
    <gco:CharacterString>2007</gco:CharacterString>
  </metadataStandardVersion>
  <dataSetURI>
    <gco:CharacterString>http://purl.stanford.edu/ns372xw1938</gco:CharacterString>
  </dataSetURI>
  <spatialRepresentationInfo>
    <MD_VectorSpatialRepresentation>
      <topologyLevel>
        <MD_TopologyLevelCode codeList="http://www.isotc211.org/2005/resources/Codelist/gmxCodelists.xml#MD_TopologyLevelCode" codeListValue="geometryOnly" codeSpace="ISOTC211/19115">geometryOnly</MD_TopologyLevelCode>
      </topologyLevel>
      <geometricObjects>
        <MD_GeometricObjects>
          <geometricObjectType>
            <MD_GeometricObjectTypeCode codeList="http://www.isotc211.org/2005/resources/Codelist/gmxCodelists.xml#MD_GeometricObjectTypeCode" codeListValue="composite" codeSpace="ISOTC211/19115">composite</MD_GeometricObjectTypeCode>
          </geometricObjectType>
          <geometricObjectCount>
            <gco:Integer>1351</gco:Integer>
          </geometricObjectCount>
        </MD_GeometricObjects>
      </geometricObjects>
    </MD_VectorSpatialRepresentation>
  </spatialRepresentationInfo>
  <referenceSystemInfo>
    <MD_ReferenceSystem>
      <referenceSystemIdentifier>
        <RS_Identifier>
          <code>
            <gco:CharacterString>4326</gco:CharacterString>
          </code>
          <codeSpace>
            <gco:CharacterString>EPSG</gco:CharacterString>
          </codeSpace>
          <version>
            <gco:CharacterString>8.6.2</gco:CharacterString>
          </version>
        </RS_Identifier>
      </referenceSystemIdentifier>
    </MD_ReferenceSystem>
  </referenceSystemInfo>
  <identificationInfo>
    <MD_DataIdentification>
      <citation>
        <CI_Citation>
          <title>
            <gco:CharacterString>Political Boundaries, North America, 2004</gco:CharacterString>
          </title>
          <date>
            <CI_Date>
              <date>
                <gco:Date>2004-06-01</gco:Date>
              </date>
              <dateType>
                <CI_DateTypeCode codeList="http://www.isotc211.org/2005/resources/Codelist/gmxCodelists.xml#CI_DateTypeCode" codeListValue="publication" codeSpace="ISOTC211/19115">publication</CI_DateTypeCode>
              </dateType>
            </CI_Date>
          </date>
          <identifier>
            <MD_Identifier>
              <code>
                <gco:CharacterString>http://purl.stanford.edu/ns372xw1938</gco:CharacterString>
              </code>
            </MD_Identifier>
          </identifier>
          <citedResponsibleParty>
            <CI_ResponsibleParty>
              <organisationName>
                <gco:CharacterString>Instituto Nacional de Estadística, Geografía e Informática (Mexico)</gco:CharacterString>
              </organisationName>
              <role>
                <CI_RoleCode codeList="http://www.isotc211.org/2005/resources/Codelist/gmxCodelists.xml#CI_RoleCode" codeListValue="originator" codeSpace="ISOTC211/19115">originator</CI_RoleCode>
              </role>
            </CI_ResponsibleParty>
          </citedResponsibleParty>
          <citedResponsibleParty>
            <CI_ResponsibleParty>
              <organisationName>
                <gco:CharacterString>Geological Survey (U.S.)</gco:CharacterString>
              </organisationName>
              <contactInfo>
                <CI_Contact>
                  <address>
                    <CI_Address>
                      <city>
                        <gco:CharacterString>Reston</gco:CharacterString>
                      </city>
                      <administrativeArea>
                        <gco:CharacterString>VA</gco:CharacterString>
                      </administrativeArea>
                      <country>
                        <gco:CharacterString>US</gco:CharacterString>
                      </country>
                    </CI_Address>
                  </address>
                </CI_Contact>
              </contactInfo>
              <role>
                <CI_RoleCode codeList="http://www.isotc211.org/2005/resources/Codelist/gmxCodelists.xml#CI_RoleCode" codeListValue="publisher" codeSpace="ISOTC211/19115">publisher</CI_RoleCode>
              </role>
            </CI_ResponsibleParty>
          </citedResponsibleParty>
          <citedResponsibleParty>
            <CI_ResponsibleParty>
              <organisationName>
                <gco:CharacterString>Geological Survey (U.S.)</gco:CharacterString>
              </organisationName>
              <role>
                <CI_RoleCode codeList="http://www.isotc211.org/2005/resources/Codelist/gmxCodelists.xml#CI_RoleCode" codeListValue="originator" codeSpace="ISOTC211/19115">originator</CI_RoleCode>
              </role>
            </CI_ResponsibleParty>
          </citedResponsibleParty>
          <citedResponsibleParty>
            <CI_ResponsibleParty>
              <organisationName>
                <gco:CharacterString>Canada Centre for Remote Sensing</gco:CharacterString>
              </organisationName>
              <role>
                <CI_RoleCode codeList="http://www.isotc211.org/2005/resources/Codelist/gmxCodelists.xml#CI_RoleCode" codeListValue="originator" codeSpace="ISOTC211/19115">originator</CI_RoleCode>
              </role>
            </CI_ResponsibleParty>
          </citedResponsibleParty>
          <presentationForm>
            <CI_PresentationFormCode codeList="http://www.isotc211.org/2005/resources/Codelist/gmxCodelists.xml#CI_PresentationFormCode" codeListValue="mapDigital" codeSpace="ISOTC211/19115">mapDigital</CI_PresentationFormCode>
          </presentationForm>
          <otherCitationDetails>
            <gco:CharacterString>These data were downloaded from the National Atlas website (http://www.nationalatlas.gov/atlasftp.html) in August 2014.</gco:CharacterString>
          </otherCitationDetails>
          <collectiveTitle>
            <gco:CharacterString>National Atlas of the United States of America, 1997-2014</gco:CharacterString>
          </collectiveTitle>
        </CI_Citation>
      </citation>
      <abstract>
        <gco:CharacterString>This polygon shapefile depicts the political boundaries of North America, including: international boundaries, provincial boundaries, state or territory boundaries, and the International Date Line. This layer is the result of a joint venture involving the National Atlas programs in Canada (Natural Resources Canada), Mexico (Instituto Nacional de Estadística Geografía e Informática), and the United States (U.S. Geological Survey), as well as the North American Commission for Environmental Co-operation. This layer is part of the 1997-2014 edition of the National Atlas of the United States.</gco:CharacterString>
      </abstract>
      <purpose>
        <gco:CharacterString>The North American Atlas data are intended for geographic display and analysis at the national and continental level. These data should be displayed and analyzed at scales appropriate for 1:10,000,000-scale data. No responsibility is assumed by Natural Resources Canada, Instituto Nacional de Estadística Geografía e Informática, or the U.S. Geological Survey in the use of these data.</gco:CharacterString>
      </purpose>
      <credit>
        <gco:CharacterString>U.S. Geological Survey, Canada Centre for Remote Sensing and Instituto Nacional de Estadística, Geografía e Informática (Mexico). (2004). Political Boundaries, North America, 2004. USGS, Available at: http://purl.stanford.edu/ns372xw1938</gco:CharacterString>
      </credit>
      <status>
        <MD_ProgressCode codeList="http://www.isotc211.org/2005/resources/Codelist/gmxCodelists.xml#MD_ProgressCode" codeListValue="completed" codeSpace="ISOTC211/19115">completed</MD_ProgressCode>
      </status>
      <pointOfContact>
        <CI_ResponsibleParty>
          <individualName>
            <gco:CharacterString>John Hutchinson</gco:CharacterString>
          </individualName>
          <organisationName>
            <gco:CharacterString>U.S. Geological Survey</gco:CharacterString>
          </organisationName>
          <contactInfo>
            <CI_Contact>
              <phone>
                <CI_Telephone>
                  <voice>
                    <gco:CharacterString>605 594 6049</gco:CharacterString>
                  </voice>
                  <facsimile>
                    <gco:CharacterString>605 594 6529</gco:CharacterString>
                  </facsimile>
                </CI_Telephone>
              </phone>
              <address>
                <CI_Address>
                  <deliveryPoint>
                    <gco:CharacterString>USGS EROS Data Center</gco:CharacterString>
                  </deliveryPoint>
                  <city>
                    <gco:CharacterString>Sioux Falls</gco:CharacterString>
                  </city>
                  <administrativeArea>
                    <gco:CharacterString>South Dakota</gco:CharacterString>
                  </administrativeArea>
                  <postalCode>
                    <gco:CharacterString>57198-0001</gco:CharacterString>
                  </postalCode>
                  <country>
                    <gco:CharacterString>US</gco:CharacterString>
                  </country>
                  <electronicMailAddress>
                    <gco:CharacterString>atlasmail@usgs.gov</gco:CharacterString>
                  </electronicMailAddress>
                </CI_Address>
              </address>
            </CI_Contact>
          </contactInfo>
          <role>
            <CI_RoleCode codeList="http://www.isotc211.org/2005/resources/Codelist/gmxCodelists.xml#CI_RoleCode" codeListValue="pointOfContact" codeSpace="ISOTC211/19115">pointOfContact</CI_RoleCode>
          </role>
        </CI_ResponsibleParty>
      </pointOfContact>
      <resourceMaintenance>
        <MD_MaintenanceInformation>
          <maintenanceAndUpdateFrequency>
            <MD_MaintenanceFrequencyCode codeList="http://www.isotc211.org/2005/resources/Codelist/gmxCodelists.xml#MD_MaintenanceFrequencyCode" codeListValue="irregular" codeSpace="ISOTC211/19115">irregular</MD_MaintenanceFrequencyCode>
          </maintenanceAndUpdateFrequency>
        </MD_MaintenanceInformation>
      </resourceMaintenance>
      <descriptiveKeywords>
        <MD_Keywords>
          <keyword>
            <gco:CharacterString>North America</gco:CharacterString>
          </keyword>
          <keyword>
            <gco:CharacterString>Canada</gco:CharacterString>
          </keyword>
          <keyword>
            <gco:CharacterString>United States</gco:CharacterString>
          </keyword>
          <keyword>
            <gco:CharacterString>Mexico</gco:CharacterString>
          </keyword>
          <keyword>
            <gco:CharacterString>Western Hemisphere</gco:CharacterString>
          </keyword>
          <type>
            <MD_KeywordTypeCode codeList="http://www.isotc211.org/2005/resources/Codelist/gmxCodelists.xml#MD_KeywordTypeCode" codeListValue="place" codeSpace="ISOTC211/19115">place</MD_KeywordTypeCode>
          </type>
          <thesaurusName>
            <CI_Citation>
              <title>
                <gco:CharacterString>geonames</gco:CharacterString>
              </title>
              <date>
                <CI_Date>
                  <date>
                    <gco:Date>2012-11-01</gco:Date>
                  </date>
                  <dateType>
                    <CI_DateTypeCode codeList="http://www.isotc211.org/2005/resources/Codelist/gmxCodelists.xml#CI_DateTypeCode" codeListValue="revision" codeSpace="ISOTC211/19115">revision</CI_DateTypeCode>
                  </dateType>
                </CI_Date>
              </date>
              <identifier>
                <MD_Identifier>
                  <code>
                    <gco:CharacterString>http://www.geonames.org/ontology#</gco:CharacterString>
                  </code>
                </MD_Identifier>
              </identifier>
            </CI_Citation>
          </thesaurusName>
        </MD_Keywords>
      </descriptiveKeywords>
      <descriptiveKeywords>
        <MD_Keywords>
          <keyword>
            <gco:CharacterString>Territorial boundaries</gco:CharacterString>
          </keyword>
          <keyword>
            <gco:CharacterString>International Date Line</gco:CharacterString>
          </keyword>
          <keyword>
            <gco:CharacterString>Provinces</gco:CharacterString>
          </keyword>
          <keyword>
            <gco:CharacterString>International boundaries</gco:CharacterString>
          </keyword>
          <keyword>
            <gco:CharacterString>States</gco:CharacterString>
          </keyword>
          <keyword>
            <gco:CharacterString>Countries</gco:CharacterString>
          </keyword>
          <type>
            <MD_KeywordTypeCode codeList="http://www.isotc211.org/2005/resources/Codelist/gmxCodelists.xml#MD_KeywordTypeCode" codeListValue="theme" codeSpace="ISOTC211/19115">theme</MD_KeywordTypeCode>
          </type>
          <thesaurusName>
            <CI_Citation>
              <title>
                <gco:CharacterString>lcsh</gco:CharacterString>
              </title>
              <date>
                <CI_Date>
                  <date>
                    <gco:Date>2011-04-26</gco:Date>
                  </date>
                  <dateType>
                    <CI_DateTypeCode codeList="http://www.isotc211.org/2005/resources/Codelist/gmxCodelists.xml#CI_DateTypeCode" codeListValue="revision" codeSpace="ISOTC211/19115">revision</CI_DateTypeCode>
                  </dateType>
                </CI_Date>
              </date>
              <identifier>
                <MD_Identifier>
                  <code>
                    <gco:CharacterString>http://id.loc.gov/authorities/subjects.html</gco:CharacterString>
                  </code>
                </MD_Identifier>
              </identifier>
            </CI_Citation>
          </thesaurusName>
        </MD_Keywords>
      </descriptiveKeywords>
      <descriptiveKeywords>
        <MD_Keywords>
          <keyword>
            <gco:CharacterString>Downloadable Data</gco:CharacterString>
          </keyword>
          <thesaurusName uuidref="723f6998-058e-11dc-8314-0800200c9a66"/>
        </MD_Keywords>
      </descriptiveKeywords>
      <resourceConstraints>
        <MD_Constraints>
          <useLimitation>
            <gco:CharacterString>All data for Canada and other areas outside of Mexico and the United States of America are covered by the Geogratis User Agreement for Digital Data. No use constraints are applied to data for Mexico and the United States of America. Acknowledgment of the North American Atlas, Instituto Nacional de Estadística Geografía e Informática, Natural Resources Canada, and (or) the U.S. Geological Survey would be appreciated in products derived from these data.</gco:CharacterString>
          </useLimitation>
        </MD_Constraints>
      </resourceConstraints>
      <resourceConstraints>
        <MD_LegalConstraints>
          <useLimitation>
            <gco:CharacterString>Although these data have been processed successfully on computer systems at Natural Resources Canada, Instituto Nacional de Estadística Geografía e Informática, and the U.S. Geological Survey, no warranty expressed or implied is made by these agencies regarding the utility of the data on any other system, nor shall the act of distribution constitute any such warranty. No responsibility is assumed by these agencies in the use of these data.</gco:CharacterString>
          </useLimitation>
        </MD_LegalConstraints>
      </resourceConstraints>
      <aggregationInfo>
        <MD_AggregateInformation>
          <aggregateDataSetName>
            <CI_Citation>
              <title>
                <gco:CharacterString>National Atlas of the United States of America, 1997-2014</gco:CharacterString>
              </title>
              <date gco:nilReason="missing"/>
              <identifier>
                <MD_Identifier>
                  <code>
                    <gco:CharacterString>http://purl.stanford.edu/cv275yx9215</gco:CharacterString>
                  </code>
                </MD_Identifier>
              </identifier>
            </CI_Citation>
          </aggregateDataSetName>
          <associationType>
            <DS_AssociationTypeCode codeList="http://www.isotc211.org/2005/resources/Codelist/gmxCodelists.xml#DS_AssociationTypeCode" codeListValue="largerWorkCitation" codeSpace="ISOTC211/19115">largerWorkCitation</DS_AssociationTypeCode>
          </associationType>
          <initiativeType>
            <DS_InitiativeTypeCode codeList="http://www.isotc211.org/2005/resources/Codelist/gmxCodelists.xml#DS_InitiativeTypeCode" codeListValue="collection" codeSpace="ISOTC211/19115">collection</DS_InitiativeTypeCode>
          </initiativeType>
        </MD_AggregateInformation>
      </aggregationInfo>
      <spatialRepresentationType>
        <MD_SpatialRepresentationTypeCode codeList="http://www.isotc211.org/2005/resources/Codelist/gmxCodelists.xml#MD_SpatialRepresentationTypeCode" codeListValue="vector" codeSpace="ISOTC211/19115">vector</MD_SpatialRepresentationTypeCode>
      </spatialRepresentationType>
      <language>
        <LanguageCode codeList="http://www.loc.gov/standards/iso639-2/php/code_list.php" codeListValue="eng" codeSpace="ISO639-2">eng</LanguageCode>
      </language>
      <characterSet>
        <MD_CharacterSetCode codeList="http://www.isotc211.org/2005/resources/Codelist/gmxCodelists.xml#MD_CharacterSetCode" codeListValue="utf8" codeSpace="ISOTC211/19115">utf8</MD_CharacterSetCode>
      </characterSet>
      <topicCategory>
        <MD_TopicCategoryCode>boundaries</MD_TopicCategoryCode>
      </topicCategory>
      <environmentDescription>
        <gco:CharacterString>Microsoft Windows 7 Version 6.1 (Build 7601) Service Pack 1; Esri ArcGIS 10.3.1.4959</gco:CharacterString>
      </environmentDescription>
      <extent>
        <EX_Extent>
          <description>
            <gco:CharacterString>Publication date</gco:CharacterString>
          </description>
          <temporalElement>
            <EX_TemporalExtent>
              <extent>
                <gml:TimeInstant gml:id="idp227888">
                  <gml:timePosition>2004-06-01</gml:timePosition>
                </gml:TimeInstant>
              </extent>
            </EX_TemporalExtent>
          </temporalElement>
        </EX_Extent>
      </extent>
      <extent>
        <EX_Extent>
          <geographicElement>
            <EX_GeographicBoundingBox>
              <extentTypeCode>
                <gco:Boolean>true</gco:Boolean>
              </extentTypeCode>
              <westBoundLongitude>
                <gco:Decimal>-179.999993</gco:Decimal>
              </westBoundLongitude>
              <eastBoundLongitude>
                <gco:Decimal>180</gco:Decimal>
              </eastBoundLongitude>
              <southBoundLatitude>
                <gco:Decimal>0.854865</gco:Decimal>
              </southBoundLatitude>
              <northBoundLatitude>
                <gco:Decimal>83.634101</gco:Decimal>
              </northBoundLatitude>
            </EX_GeographicBoundingBox>
          </geographicElement>
        </EX_Extent>
      </extent>
      <supplementalInformation>
        <gco:CharacterString>The Commission for Environmental Cooperation (CEC) is an international organization created by Canada, Mexico, and the United States of America under the North American Agreement on Environmental Cooperation (NAAEC). The CEC was established to address regional environmental concerns, help prevent potential trade and environmental conflicts, and to promote the effective enforcement of environmental law. The Agreement complements the environmental provisions of the North American Free Trade Agreement (NAFTA). Further information on the CEC is available from http://www.cec.org/ or from &gt;Commission for Environmental Cooperation &gt;393, rue St-Jacques Ouest &gt;Bureau 200 &gt;Montréal (Québec) &gt;H2Y 1N9 Canada &gt; &gt;Telephone: 514 350 4300 &gt;Facsimile: 514 350 4314 &gt;Electronic mail: info@ccemtl.org &gt; All North American Atlas data sets are available in four data formats: Arc/INFO Export format (e00), ArcView Shapefile, Geography Markup Language (GML) and Spatial Data Transfer Standard (SDTS). Although these data are distributed in geographic coordinates, the North American Atlas Map uses a Lambert Azimuthal Equal Area projection. The following parameters were used for the map: &gt;Longitude_of_Projection_Center: -100.00 &gt;Latitude_of_Projection_Center: 45.00 &gt;False_Easting (metres): 0.0 &gt;False_Northing (metres): 0.0 &gt;Semi-major_Axis: 6370997.0 &gt;Denominator_of_Flattening_Ratio: 1.0 &gt;Ellipsoid_Name: Sphere &gt;Units: metres &gt; State boundaries in Mexico are included for illustration purposes. They were obtained from diverse sources and INEGI does not guarantee and takes no responsibility for their legal validity and/or accuracy. ; {"gdaId" : 6065780}</gco:CharacterString>
      </supplementalInformation>
    </MD_DataIdentification>
  </identificationInfo>
  <contentInfo>
    <MD_FeatureCatalogueDescription>
      <complianceCode>
        <gco:Boolean>false</gco:Boolean>
      </complianceCode>
      <language>
        <LanguageCode codeList="http://www.loc.gov/standards/iso639-2/php/code_list.php" codeListValue="eng" codeSpace="ISO639-2">eng</LanguageCode>
      </language>
      <includedWithDataset>
        <gco:Boolean>true</gco:Boolean>
      </includedWithDataset>
      <featureCatalogueCitation>
        <CI_Citation>
          <title>
            <gco:CharacterString>Feature catalog for USGS Small-scale Dataset - North American Atlas - Political Boundaries 200406 ArcExport</gco:CharacterString>
          </title>
          <date gco:nilReason="missing"/>
          <identifier>
            <MD_Identifier>
              <code>
                <gco:CharacterString>32c96869-c0c1-416a-9f2d-3123d2e45458</gco:CharacterString>
              </code>
            </MD_Identifier>
          </identifier>
        </CI_Citation>
      </featureCatalogueCitation>
    </MD_FeatureCatalogueDescription>
  </contentInfo>
  <distributionInfo>
    <MD_Distribution>
      <distributionFormat>
        <MD_Format>
          <name>
            <gco:CharacterString>Shapefile</gco:CharacterString>
          </name>
          <version gco:nilReason="missing"/>
        </MD_Format>
      </distributionFormat>
      <distributor>
        <MD_Distributor>
          <distributorContact>
            <CI_ResponsibleParty>
              <organisationName>
                <gco:CharacterString>Stanford Geospatial Center</gco:CharacterString>
              </organisationName>
              <contactInfo>
                <CI_Contact>
                  <phone>
                    <CI_Telephone>
                      <voice>
                        <gco:CharacterString>650-723-2746</gco:CharacterString>
                      </voice>
                    </CI_Telephone>
                  </phone>
                  <address>
                    <CI_Address>
                      <deliveryPoint>
                        <gco:CharacterString>Branner Earth Sciences Library</gco:CharacterString>
                      </deliveryPoint>
                      <deliveryPoint>
                        <gco:CharacterString>Mitchell Building, 2nd Floor</gco:CharacterString>
                      </deliveryPoint>
                      <deliveryPoint>
                        <gco:CharacterString>397 Panama Mall</gco:CharacterString>
                      </deliveryPoint>
                      <city>
                        <gco:CharacterString>Stanford</gco:CharacterString>
                      </city>
                      <administrativeArea>
                        <gco:CharacterString>California</gco:CharacterString>
                      </administrativeArea>
                      <postalCode>
                        <gco:CharacterString>94305</gco:CharacterString>
                      </postalCode>
                      <electronicMailAddress>
                        <gco:CharacterString>brannerlibrary@stanford.edu</gco:CharacterString>
                      </electronicMailAddress>
                    </CI_Address>
                  </address>
                </CI_Contact>
              </contactInfo>
              <role>
                <CI_RoleCode codeList="http://www.isotc211.org/2005/resources/Codelist/gmxCodelists.xml#CI_RoleCode" codeListValue="distributor" codeSpace="ISOTC211/19115">distributor</CI_RoleCode>
              </role>
            </CI_ResponsibleParty>
          </distributorContact>
        </MD_Distributor>
      </distributor>
      <transferOptions>
        <MD_DigitalTransferOptions>
          <transferSize>
            <gco:Real>6.646</gco:Real>
          </transferSize>
          <onLine>
            <CI_OnlineResource>
              <linkage>
                <URL>http://purl.stanford.edu/ns372xw1938</URL>
              </linkage>
              <protocol>
                <gco:CharacterString>http</gco:CharacterString>
              </protocol>
              <name>
                <gco:CharacterString>bound_p.shp</gco:CharacterString>
              </name>
              <function>
                <CI_OnLineFunctionCode codeList="http://www.isotc211.org/2005/resources/Codelist/gmxCodelists.xml#CI_OnLineFunctionCode" codeListValue="download" codeSpace="ISOTC211/19115">download</CI_OnLineFunctionCode>
              </function>
            </CI_OnlineResource>
          </onLine>
        </MD_DigitalTransferOptions>
      </transferOptions>
    </MD_Distribution>
  </distributionInfo>
  <dataQualityInfo>
    <DQ_DataQuality>
      <scope>
        <DQ_Scope>
          <level>
            <MD_ScopeCode codeList="http://www.isotc211.org/2005/resources/Codelist/gmxCodelists.xml#MD_ScopeCode" codeListValue="dataset" codeSpace="ISOTC211/19115">dataset</MD_ScopeCode>
          </level>
        </DQ_Scope>
      </scope>
      <report>
        <DQ_TopologicalConsistency>
          <evaluationMethodDescription>
            <gco:CharacterString>Topology was built and a quality control of the political boundaries polygon data was done in order to ensure topological polygon structure. A quality control of the linear boundary file was done to ensure logical consistency with the corresponding polygon data.</gco:CharacterString>
          </evaluationMethodDescription>
          <result gco:nilReason="missing"/>
        </DQ_TopologicalConsistency>
      </report>
      <report>
        <DQ_ConceptualConsistency>
          <measureDescription>
            <gco:CharacterString>Topology was built and a quality control of the political boundaries polygon data was done in order to ensure topological polygon structure. A quality control of the linear boundary file was done to ensure logical consistency with the corresponding polygon data.</gco:CharacterString>
          </measureDescription>
          <result gco:nilReason="missing"/>
        </DQ_ConceptualConsistency>
      </report>
      <report>
        <DQ_CompletenessOmission>
          <measureDescription>
            <gco:CharacterString>This data set includes political boundaries for all of North America, as shown at 1:10,000,000 scale. The data completeness reflects the content of the source data, the integration done by the cartographers, and the quality control of the content performed by each country.</gco:CharacterString>
          </measureDescription>
          <result gco:nilReason="missing"/>
        </DQ_CompletenessOmission>
      </report>
      <report>
        <DQ_QuantitativeAttributeAccuracy>
          <measureDescription>
            <gco:CharacterString>Where possible, attribute data were quality controlled by creating symbolized digital displays or hard copy plots, which were visually verified with digital or hard copy reference data. Attribute data that could not be verified in such a manner were interactively queried to check for anomalies such as duplication of data in fields requiring unique values and incorrect feature coding. Data for areas outside of Canada, Mexico, and the United States of America are only provided for context; Natural Resources Canada, Instituto Nacional de Estadística Geografía e Informática, and the U.S. Geological Survey assume no responsibility for the completeness, accuracy, or presentation of this data.</gco:CharacterString>
          </measureDescription>
          <result gco:nilReason="missing"/>
        </DQ_QuantitativeAttributeAccuracy>
      </report>
      <report>
        <DQ_AbsoluteExternalPositionalAccuracy>
          <measureDescription>
            <gco:CharacterString>Positional accuracy of the data is unknown. Positions are dependent on the accuracy of the source data and on the result of the generalization and integration processes. Data for areas outside of Canada, Mexico, and the United States of America are only provided for context; Natural Resources Canada, Instituto Nacional de Estadística Geografía e Informática, and the U.S. Geological Survey assume no responsibility for the completeness, accuracy, or presentation of this data. State boundaries in Mexico are included for illustration purposes. They were obtained from diverse sources and INEGI does not guarantee and takes no responsibility for their legal validity and/or accuracy.</gco:CharacterString>
          </measureDescription>
          <result gco:nilReason="missing"/>
        </DQ_AbsoluteExternalPositionalAccuracy>
      </report>
      <lineage>
        <LI_Lineage>
          <processStep>
            <LI_ProcessStep>
              <description>
                <gco:CharacterString>Linework from the 1:6,000,000 Atlas of Canada boundary file was fitted to the North America Atlas - Hydrography layer. The attribute for the country was added to the data.</gco:CharacterString>
              </description>
              <dateTime>
                <gco:DateTime>2003-01-01T00:00:00</gco:DateTime>
              </dateTime>
              <source>
                <LI_Source>
                  <sourceCitation>
                    <CI_Citation>
                      <title gco:nilReason="missing"/>
                      <alternateTitle>
                        <gco:CharacterString>6M CA Bdy</gco:CharacterString>
                      </alternateTitle>
                      <date gco:nilReason="missing"/>
                    </CI_Citation>
                  </sourceCitation>
                </LI_Source>
              </source>
              <source>
                <LI_Source>
                  <sourceCitation>
                    <CI_Citation>
                      <title gco:nilReason="missing"/>
                      <alternateTitle>
                        <gco:CharacterString>NAA Hydro</gco:CharacterString>
                      </alternateTitle>
                      <date gco:nilReason="missing"/>
                    </CI_Citation>
                  </sourceCitation>
                </LI_Source>
              </source>
            </LI_ProcessStep>
          </processStep>
          <processStep>
            <LI_ProcessStep>
              <description>
                <gco:CharacterString>Linework from the 1:4,000,000 Topographical Dataset for Mexico was fitted to the North America Atlas - Hydrography layer. The attribute for the country was added to the data.</gco:CharacterString>
              </description>
              <dateTime>
                <gco:DateTime>2003-01-01T00:00:00</gco:DateTime>
              </dateTime>
              <source>
                <LI_Source>
                  <sourceCitation>
                    <CI_Citation>
                      <title gco:nilReason="missing"/>
                      <alternateTitle>
                        <gco:CharacterString>4M Mexico</gco:CharacterString>
                      </alternateTitle>
                      <date gco:nilReason="missing"/>
                    </CI_Citation>
                  </sourceCitation>
                </LI_Source>
              </source>
              <source>
                <LI_Source>
                  <sourceCitation>
                    <CI_Citation>
                      <title gco:nilReason="missing"/>
                      <alternateTitle>
                        <gco:CharacterString>NAA Hydro</gco:CharacterString>
                      </alternateTitle>
                      <date gco:nilReason="missing"/>
                    </CI_Citation>
                  </sourceCitation>
                </LI_Source>
              </source>
            </LI_ProcessStep>
          </processStep>
          <processStep>
            <LI_ProcessStep>
              <description>
                <gco:CharacterString>Linework from the 1:5,000,000 United States General Reference Map was fitted to the North America Atlas - Hydrography layer. The attribute for the country was added to the data.</gco:CharacterString>
              </description>
              <dateTime>
                <gco:DateTime>2003-01-01T00:00:00</gco:DateTime>
              </dateTime>
              <source>
                <LI_Source>
                  <sourceCitation>
                    <CI_Citation>
                      <title gco:nilReason="missing"/>
                      <alternateTitle>
                        <gco:CharacterString>5M USA Bdy</gco:CharacterString>
                      </alternateTitle>
                      <date gco:nilReason="missing"/>
                    </CI_Citation>
                  </sourceCitation>
                </LI_Source>
              </source>
              <source>
                <LI_Source>
                  <sourceCitation>
                    <CI_Citation>
                      <title gco:nilReason="missing"/>
                      <alternateTitle>
                        <gco:CharacterString>NAA Hydro</gco:CharacterString>
                      </alternateTitle>
                      <date gco:nilReason="missing"/>
                    </CI_Citation>
                  </sourceCitation>
                </LI_Source>
              </source>
            </LI_ProcessStep>
          </processStep>
          <processStep>
            <LI_ProcessStep>
              <description>
                <gco:CharacterString>Boundaries for regions outside Canada, Mexico, and the United States of America were compiled from the 1:10,000,000 North America, National Atlas of Canada Reference Map Series data set. Linework was fitted to the North America Atlas - Hydrograph y layer. The attribute for foreign country was added to the data.</gco:CharacterString>
              </description>
              <dateTime>
                <gco:DateTime>2004-01-01T00:00:00</gco:DateTime>
              </dateTime>
              <source>
                <LI_Source>
                  <sourceCitation>
                    <CI_Citation>
                      <title gco:nilReason="missing"/>
                      <alternateTitle>
                        <gco:CharacterString>North America Reference</gco:CharacterString>
                      </alternateTitle>
                      <date gco:nilReason="missing"/>
                    </CI_Citation>
                  </sourceCitation>
                </LI_Source>
              </source>
              <source>
                <LI_Source>
                  <sourceCitation>
                    <CI_Citation>
                      <title gco:nilReason="missing"/>
                      <alternateTitle>
                        <gco:CharacterString>NAA Hydro</gco:CharacterString>
                      </alternateTitle>
                      <date gco:nilReason="missing"/>
                    </CI_Citation>
                  </sourceCitation>
                </LI_Source>
              </source>
            </LI_ProcessStep>
          </processStep>
          <processStep>
            <LI_ProcessStep>
              <description>
                <gco:CharacterString>Linework was cartographically adjusted along country boundaries to ensure correct connection of adjacent boundaries and attributes were added.</gco:CharacterString>
              </description>
              <dateTime>
                <gco:DateTime>2004-01-01T00:00:00</gco:DateTime>
              </dateTime>
            </LI_ProcessStep>
          </processStep>
          <processStep>
            <LI_ProcessStep>
              <description>
                <gco:CharacterString>Because the linework came from four different sources and scales, a final cartographic review was done to the full boundary file to ensure cartographic compatibility at 1:10,000,000 scale. Each country then performed a final cartographic check to verify the selection and position of the linework. The attributes were also verified.</gco:CharacterString>
              </description>
              <dateTime>
                <gco:DateTime>2004-01-01T00:00:00</gco:DateTime>
              </dateTime>
            </LI_ProcessStep>
          </processStep>
          <source>
            <LI_Source>
              <description>
                <gco:CharacterString>Spatial information</gco:CharacterString>
              </description>
              <scaleDenominator>
                <MD_RepresentativeFraction>
                  <denominator>
                    <gco:Integer>10000000</gco:Integer>
                  </denominator>
                </MD_RepresentativeFraction>
              </scaleDenominator>
              <sourceCitation>
                <CI_Citation>
                  <title>
                    <gco:CharacterString>North American Atlas - Hydrography</gco:CharacterString>
                  </title>
                  <alternateTitle>
                    <gco:CharacterString>NAA Hydro</gco:CharacterString>
                  </alternateTitle>
                  <date>
                    <CI_Date>
                      <date>
                        <gco:Date>2004-06-01</gco:Date>
                      </date>
                      <dateType>
                        <CI_DateTypeCode codeList="http://www.isotc211.org/2005/resources/Codelist/gmxCodelists.xml#CI_DateTypeCode" codeListValue="publication" codeSpace="ISOTC211/19115">publication</CI_DateTypeCode>
                      </dateType>
                    </CI_Date>
                  </date>
                  <citedResponsibleParty>
                    <CI_ResponsibleParty>
                      <organisationName>
                        <gco:CharacterString>U.S. Geological Survey</gco:CharacterString>
                      </organisationName>
                      <contactInfo>
                        <CI_Contact>
                          <address>
                            <CI_Address>
                              <deliveryPoint>
                                <gco:CharacterString>Reston, Virginia, USA</gco:CharacterString>
                              </deliveryPoint>
                            </CI_Address>
                          </address>
                        </CI_Contact>
                      </contactInfo>
                      <role>
                        <CI_RoleCode codeList="http://www.isotc211.org/2005/resources/Codelist/gmxCodelists.xml#CI_RoleCode" codeListValue="publisher" codeSpace="ISOTC211/19115">publisher</CI_RoleCode>
                      </role>
                    </CI_ResponsibleParty>
                  </citedResponsibleParty>
                  <citedResponsibleParty>
                    <CI_ResponsibleParty>
                      <organisationName>
                        <gco:CharacterString>Government of Canada, Natural Resources Canada, Canada Centre for Remote Sensing, The Atlas of Canada</gco:CharacterString>
                      </organisationName>
                      <role>
                        <CI_RoleCode codeList="http://www.isotc211.org/2005/resources/Codelist/gmxCodelists.xml#CI_RoleCode" codeListValue="originator" codeSpace="ISOTC211/19115">originator</CI_RoleCode>
                      </role>
                    </CI_ResponsibleParty>
                  </citedResponsibleParty>
                  <citedResponsibleParty>
                    <CI_ResponsibleParty>
                      <organisationName>
                        <gco:CharacterString>Instituto Nacional de Estadística Geografía e Informática</gco:CharacterString>
                      </organisationName>
                      <role>
                        <CI_RoleCode codeList="http://www.isotc211.org/2005/resources/Codelist/gmxCodelists.xml#CI_RoleCode" codeListValue="originator" codeSpace="ISOTC211/19115">originator</CI_RoleCode>
                      </role>
                    </CI_ResponsibleParty>
                  </citedResponsibleParty>
                  <citedResponsibleParty>
                    <CI_ResponsibleParty>
                      <organisationName>
                        <gco:CharacterString>U.S. Geological Survey</gco:CharacterString>
                      </organisationName>
                      <role>
                        <CI_RoleCode codeList="http://www.isotc211.org/2005/resources/Codelist/gmxCodelists.xml#CI_RoleCode" codeListValue="originator" codeSpace="ISOTC211/19115">originator</CI_RoleCode>
                      </role>
                    </CI_ResponsibleParty>
                  </citedResponsibleParty>
                  <presentationForm>
                    <CI_PresentationFormCode codeList="http://www.isotc211.org/2005/resources/Codelist/gmxCodelists.xml#CI_PresentationFormCode" codeListValue="mapDigital" codeSpace="ISOTC211/19115">mapDigital</CI_PresentationFormCode>
                  </presentationForm>
                </CI_Citation>
              </sourceCitation>
              <sourceExtent>
                <EX_Extent>
                  <description>
                    <gco:CharacterString>Publication date</gco:CharacterString>
                  </description>
                  <temporalElement>
                    <EX_TemporalExtent>
                      <extent>
                        <gml:TimeInstant gml:id="idp252128">
                          <gml:timePosition>2004-01-01</gml:timePosition>
                        </gml:TimeInstant>
                      </extent>
                    </EX_TemporalExtent>
                  </temporalElement>
                </EX_Extent>
              </sourceExtent>
            </LI_Source>
          </source>
          <source>
            <LI_Source>
              <description>
                <gco:CharacterString>Spatial and attribute information</gco:CharacterString>
              </description>
              <scaleDenominator>
                <MD_RepresentativeFraction>
                  <denominator>
                    <gco:Integer>5000000</gco:Integer>
                  </denominator>
                </MD_RepresentativeFraction>
              </scaleDenominator>
              <sourceCitation>
                <CI_Citation>
                  <title>
                    <gco:CharacterString>1:5,000,000 General Reference Map - Boundaries</gco:CharacterString>
                  </title>
                  <alternateTitle>
                    <gco:CharacterString>5M USA Bdy</gco:CharacterString>
                  </alternateTitle>
                  <date gco:nilReason="missing"/>
                  <citedResponsibleParty>
                    <CI_ResponsibleParty>
                      <organisationName>
                        <gco:CharacterString>U.S. Geological Survey</gco:CharacterString>
                      </organisationName>
                      <contactInfo>
                        <CI_Contact>
                          <address>
                            <CI_Address>
                              <deliveryPoint>
                                <gco:CharacterString>Reston, Virginia, USA</gco:CharacterString>
                              </deliveryPoint>
                            </CI_Address>
                          </address>
                        </CI_Contact>
                      </contactInfo>
                      <role>
                        <CI_RoleCode codeList="http://www.isotc211.org/2005/resources/Codelist/gmxCodelists.xml#CI_RoleCode" codeListValue="publisher" codeSpace="ISOTC211/19115">publisher</CI_RoleCode>
                      </role>
                    </CI_ResponsibleParty>
                  </citedResponsibleParty>
                  <citedResponsibleParty>
                    <CI_ResponsibleParty>
                      <organisationName>
                        <gco:CharacterString>U.S. Geological Survey</gco:CharacterString>
                      </organisationName>
                      <role>
                        <CI_RoleCode codeList="http://www.isotc211.org/2005/resources/Codelist/gmxCodelists.xml#CI_RoleCode" codeListValue="originator" codeSpace="ISOTC211/19115">originator</CI_RoleCode>
                      </role>
                    </CI_ResponsibleParty>
                  </citedResponsibleParty>
                  <presentationForm>
                    <CI_PresentationFormCode codeList="http://www.isotc211.org/2005/resources/Codelist/gmxCodelists.xml#CI_PresentationFormCode" codeListValue="mapDigital" codeSpace="ISOTC211/19115">mapDigital</CI_PresentationFormCode>
                  </presentationForm>
                </CI_Citation>
              </sourceCitation>
              <sourceExtent>
                <EX_Extent>
                  <description>
                    <gco:CharacterString>Date of data compilation</gco:CharacterString>
                  </description>
                  <temporalElement>
                    <EX_TemporalExtent>
                      <extent>
                        <gml:TimeInstant gml:id="idp258496">
                          <gml:timePosition>1998-01-01</gml:timePosition>
                        </gml:TimeInstant>
                      </extent>
                    </EX_TemporalExtent>
                  </temporalElement>
                </EX_Extent>
              </sourceExtent>
            </LI_Source>
          </source>
          <source>
            <LI_Source>
              <description>
                <gco:CharacterString>Spatial and attribute information</gco:CharacterString>
              </description>
              <scaleDenominator>
                <MD_RepresentativeFraction>
                  <denominator>
                    <gco:Integer>4000000</gco:Integer>
                  </denominator>
                </MD_RepresentativeFraction>
              </scaleDenominator>
              <sourceCitation>
                <CI_Citation>
                  <title>
                    <gco:CharacterString>Conjunto de Datos Vectoriales Topográficos escala 1:4,000,000</gco:CharacterString>
                  </title>
                  <alternateTitle>
                    <gco:CharacterString>4M Mexico</gco:CharacterString>
                  </alternateTitle>
                  <date>
                    <CI_Date>
                      <date>
                        <gco:Date>2004-07-01</gco:Date>
                      </date>
                      <dateType>
                        <CI_DateTypeCode codeList="http://www.isotc211.org/2005/resources/Codelist/gmxCodelists.xml#CI_DateTypeCode" codeListValue="publication" codeSpace="ISOTC211/19115">publication</CI_DateTypeCode>
                      </dateType>
                    </CI_Date>
                  </date>
                  <citedResponsibleParty>
                    <CI_ResponsibleParty>
                      <organisationName>
                        <gco:CharacterString>Instituto Nacional de Estadística Geografía e Informática</gco:CharacterString>
                      </organisationName>
                      <role>
                        <CI_RoleCode codeList="http://www.isotc211.org/2005/resources/Codelist/gmxCodelists.xml#CI_RoleCode" codeListValue="originator" codeSpace="ISOTC211/19115">originator</CI_RoleCode>
                      </role>
                    </CI_ResponsibleParty>
                  </citedResponsibleParty>
                  <citedResponsibleParty>
                    <CI_ResponsibleParty>
                      <organisationName>
                        <gco:CharacterString>Instituto Nacional de Estadística, Geografía e Informática (INEGI)</gco:CharacterString>
                      </organisationName>
                      <contactInfo>
                        <CI_Contact>
                          <address>
                            <CI_Address>
                              <deliveryPoint>
                                <gco:CharacterString>Aguascalientes, Aguascalientes, Mexico</gco:CharacterString>
                              </deliveryPoint>
                            </CI_Address>
                          </address>
                        </CI_Contact>
                      </contactInfo>
                      <role>
                        <CI_RoleCode codeList="http://www.isotc211.org/2005/resources/Codelist/gmxCodelists.xml#CI_RoleCode" codeListValue="publisher" codeSpace="ISOTC211/19115">publisher</CI_RoleCode>
                      </role>
                    </CI_ResponsibleParty>
                  </citedResponsibleParty>
                  <presentationForm>
                    <CI_PresentationFormCode codeList="http://www.isotc211.org/2005/resources/Codelist/gmxCodelists.xml#CI_PresentationFormCode" codeListValue="mapDigital" codeSpace="ISOTC211/19115">mapDigital</CI_PresentationFormCode>
                  </presentationForm>
                </CI_Citation>
              </sourceCitation>
              <sourceExtent>
                <EX_Extent>
                  <description>
                    <gco:CharacterString>Ground condition</gco:CharacterString>
                  </description>
                  <temporalElement>
                    <EX_TemporalExtent>
                      <extent>
                        <gml:TimePeriod gml:id="idp265536">
                          <gml:beginPosition>1993-01-01</gml:beginPosition>
                          <gml:endPosition>1997-04-01</gml:endPosition>
                        </gml:TimePeriod>
                      </extent>
                    </EX_TemporalExtent>
                  </temporalElement>
                </EX_Extent>
              </sourceExtent>
            </LI_Source>
          </source>
          <source>
            <LI_Source>
              <description>
                <gco:CharacterString>Spatial information</gco:CharacterString>
              </description>
              <scaleDenominator>
                <MD_RepresentativeFraction>
                  <denominator>
                    <gco:Integer>10000000</gco:Integer>
                  </denominator>
                </MD_RepresentativeFraction>
              </scaleDenominator>
              <sourceCitation>
                <CI_Citation>
                  <title>
                    <gco:CharacterString>North America, National Atlas of Canada Reference Map Series</gco:CharacterString>
                  </title>
                  <alternateTitle>
                    <gco:CharacterString>North America Reference</gco:CharacterString>
                  </alternateTitle>
                  <date>
                    <CI_Date>
                      <date>
                        <gco:Date>2000-01-01</gco:Date>
                      </date>
                      <dateType>
                        <CI_DateTypeCode codeList="http://www.isotc211.org/2005/resources/Codelist/gmxCodelists.xml#CI_DateTypeCode" codeListValue="publication" codeSpace="ISOTC211/19115">publication</CI_DateTypeCode>
                      </dateType>
                    </CI_Date>
                  </date>
                  <citedResponsibleParty>
                    <CI_ResponsibleParty>
                      <organisationName>
                        <gco:CharacterString>Government of Canada, Natural Resources Canada, Canada Centre for Remote Sensing, The Atlas of Canada</gco:CharacterString>
                      </organisationName>
                      <role>
                        <CI_RoleCode codeList="http://www.isotc211.org/2005/resources/Codelist/gmxCodelists.xml#CI_RoleCode" codeListValue="originator" codeSpace="ISOTC211/19115">originator</CI_RoleCode>
                      </role>
                    </CI_ResponsibleParty>
                  </citedResponsibleParty>
                  <citedResponsibleParty>
                    <CI_ResponsibleParty>
                      <organisationName>
                        <gco:CharacterString>Government of Canada, Natural Resources Canada, Canada Centre for Remote Sensing, The Atlas of Canada</gco:CharacterString>
                      </organisationName>
                      <contactInfo>
                        <CI_Contact>
                          <address>
                            <CI_Address>
                              <deliveryPoint>
                                <gco:CharacterString>Ottawa, Ontario, Canada</gco:CharacterString>
                              </deliveryPoint>
                            </CI_Address>
                          </address>
                        </CI_Contact>
                      </contactInfo>
                      <role>
                        <CI_RoleCode codeList="http://www.isotc211.org/2005/resources/Codelist/gmxCodelists.xml#CI_RoleCode" codeListValue="publisher" codeSpace="ISOTC211/19115">publisher</CI_RoleCode>
                      </role>
                    </CI_ResponsibleParty>
                  </citedResponsibleParty>
                  <presentationForm>
                    <CI_PresentationFormCode codeList="http://www.isotc211.org/2005/resources/Codelist/gmxCodelists.xml#CI_PresentationFormCode" codeListValue="mapDigital" codeSpace="ISOTC211/19115">mapDigital</CI_PresentationFormCode>
                  </presentationForm>
                </CI_Citation>
              </sourceCitation>
              <sourceExtent>
                <EX_Extent>
                  <description>
                    <gco:CharacterString>Ground condition</gco:CharacterString>
                  </description>
                  <temporalElement>
                    <EX_TemporalExtent>
                      <extent>
                        <gml:TimeInstant gml:id="idp272688">
                          <gml:timePosition>2000-01-01</gml:timePosition>
                        </gml:TimeInstant>
                      </extent>
                    </EX_TemporalExtent>
                  </temporalElement>
                </EX_Extent>
              </sourceExtent>
            </LI_Source>
          </source>
          <source>
            <LI_Source>
              <description>
                <gco:CharacterString>Spatial and attribute information</gco:CharacterString>
              </description>
              <scaleDenominator>
                <MD_RepresentativeFraction>
                  <denominator>
                    <gco:Integer>6000000</gco:Integer>
                  </denominator>
                </MD_RepresentativeFraction>
              </scaleDenominator>
              <sourceCitation>
                <CI_Citation>
                  <title>
                    <gco:CharacterString>1:6,000,000 National Atlas Reference Map Series - Boundaries</gco:CharacterString>
                  </title>
                  <alternateTitle>
                    <gco:CharacterString>6M CA Bdy</gco:CharacterString>
                  </alternateTitle>
                  <date>
                    <CI_Date>
                      <date>
                        <gco:Date>2002-01-01</gco:Date>
                      </date>
                      <dateType>
                        <CI_DateTypeCode codeList="http://www.isotc211.org/2005/resources/Codelist/gmxCodelists.xml#CI_DateTypeCode" codeListValue="publication" codeSpace="ISOTC211/19115">publication</CI_DateTypeCode>
                      </dateType>
                    </CI_Date>
                  </date>
                  <citedResponsibleParty>
                    <CI_ResponsibleParty>
                      <organisationName>
                        <gco:CharacterString>Government of Canada, Natural Resources Canada, Canada Centre for Remote Sensing, The Atlas of Canada</gco:CharacterString>
                      </organisationName>
                      <role>
                        <CI_RoleCode codeList="http://www.isotc211.org/2005/resources/Codelist/gmxCodelists.xml#CI_RoleCode" codeListValue="originator" codeSpace="ISOTC211/19115">originator</CI_RoleCode>
                      </role>
                    </CI_ResponsibleParty>
                  </citedResponsibleParty>
                  <citedResponsibleParty>
                    <CI_ResponsibleParty>
                      <organisationName>
                        <gco:CharacterString>Government of Canada, Natural Resources Canada, Canada Centre for Remote Sensing, The Atlas of Canada</gco:CharacterString>
                      </organisationName>
                      <contactInfo>
                        <CI_Contact>
                          <address>
                            <CI_Address>
                              <deliveryPoint>
                                <gco:CharacterString>Ottawa, Ontario, Canada</gco:CharacterString>
                              </deliveryPoint>
                            </CI_Address>
                          </address>
                        </CI_Contact>
                      </contactInfo>
                      <role>
                        <CI_RoleCode codeList="http://www.isotc211.org/2005/resources/Codelist/gmxCodelists.xml#CI_RoleCode" codeListValue="publisher" codeSpace="ISOTC211/19115">publisher</CI_RoleCode>
                      </role>
                    </CI_ResponsibleParty>
                  </citedResponsibleParty>
                  <presentationForm>
                    <CI_PresentationFormCode codeList="http://www.isotc211.org/2005/resources/Codelist/gmxCodelists.xml#CI_PresentationFormCode" codeListValue="mapDigital" codeSpace="ISOTC211/19115">mapDigital</CI_PresentationFormCode>
                  </presentationForm>
                </CI_Citation>
              </sourceCitation>
              <sourceExtent>
                <EX_Extent>
                  <description>
                    <gco:CharacterString>Ground condition</gco:CharacterString>
                  </description>
                  <temporalElement>
                    <EX_TemporalExtent>
                      <extent>
                        <gml:TimeInstant gml:id="idp279584">
                          <gml:timePosition>2002-01-01</gml:timePosition>
                        </gml:TimeInstant>
                      </extent>
                    </EX_TemporalExtent>
                  </temporalElement>
                </EX_Extent>
              </sourceExtent>
            </LI_Source>
          </source>
        </LI_Lineage>
      </lineage>
    </DQ_DataQuality>
  </dataQualityInfo>
  <metadataConstraints>
    <MD_SecurityConstraints>
      <classification>
        <MD_ClassificationCode codeList="http://www.isotc211.org/2005/resources/Codelist/gmxCodelists.xml#MD_ClassificationCode" codeListValue="unclassified" codeSpace="ISOTC211/19115">unclassified</MD_ClassificationCode>
      </classification>
      <classificationSystem>
        <gco:CharacterString>None</gco:CharacterString>
      </classificationSystem>
      <handlingDescription>
        <gco:CharacterString>None</gco:CharacterString>
      </handlingDescription>
    </MD_SecurityConstraints>
  </metadataConstraints>
</MD_Metadata>
