Año,Entidad,BComerc SecPrim,BdeD SecPrim,BComerc SecSec,BdeD SecSec,BComerc SecTer,BdeD SecTer,Exportaciones,InverExtranjDir,PIBperCapita,IndiceDesempleo,ITAEE
2007,Aguascalientes,"343,000,000",0,"1,706,000,000","173,100,000","3,234,000,000","14,500,000","4,389,842,000","410,573,807","103,805.5",5.04903,86.9718
2007,Baja California,"1,249,000,000","6,100,000","6,494,000,000","442,500,000","4,338,000,000","219,600,000","31,858,675,000","1,790,829,226.19","105,637.6",1.98802,99.1529
2007,Baja California Sur,"56,000,000",0,"1,261,000,000","151,400,000","2,223,000,000","444,600,000","148,997,000","910,120,969.05","112,882.4",2.2166,92.3251
2007,Campeche,"36,000,000","500,000","1,421,000,000","482,600,000","1,716,000,000","81,000,000","29,051,551,000","134,523,132.00","776,943.2",2.09741,131.4097
2007,Coahuila,"2,641,000,000",0,"3,726,000,000","327,700,000","5,169,000,000","562,300,000","17,469,634,000","666,290,305.87","141,073.4",4.16084,92.9900
2007,Colima,"162,000,000","6,100,000","379,000,000","1,700,000","968,000,000","10,300,000","79,554,000","118,700,791.70","96,894.8",2.99184,84.8001
2007,Chiapas,"480,000,000","5,900,000","418,000,000","1,200,000","1,545,000,000","5,100,000","908,251,000","186,876,594.00","41,939.5",2.06839,89.8945
2007,Chihuahua,"1,310,000,000","11,900,000","6,270,000,000","875,500,000","5,366,000,000","96,000,000","28,094,745,000","2,267,159,666.00","104,692.6",3.6853,91.2574
2007,Ciudad de México,"2,639,000,000","180,300,000","120,634,000,000","17,600,100,000","184,715,000,000","6,959,200,000","2,713,216,000","6,931,510,735.48","212,451.1",5.68338,90.1050
2007,Durango,"1,304,000,000",0,"2,577,000,000","136,600,000","1,764,000,000","2,600,000","878,703,000","421,617,602.00","83,760.1",2.84358,86.0658
2007,Guanajuato,"1,619,000,000",0,"7,349,000,000","94,100,000","9,331,000,000","22,700,000","6,425,251,000","1,091,994,074.52","80,583.5",3.1573,82.1981
2007,Guerrero,"42,000,000",0,"535,000,000",0,"1,121,000,000","1,000,000","142,118,000","112,354,004.80","52,366.2",1.3257,93.6331
2007,Hidalgo,"71,000,000",0,"2,285,000,000","57,600,000","726,000,000","1,800,000","1,300,633,000","87,068,187.00","69,731.2",3.15557,87.3032
2007,Jalisco,"1,650,000,000","18,000,000","18,207,000,000","95,200,000","18,559,000,000","201,800,000","14,445,974,000","1,837,713,503.25","98,104.6",3.20519,89.6484
2007,Estado de México,"348,000,000","8,200,000","16,942,000,000","341,700,000","16,083,000,000","543,000,000","8,643,137,000","2,220,914,372.39","66,394.5",4.88512,86.7784
2007,Michoacán,"684,000,000","8,700,000","2,179,000,000","103,600,000","3,363,000,000","3,300,000","357,290,000","1,860,910,894.00","64,967.4",2.29233,91.3222
2007,Morelos,"97,000,000","100,000","1,486,000,000","1,400,000","1,811,000,000","19,100,000","2,044,923,000","393,498,015.00","72,183.0",3.32647,92.9715
2007,Nayarit,"134,000,000","300,000","241,000,000","91,800,000","907,000,000","5,800,000","37,115,000","244,593,047.17","67,161.7",2.70814,88.4662
2007,Nuevo León,"1,167,000,000",0,"68,099,000,000","3,106,800,000","40,779,000,000","1,519,700,000","19,803,477,000","3,593,201,467.97","191,526.8",3.77017,89.3010
2007,Oaxaca,"35,000,000",0,"351,000,000","59,900,000","1,026,000,000","15,300,000","623,321,000","172,758,460.60","47,240.6",1.90216,89.5320
2007,Puebla,"432,000,000",0,"5,388,000,000","93,700,000","4,264,000,000","17,400,000","7,781,313,000","662,700,760.00","64,964.4",3.61682,89.7088
2007,Querétaro,"692,000,000",0,"3,032,000,000","21,200,000","2,300,000,000","18,600,000","3,410,507,000","815,266,877.45","115,577.6",3.33149,84.8846
2007,Quintana Roo,"31,000,000","1,000,000","985,000,000","6,800,000","13,452,000,000","553,100,000","40,567,000","1,001,581,956.89","128,769.9",2.74494,85.6316
2007,San Luis Potosí,"542,000,000",0,"4,471,000,000","149,000,000","2,415,000,000","59,600,000","4,788,268,000","523,921,987.00","80,595.2",2.55013,85.8456
2007,Sinaloa,"3,851,000,000","9,300,000","8,635,000,000",0,"8,327,000,000","108,000,000","324,833,000","278,207,661.26","82,580.7",2.41738,91.4771
2007,Sonora,"2,821,000,000","134,400,000","3,939,000,000","33,400,000","4,434,000,000","27,600,000","12,980,383,000","961,136,627.05","111,938.2",2.60089,85.3192
2007,Tabasco,"145,000,000","100,000","1,235,000,000","11,400,000","2,252,000,000","8,300,000","8,272,595,000","179,600,399.00","160,602.9",4.16755,82.0188
2007,Tamaulipas,"1,129,000,000",0,"3,938,000,000","800,000","6,421,000,000","25,800,000","22,517,430,000","877,435,610.00","116,231.3",3.54896,98.0489
2007,Tlaxcala,"42,000,000",0,"298,000,000","153,000,000","370,000,000","1,700,000","746,244,000","92,695,589.00","51,327.2",4.58385,90.1457
2007,Veracruz,"1,001,000,000",0,"3,834,000,000","21,300,000","7,581,000,000","39,200,000","4,270,075,000","577,732,770.00","69,029.8",2.74048,90.3055
2007,Yucatán,"350,000,000","5,200,000","1,813,000,000","58,800,000","5,200,000,000","348,500,000","1,146,549,000","192,976,639.15","77,960.9",1.96139,88.6133
2007,Zacatecas,"457,000,000",0,"211,000,000",0,"765,000,000","1,700,000","2,114,570,000","867,519,411.00","59,369.3",3.4694,78.9433
2008,Aguascalientes,"321,000,000",0,"2,010,000,000","220,000,000","1,818,000,000","14,300,000","4,456,893,000","337,485,204.58","107,694.0",5.70512,87.3450
2008,Baja California,"1,484,000,000","9,000,000","10,266,000,000","436,300,000","6,319,000,000","100,300,000","32,988,913,000","1,457,864,111.03","107,219.9",4.31092,98.2884
2008,Baja California Sur,"74,000,000",0,"1,781,000,000","139,000,000","2,974,000,000","571,200,000","183,755,000","837,646,717.99","122,210.9",4.1735,94.7384
2008,Campeche,"51,000,000","500,500,000","1,912,000,000","625,700,000","1,753,000,000","77,500,000","31,837,811,000","150,052,638.50","1,032,930.3",2.32575,120.2675
2008,Coahuila,"2,989,000,000",0,"6,324,000,000","273,200,000","5,682,000,000","686,700,000","21,757,037,000","583,083,045.00","143,032.8",5.6901,92.5902
2008,Colima,"169,000,000","500,000","477,000,000","1,400,000","1,007,000,000","8,500,000","86,608,000","187,543,117.69","102,638.0",3.36927,86.3614
2008,Chiapas,"575,000,000","1,300,000","462,000,000","5,600,000","1,741,000,000","7,100,000","894,423,000","63,203,183.00","47,612.0",2.91552,91.9426
2008,Chihuahua,"1,487,000,000","3,400,000","8,152,000,000","951,000,000","5,643,000,000","103,000,000","27,704,271,000","2,625,233,089.61","109,243.8",6.86118,92.5471
2008,Ciudad de México,"3,506,000,000","69,000,000","163,012,000,000","18,917,500,000","221,156,000,000","9,853,000,000","2,870,070,000","7,724,060,543.95","226,589.3",5.66908,91.6697
2008,Durango,"1,491,000,000","1,900,000","5,527,000,000","211,100,000","2,285,000,000","30,600,000","984,903,000","488,132,089.00","91,512.8",5.50315,87.6596
2008,Guanajuato,"1,440,000,000",0,"9,814,000,000","57,300,000","10,065,000,000","2,458,900,000","6,419,924,000","751,784,794.00","85,146.4",5.45716,84.6023
2008,Guerrero,"104,000,000",0,"742,000,000",0,"1,059,000,000","1,000,000","248,331,000","574,946,035.10","53,630.5",1.50196,95.1892
2008,Hidalgo,"79,000,000",0,"2,879,000,000","400,000","913,000,000","1,400,000","2,044,631,000","121,744,071.00","74,796.5",4.66571,90.3965
2008,Jalisco,"2,216,000,000",0,"20,701,000,000","370,600,000","22,385,000,000","225,800,000","15,360,598,000","1,040,661,332.06","104,717.2",4.0294,90.1819
2008,Estado de México,"458,000,000","11,200,000","20,229,000,000","382,700,000","20,187,000,000","672,300,000","9,909,898,000","2,345,891,903.91","71,000.4",5.0385,87.7662
2008,Michoacán,"851,000,000",0,"2,428,000,000","231,200,000","4,483,000,000","18,300,000","1,099,715,000","187,211,323.00","72,100.4",2.92925,93.0986
2008,Morelos,"179,000,000",0,"1,617,000,000",0,"2,498,000,000","17,000,000","1,950,867,000","284,792,855.00","72,729.2",3.61092,93.1621
2008,Nayarit,"167,000,000","300,000","384,000,000","105,300,000","1,051,000,000","10,100,000","39,904,000","155,139,609.62","71,737.7",3.4711,94.8522
2008,Nuevo León,"1,129,000,000",0,"73,012,000,000","11,471,400,000","48,861,000,000","2,038,400,000","21,765,787,000","1,670,874,487.12","201,680.8",4.40989,90.6993
2008,Oaxaca,"42,000,000",0,"346,000,000","76,800,000","978,000,000","14,400,000","1,448,886,000","201,179,976.80","48,765.9",2.09445,92.3092
2008,Puebla,"855,000,000",0,"6,410,000,000","70,700,000","7,939,000,000","6,900,000","9,205,475,000","381,131,712.31","70,508.6",3.16583,90.3156
2008,Querétaro,"676,000,000",0,"4,361,000,000","20,100,000","2,493,000,000","5,700,000","4,067,929,000","1,071,503,836.00","127,053.6",3.97021,86.9867
2008,Quintana Roo,"21,000,000","1,000,000","2,809,000,000","7,000,000","17,652,000,000","153,700,000","42,303,000","297,270,731.15","132,598.2",3.82201,90.1213
2008,San Luis Potosí,"627,000,000",0,"5,068,000,000","186,000,000","2,637,000,000","237,900,000","4,528,943,000","460,727,327.00","88,080.0",3.30427,87.6996
2008,Sinaloa,"4,956,000,000","6,800,000","15,901,000,000",0,"10,373,000,000","10,200,000","380,924,000","175,916,218.76","90,396.0",3.51752,94.6972
2008,Sonora,"3,775,000,000","80,500,000","5,490,000,000","8,600,000","5,288,000,000","39,300,000","12,035,115,000","1,576,951,719.83","115,925.1",4.32221,85.5779
2008,Tabasco,"69,000,000","100,000","946,000,000","10,900,000","1,946,000,000","40,400,000","9,990,789,000","135,083,401.88","212,931.5",5.68599,85.8343
2008,Tamaulipas,"1,185,000,000",0,"6,471,000,000","27,200,000","5,597,000,000","24,900,000","23,850,568,000","932,427,943.45","128,454.9",4.85503,102.1362
2008,Tlaxcala,"22,000,000",0,"521,000,000","176,400,000","606,000,000","23,100,000","870,812,000","123,709,811.00","54,797.8",5.26893,94.9681
2008,Veracruz,"1,378,000,000",0,"4,147,000,000","17,200,000","8,758,000,000","31,900,000","5,432,207,000","607,780,186.17","74,607.3",2.33754,90.1398
2008,Yucatán,"418,000,000","3,800,000","1,821,000,000","37,600,000","6,487,000,000","905,000,000","1,089,135,000","146,096,871.07","83,366.1",2.22447,89.5130
2008,Zacatecas,"394,000,000",0,"204,000,000",0,"786,000,000","1,600,000","2,420,351,000","1,836,462,303.00","65,616.8",2.95618,86.0579
2009,Aguascalientes,"290,000,000",0,"3,327,000,000","206,700,000","2,596,000,000","13,900,000","3,951,108,000","342,206,057.36","107,606.8",6.80876,82.8918
2009,Baja California,"1,403,000,000","8,500,000","10,661,000,000","322,300,000","6,687,000,000","429,200,000","26,741,829,000","829,523,189.55","103,099.5",6.65778,87.5885
2009,Baja California Sur,"72,000,000",0,"1,824,000,000","122,100,000","2,863,000,000","729,500,000","165,276,000","455,989,574.37","120,083.3",5.57717,94.1850
2009,Campeche,"49,000,000","200,000","1,190,000,000","514,800,000","1,331,000,000","59,200,000","17,593,024,000","26,167,399.62","714,090.8",3.42689,108.2754
2009,Coahuila,"2,681,000,000",0,"7,388,000,000","124,500,000","5,098,000,000","639,400,000","13,904,920,000","381,210,294.72","124,311.8",7.11484,78.2835
2009,Colima,"86,000,000","200,000","522,000,000","700,000","1,001,000,000","5,100,000","81,344,000","134,864,698.96","94,843.5",4.22052,83.6194
2009,Chiapas,"604,000,000","600,000","435,000,000","2,600,000","2,923,000,000","3,600,000","855,359,000","91,881,580.19","44,398.0",2.67753,91.3760
2009,Chihuahua,"1,675,000,000",0,"6,988,000,000","1,366,700,000","6,132,000,000","477,600,000","24,772,116,000","1,424,710,974.07","102,545.2",8.41372,84.2090
2009,Ciudad de México,"2,728,000,000","50,800,000","184,247,000,000","27,357,500,000","212,842,000,000","13,333,700,000","2,378,038,000","5,252,792,046.02","229,127.0",6.4035,88.3823
2009,Durango,"1,307,000,000",0,"7,120,000,000","80,600,000","2,299,000,000","13,600,000","829,446,000","127,368,829.39","88,194.5",7.14398,86.2635
2009,Guanajuato,"1,581,000,000",0,"11,134,000,000","40,500,000","13,069,000,000","23,400,000","5,684,014,000","508,597,998.97","79,920.6",5.78446,81.0116
2009,Guerrero,"62,000,000",0,"673,000,000",0,"969,000,000","1,000,000","464,864,000","136,014,108.07","49,744.1",1.92569,91.9693
2009,Hidalgo,"52,000,000",0,"2,682,000,000","400,000","1,136,000,000","1,200,000","1,269,505,000","111,455,124.00","66,487.6",5.74024,84.6735
2009,Jalisco,"2,007,000,000",0,"22,198,000,000","265,700,000","24,567,000,000","203,100,000","15,059,588,000","1,005,721,113.59","98,288.9",4.92395,85.4445
2009,Estado de México,"221,000,000","10,300,000","21,969,000,000","721,500,000","20,248,000,000","626,200,000","7,648,353,000","1,592,380,484.35","68,777.4",6.62353,83.4139
2009,Michoacán,"549,000,000",0,"2,576,000,000","249,300,000","5,327,000,000","20,400,000","805,947,000","156,475,305.14","63,750.9",3.65813,88.1872
2009,Morelos,"159,000,000",0,"1,370,000,000",0,"2,692,000,000","6,400,000","1,562,214,000","121,691,886.36","71,438.3",3.44284,92.4350
2009,Nayarit,"152,000,000",0,"460,000,000","227,400,000","948,000,000","6,300,000","57,563,000","104,336,008.11","65,354.7",3.73098,89.7817
2009,Nuevo León,"1,439,000,000",0,"65,542,000,000","10,028,700,000","52,930,000,000","2,488,300,000","17,327,012,000","952,556,422.33","186,799.9",6.68618,84.6867
2009,Oaxaca,"80,000,000",0,"329,000,000","64,800,000","1,077,000,000","2,200,000","1,044,383,000","235,927,975.35","46,150.8",2.0155,91.4444
2009,Puebla,"366,000,000",0,"6,089,000,000","64,100,000","5,896,000,000","199,700,000","6,675,261,000","182,548,394.15","65,972.6",3.57227,83.3073
2009,Querétaro,"649,000,000",0,"3,906,000,000","6,700,000","3,035,000,000","6,900,000","3,471,123,000","1,131,609,862.20","118,579.1",8.04481,84.4750
2009,Quintana Roo,"15,000,000","800,000","2,702,000,000","4,100,000","18,968,000,000","119,100,000","35,712,000","290,410,516.82","130,232.9",5.55751,82.4209
2009,San Luis Potosí,"762,000,000",0,"5,663,000,000","85,600,000","2,630,000,000","58,200,000","3,559,105,000","85,025,897.00","81,530.0",3.76368,83.0948
2009,Sinaloa,"3,950,000,000","2,800,000","14,926,000,000","106,800,000","9,572,000,000","8,300,000","208,159,000","149,510,044.30","86,965.5",5.06865,90.7119
2009,Sonora,"3,259,000,000","74,100,000","5,179,000,000","247,800,000","4,902,000,000","36,700,000","9,380,258,000","358,107,391.74","110,952.9",6.2172,80.4158
2009,Tabasco,"93,000,000",0,"888,000,000","300,000","1,687,000,000","27,300,000","6,968,591,000","90,366,139.27","178,315.7",5.94688,89.5807
2009,Tamaulipas,"1,345,000,000",0,"8,123,000,000","26,000,000","7,896,000,000","17,300,000","18,320,316,000","603,163,574.23","110,574.0",6.37921,92.9207
2009,Tlaxcala,"12,000,000",0,"417,000,000","42,800,000","539,000,000","1,100,000","645,311,000","72,191,991.00","52,816.6",5.95741,93.2486
2009,Veracruz,"1,141,000,000",0,"3,838,000,000","2,300,000","10,106,000,000","27,900,000","4,106,798,000","518,413,177.07","68,740.1",3.15318,88.1775
2009,Yucatán,"730,000,000",0,"1,825,000,000","660,000,000","5,822,000,000","3,291,700,000","1,033,444,000","79,840,368.08","83,758.6",3.18571,87.7552
2009,Zacatecas,"241,000,000",0,"379,000,000","427,400,000","815,000,000","1,600,000","1,634,146,000","301,516,316.00","66,242.9",4.64986,88.8690
2010,Aguascalientes,"321,000,000",0,"3,714,000,000","462,400,000","2,016,000,000","1,200,000","5,647,930,000","333,154,532.30","114,629.6",6.9271,88.0713
2010,Baja California,"1,467,000,000","1,500,000","9,269,000,000","1,332,600,000","14,275,000,000","592,900,000","28,882,194,000","1,414,822,949.70","106,973.5",5.3748,91.9742
2010,Baja California Sur,"65,000,000",0,"2,008,000,000","149,300,000","2,777,000,000","416,300,000","190,833,000","521,603,433.72","119,799.6",5.7658,96.1998
2010,Campeche,"57,000,000","200,000","861,000,000","498,100,000","1,323,000,000","41,100,000","23,556,375,000","73,203,547.95","780,615.2",2.6737,104.5603
2010,Coahuila,"3,145,000,000",0,"6,100,000,000","198,500,000","5,757,000,000","582,800,000","21,970,635,000","751,200,891.00","140,519.5",6.9381,91.0341
2010,Colima,"269,000,000","200,000","555,000,000","500,000","1,142,000,000","3,300,000","107,856,000","264,838,877.15","110,683.9",4.4070,89.6850
2010,Chiapas,"494,000,000",0,"569,000,000","1,200,000","2,411,000,000","3,600,000","1,245,155,000","157,675,836.15","49,100.9",2.8243,96.4631
2010,Chihuahua,"1,864,000,000",0,"9,985,000,000","1,396,200,000","6,234,000,000","49,400,000","34,633,882,000","1,847,780,537.25","106,661.5",5.7001,87.7189
2010,Ciudad de México,"2,831,000,000","35,900,000","217,248,000,000","28,842,300,000","233,308,000,000","18,860,800,000","2,759,613,000","4,064,556,145.56","245,654.7",6.6135,91.5395
2010,Durango,"1,316,000,000",0,"4,523,000,000","69,600,000","2,519,000,000","1,200,000","1,117,273,000","414,063,762.40","94,572.4",5.7608,89.5348
2010,Guanajuato,"1,884,000,000",0,"11,425,000,000","548,100,000","12,403,000,000","19,400,000","8,275,950,000","399,273,873.54","89,471.0",5.7518,86.9812
2010,Guerrero,"54,000,000",0,"870,000,000",0,"998,000,000","1,000,000","629,384,000","139,551,181.57","54,114.9",2.1077,96.8371
2010,Hidalgo,"65,000,000",0,"3,063,000,000","400,000","1,262,000,000","1,200,000","1,099,189,000","380,346,931.00","73,450.3",4.0036,89.3156
2010,Jalisco,"2,841,000,000",0,"22,061,000,000","204,600,000","28,084,000,000","224,200,000","18,800,995,000","2,210,295,161.80","105,703.4",5.7772,90.8493
2010,Estado de México,"275,000,000","23,000,000","30,209,000,000","8,098,000,000","23,063,000,000","505,800,000","10,863,011,000","2,028,378,657.04","76,584.0",6.7147,89.8663
2010,Michoacán,"1,048,000,000",0,"2,808,000,000","69,800,000","4,826,000,000","198,800,000","1,180,681,000","158,195,142.87","67,704.4",3.6297,91.7381
2010,Morelos,"266,000,000",0,"1,148,000,000",0,"3,021,000,000","400,000","2,101,613,000","199,379,236.00","77,002.8",3.8603,96.0787
2010,Nayarit,"294,000,000","185,700,000","785,000,000","81,900,000","2,102,000,000","44,000,000","63,365,000","178,127,653.13","68,864.6",3.8301,94.3631
2010,Nuevo León,"1,242,000,000",0,"67,295,000,000","11,515,300,000","48,608,000,000","4,309,000,000","21,343,766,000","4,841,885,549.66","205,198.1",5.7886,91.1275
2010,Oaxaca,"46,000,000",0,"443,000,000","105,400,000","1,434,000,000","46,600,000","830,211,000","117,569,132.14","51,486.0",2.6141,92.9020
2010,Puebla,"559,000,000",0,"6,083,000,000","120,800,000","6,118,000,000","81,400,000","8,596,410,000","772,902,402.34","72,897.3",4.2114,90.5078
2010,Querétaro,"628,000,000",0,"6,169,000,000","4,400,000","3,249,000,000","2,800,000","4,598,764,000","852,033,415.50","128,941.2",7.1214,89.8164
2010,Quintana Roo,"12,000,000","700,000","3,297,000,000","2,900,000","13,489,000,000","50,300,000","59,003,000","296,699,492.11","137,178.6",5.2771,86.6278
2010,San Luis Potosí,"800,000,000",0,"5,956,000,000","1,459,600,000","2,510,000,000","40,400,000","4,825,611,000","473,494,727.00","88,489.7",4.3678,87.4960
2010,Sinaloa,"4,403,000,000","700,000","15,699,000,000","158,300,000","11,570,000,000","103,600,000","265,118,000","217,615,672.53","94,834.1",4.1063,93.5821
2010,Sonora,"3,518,000,000","42,700,000","5,421,000,000","17,900,000","7,299,000,000","71,500,000","13,490,936,000","1,108,840,353.44","120,094.0",7.6066,84.5559
2010,Tabasco,"145,000,000",0,"899,000,000","300,000","1,762,000,000","15,900,000","10,608,707,000","141,262,487.31","211,631.7",8.2008,94.8311
2010,Tamaulipas,"1,488,000,000",0,"6,634,000,000","235,900,000","7,394,000,000","12,900,000","21,294,756,000","1,035,875,732.56","117,640.8",7.6265,94.7117
2010,Tlaxcala,"8,000,000",0,"934,000,000","21,500,000","651,000,000","6,700,000","816,038,000","91,171,233.40","57,068.5",6.4821,101.3145
2010,Veracruz,"1,264,000,000",0,"5,505,000,000","161,100,000","9,882,000,000","28,700,000","5,172,167,000","1,230,772,750.97","74,959.6",3.7356,91.9104
2010,Yucatán,"664,000,000",0,"1,943,000,000","622,700,000","4,777,000,000","2,602,200,000","1,200,008,000","94,817,557.58","89,987.4",2.5502,90.8993
2010,Zacatecas,"307,000,000",0,"376,000,000","426,600,000","818,000,000","1,600,000","2,277,321,000","381,918,385.00","75,677.0",5.1516,98.5508
2011,Aguascalientes,"385,000,000",0,"3,949,000,000","626,100,000","1,940,000,000",0,"6,051,641,000","187,721,737.17","123,645.9",6.3167,91.9651
2011,Baja California,"1,342,000,000",0,"10,234,000,000","478,000,000","9,064,000,000","622,100,000","30,151,513,000","766,322,327.19","121,937.8",7.0814,94.6675
2011,Baja California Sur,"127,000,000",0,"2,431,000,000","98,800,000","2,746,000,000","475,500,000","174,852,000","711,160,428.78","157,790.5",4.4975,99.7219
2011,Campeche,"44,000,000","200,000","1,073,000,000","498,300,000","3,092,000,000","23,400,000","31,335,436,000","24,797,560.59","895,284.5",2.7465,100.7515
2011,Coahuila,"3,544,000,000",0,"7,696,000,000","203,400,000","5,911,000,000","368,900,000","27,238,515,000","647,141,526.51","164,349.9",5.6061,97.2130
2011,Colima,"331,000,000",0,"662,000,000","100,000","1,394,000,000","2,000,000","142,734,000","154,613,326.15","120,805.9",4.3158,96.1963
2011,Chiapas,"531,000,000",0,"660,000,000",0,"3,122,000,000",0,"1,665,279,000","92,808,819.25","51,692.0",2.2443,99.4736
2011,Chihuahua,"1,892,000,000",0,"9,888,000,000","1,711,400,000","7,013,000,000",0,"38,446,014,000","1,218,112,005.09","103,829.5",6.0243,89.7415
2011,Ciudad de México,"4,398,000,000","16,200,000","245,506,000,000","53,287,600,000","278,329,000,000","22,948,900,000","3,068,807,000","7,507,591,731.33","260,180.8",6.0341,94.7903
2011,Durango,"1,395,000,000",0,"8,549,000,000","716,100,000","2,307,000,000","800,000","1,402,922,000","228,619,286.88","101,986.9",5.4155,93.2621
2011,Guanajuato,"2,396,000,000",0,"12,212,000,000","488,000,000","13,133,000,000",0,"9,701,099,000","1,424,685,596.79","95,276.1",5.1193,92.1940
2011,Guerrero,"28,000,000",0,"994,000,000",0,"1,048,000,000","600,000","680,047,000","241,804,087.20","59,381.9",2.1282,98.0197
2011,Hidalgo,"75,000,000",0,"2,271,000,000",0,"1,533,000,000","500,000","1,539,100,000","265,525,408.05","83,431.4",4.1759,92.8940
2011,Jalisco,"4,028,000,000",0,"23,245,000,000","1,069,700,000","32,534,000,000","605,400,000","15,333,202,000","1,036,265,968.03","115,809.5",5.2879,93.5763
2011,Estado de México,"336,000,000","9,400,000","31,116,000,000","5,520,300,000","27,494,000,000","824,300,000","15,920,530,000","2,711,662,556.35","81,263.8",5.9620,94.0149
2011,Michoacán,"1,364,000,000",0,"2,920,000,000","521,500,000","6,910,000,000","532,500,000","1,142,307,000","150,682,434.36","74,871.7",2.8751,95.4960
2011,Morelos,"301,000,000",0,"1,787,000,000",0,"2,866,000,000",0,"3,141,480,000","102,458,756.94","89,240.3",2.6827,95.9105
2011,Nayarit,"329,000,000",0,"823,000,000","35,600,000","2,202,000,000","22,800,000","101,538,000","147,660,345.50","81,605.5",5.2292,97.1790
2011,Nuevo León,"1,537,000,000",0,"81,697,000,000","13,275,200,000","62,677,000,000","4,272,100,000","24,589,655,000","1,679,233,926.41","207,714.8",5.4916,95.0944
2011,Oaxaca,"62,000,000",0,"536,000,000","46,900,000","1,803,000,000","1,300,000","996,977,000","178,116,985.73","56,556.1",2.8994,95.6988
2011,Puebla,"664,000,000",0,"6,807,000,000","51,100,000","8,216,000,000","1,300,000","10,692,381,000","594,452,502.92","74,976.1",4.2558,95.0115
2011,Querétaro,"1,473,000,000",0,"5,285,000,000","1,300,000","3,596,000,000","2,700,000","6,088,264,000","1,054,761,952.24","147,257.3",5.2539,96.5235
2011,Quintana Roo,"11,000,000",0,"3,372,000,000","1,300,000","18,055,000,000","58,400,000","100,307,000","503,769,660.75","145,800.5",4.2356,91.4686
2011,San Luis Potosí,"910,000,000",0,"9,998,000,000","1,991,900,000","2,631,000,000","74,200,000","5,755,598,000","268,264,026.85","102,418.5",3.3457,92.2004
2011,Sinaloa,"5,290,000,000",0,"14,177,000,000","231,500,000","16,731,000,000","782,400,000","313,569,000","230,944,167.91","99,086.8",4.5241,95.4101
2011,Sonora,"3,790,000,000","35,400,000","6,156,000,000",0,"8,732,000,000","319,000,000","14,095,225,000","304,133,335.26","146,977.5",6.0980,92.3958
2011,Tabasco,"204,000,000",0,"1,221,000,000","300,000","2,108,000,000","6,600,000","15,545,850,000","233,242,591.31","219,536.6",6.0642,99.2997
2011,Tamaulipas,"1,526,000,000",0,"11,983,000,000","130,500,000","8,612,000,000","192,500,000","22,084,503,000","842,821,901.82","125,983.7",6.7695,96.5191
2011,Tlaxcala,"5,000,000",0,"755,000,000","10,000,000","313,000,000",0,"937,983,000","251,229,704.21","64,268.9",5.8465,98.1452
2011,Veracruz,"1,444,000,000",0,"6,733,000,000","155,200,000","10,431,000,000","26,500,000","6,745,682,000","1,189,113,095.66","94,855.4",3.2167,95.5795
2011,Yucatán,"650,000,000",0,"2,658,000,000","750,900,000","5,177,000,000","1,253,600,000","1,326,400,000","165,535,432.68","101,599.4",2.4622,94.0245
2011,Zacatecas,"337,000,000",0,"414,000,000","422,600,000","1,012,000,000","1,600,000","3,223,110,000","466,732,925.55","113,361.6",6.1166,98.6505
2012,Aguascalientes,"758,000,000",0,"3,246,000,000","206,200,000","2,757,000,000",0,"6,183,783,000"," 355,209,502.95 ","132,213.2",6.0068,97.0406
2012,Baja California,"2,088,000,000",0,"13,124,000,000","752,400,000","8,478,000,000","276,400,000","31,663,053,000"," 1,018,515,250.56 ","128,457.2",5.8770,97.9592
2012,Baja California Sur,"106,000,000",0,"1,950,000,000","76,300,000","2,524,000,000","73,700,000","169,198,000"," 738,606,626.62 ","160,680.5",5.5694,102.0153
2012,Campeche,"154,000,000",0,"1,300,000,000","529,000,000","3,931,000,000","14,500,000","29,394,573,000"," 209,668,314.87 ","878,339.3",2.1069,99.1266
2012,Coahuila,"2,604,000,000",0,"8,896,000,000","746,000,000","6,645,000,000","21,700,000","31,636,120,000"," 539,366,657.29 ","179,467.7",5.6282,102.1079
2012,Colima,"345,000,000",0,"1,402,000,000","100,000","1,959,000,000","500,000","221,097,000"," 60,455,693.82 ","126,846.6",4.8079,99.0351
2012,Chiapas,"663,000,000",0,"782,000,000",0,"3,530,000,000",0,"1,618,570,000"," 121,091,684.93 ","54,264.2",2.4964,101.3556
2012,Chihuahua,"2,909,000,000",0,"7,819,000,000","600,300,000","7,615,000,000","310,000,000","41,764,861,000"," 1,186,894,458.68 ","115,926.0",5.7741,96.4047
2012,Ciudad de México,"8,721,000,000",0,"272,518,000,000","83,184,300,000","296,843,000,000","20,679,300,000","2,937,463,000"," 1,332,022,628.85 ","277,432.6",6.0550,98.5361
2012,Durango,"1,264,000,000",0,"7,141,000,000","530,400,000","2,195,000,000","300,000","1,608,286,000"," 268,388,816.27 ","107,307.3",5.5387,96.7682
2012,Guanajuato,"2,197,000,000",0,"12,570,000,000","465,100,000","14,532,000,000",0,"10,148,714,000"," 1,321,193,331.78 ","103,289.8",5.5862,96.0218
2012,Guerrero,"39,000,000",0,"1,025,000,000",0,"1,478,000,000",0,"728,035,000"," 164,284,604.64 ","62,324.5",2.8084,99.6833
2012,Hidalgo,"89,000,000",0,"2,592,000,000",0,"1,708,000,000",0,"1,510,003,000"," 178,808,995.78 ","91,235.1",5.2649,96.4561
2012,Jalisco,"4,843,000,000",0,"25,977,000,000","1,389,000,000","36,265,000,000","662,300,000","19,379,718,000"," 1,415,262,390.03 ","123,689.2",5.3620,97.7132
2012,Estado de México,"270,000,000",0,"35,363,000,000","5,021,300,000","26,770,000,000","564,200,000","17,076,558,000"," 3,118,620,042.57 ","86,312.5",5.7570,98.1570
2012,Michoacán,"1,373,000,000",0,"6,362,000,000","705,000,000","6,788,000,000","585,000,000","1,251,984,000"," 335,970,227.96 ","77,687.4",4.1088,97.9315
2012,Morelos,"382,000,000",0,"1,954,000,000",0,"2,837,000,000",0,"4,120,009,000"," 274,317,482.08 ","96,040.7",4.1652,96.4814
2012,Nayarit,"518,000,000",0,"753,000,000","10,900,000","1,460,000,000","421,700,000","96,988,000"," 157,257,386.14 ","83,766.0",6.1057,97.2717
2012,Nuevo León,"1,517,000,000",0,"80,609,000,000","10,922,800,000","56,720,000,000","4,029,400,000","25,815,501,000"," 1,280,851,826.93 ","221,790.2",5.4061,99.0060
2012,Oaxaca,"87,000,000",0,"1,104,000,000","37,000,000","1,761,000,000","1,100,000","776,494,000"," 353,700,450.49 ","62,869.7",2.5880,97.6230
2012,Puebla,"637,000,000",0,"7,514,000,000","57,200,000","11,687,000,000",0,"12,277,946,000"," 759,041,613.61 ","81,672.8",4.1603,100.9570
2012,Querétaro,"798,000,000",0,"5,969,000,000","185,500,000","5,305,000,000",0,"7,386,392,000"," 100,335,642.74 ","159,612.8",5.7844,99.4702
2012,Quintana Roo,"16,000,000",0,"1,835,000,000","200,000","17,497,000,000","217,600,000","44,175,000"," 583,703,878.69 ","156,703.7",4.3296,95.7550
2012,San Luis Potosí,"1,299,000,000",0,"10,951,000,000","2,283,300,000","3,128,000,000","37,500,000","7,224,414,000"," 880,324,356.63 ","110,354.6",3.0969,96.5565
2012,Sinaloa,"6,898,000,000","649,600,000","13,928,000,000","642,400,000","20,983,000,000","651,000,000","449,552,000"," 432,504,678.86 ","107,605.3",4.7164,98.8309
2012,Sonora,"3,727,000,000","18,500,000","5,842,000,000",0,"8,818,000,000","298,500,000","14,638,938,000"," 1,171,715,943.82 ","158,587.3",6.1573,97.1802
2012,Tabasco,"464,000,000",0,"2,043,000,000",0,"2,500,000,000","2,700,000","14,748,678,000"," 325,467,944.75 ","227,413.6",5.7410,101.8741
2012,Tamaulipas,"2,111,000,000",0,"11,478,000,000","71,900,000","9,714,000,000","12,300,000","22,268,195,000"," 1,051,421,967.76 ","131,922.6",6.1413,98.5483
2012,Tlaxcala,"13,000,000",0,"1,867,000,000","38,000,000","431,000,000",0,"1,016,392,000"," 79,509,083.57 ","68,706.3",5.9307,102.5793
2012,Veracruz,"2,109,000,000",0,"8,188,000,000","150,000,000","12,130,000,000","900,000","6,984,282,000"," 1,061,320,844.53 ","103,970.6",2.4745,99.7918
2012,Yucatán,"765,000,000",0,"3,378,000,000","762,700,000","4,838,000,000","1,094,400,000","1,328,358,000"," 127,920,977.95 ","108,018.0",2.3107,99.4960
2012,Zacatecas,"321,000,000",0,"1,275,000,000","59,700,000","1,986,000,000",0,"3,545,856,000"," 754,387,917.84 ","118,372.9",5.4194,101.2732
2013,Aguascalientes,"664,000,000",0,"3,086,000,000","215,400,000","2,738,000,000",0,"6,726,207,000","69,139,115.88","138,272.6",5.8713,100.0000
2013,Baja California,"2,132,000,000",0,"13,521,000,000","899,800,000","8,004,000,000","527,000,000","32,229,572,000","1,290,826,480.77","129,403.1",5.1049,100.0000
2013,Baja California Sur,"113,000,000",0,"1,786,000,000","67,800,000","3,593,000,000","1,400,000","177,216,000","421,336,749.14","162,963.0",5.0516,100.0000
2013,Campeche,"170,000,000",0,"5,191,000,000","4,500,000","2,917,000,000","12,700,000","27,136,524,000","278,416,956.73","806,518.4",2.0565,100.0000
2013,Coahuila,"3,078,000,000",0,"8,281,000,000","684,200,000","8,359,000,000","53,400,000","33,015,111,000","1,804,578,936.07","177,997.5",5.0274,100.0000
2013,Colima,"364,000,000",0,"1,152,000,000",0,"2,429,000,000","100,000","280,985,000","167,787,381.42","129,897.2",4.9889,100.0000
2013,Chiapas,"634,000,000",0,"827,000,000",0,"3,846,000,000",0,"1,613,293,000","182,413,975.87","53,811.4",3.5619,100.0000
2013,Chihuahua,"4,191,000,000",0,"7,780,000,000","533,900,000","7,687,000,000","299,400,000","43,770,979,000","2,311,444,190.67","120,383.3",4.4234,100.0000
2013,Ciudad de México,"9,420,000,000","930,300,000","300,032,000,000","107,416,800,000","358,427,000,000","33,910,300,000","2,602,629,000","5,813,976,049.68","290,216.6",5.4086,100.0000
2013,Durango,"1,423,000,000","60,700,000","2,755,000,000","1,034,800,000","2,104,000,000",0,"1,687,175,000","482,486,799.70","110,868.0",5.5993,100.0000
2013,Guanajuato,"2,061,000,000",0,"14,261,000,000","438,500,000","15,765,000,000","2,485,800,000","12,170,998,000","2,621,382,918.70","107,598.9",5.1586,100.0000
2013,Guerrero,"49,000,000",0,"1,286,000,000",0,"1,434,000,000",0,"613,327,000","1,088,173,729.31","64,137.0",2.7387,100.0000
2013,Hidalgo,"70,000,000",0,"3,109,000,000",0,"2,245,000,000",0,"1,589,974,000","470,020,686.17","90,397.8",4.9650,100.0000
2013,Jalisco,"4,944,000,000",0,"28,063,000,000","1,694,800,000","40,304,000,000","512,700,000","20,104,516,000","2,937,916,386.11","127,768.0",5.0558,100.0000
2013,Estado de México,"225,000,000",0,"32,633,000,000","2,012,900,000","33,092,000,000","1,265,900,000","18,210,483,000","4,608,437,964.70","88,305.9",5.0654,100.0000
2013,Michoacán,"1,845,000,000",0,"8,242,000,000","2,241,200,000","7,775,000,000","501,100,000","1,534,102,000","2,246,225,538.39","79,638.9",4.3685,100.0000
2013,Morelos,"700,000,000",0,"2,535,000,000","1,540,000,000","3,018,000,000",0,"4,207,054,000","451,155,322.89","98,382.3",4.2901,100.0000
2013,Nayarit,"554,000,000",0,"643,000,000","10,000,000","1,469,000,000","448,200,000","109,407,000","535,432,924.56","86,737.1",5.1875,100.0000
2013,Nuevo León,"1,815,000,000",0,"81,368,000,000","11,016,900,000","59,279,000,000","4,793,300,000","25,897,184,000","2,211,968,659.46","223,330.4",4.7368,100.0000
2013,Oaxaca,"162,000,000",0,"1,085,000,000","26,800,000","1,818,000,000","1,400,000","1,117,820,000","1,942,551,064.00","61,785.8",2.9155,100.0000
2013,Puebla,"646,000,000",0,"9,627,000,000","14,600,000","10,726,000,000","532,900,000","11,003,344,000","1,440,820,001.95","82,222.9",3.7552,100.0000
2013,Querétaro,"1,034,000,000",0,"6,280,000,000","522,000,000","7,094,000,000","81,000,000","8,158,719,000","916,028,213.43","165,262.8",6.3495,100.0000
2013,Quintana Roo,"16,000,000",0,"2,460,000,000",0,"16,076,000,000","921,300,000","36,533,000","930,292,688.45","161,133.8",4.2689,100.0000
2013,San Luis Potosí,"1,586,000,000","808,000,000","9,912,000,000","196,300,000","3,312,000,000","37,000,000","7,803,665,000","2,008,126,458.96","111,368.4",3.1269,100.0000
2013,Sinaloa,"5,187,000,000","357,400,000","12,539,000,000","612,000,000","22,238,000,000","971,600,000","520,444,000","605,427,999.62","110,517.2",4.7243,100.0000
2013,Sonora,"4,285,000,000","16,900,000","6,412,000,000",0,"9,670,000,000","302,200,000","17,816,566,000","2,088,757,945.56","164,074.8",5.7605,100.0000
2013,Tabasco,"394,000,000",0,"2,691,000,000",0,"2,684,000,000","800,000","13,050,545,000","323,934,756.75","209,339.2",6.0319,100.0000
2013,Tamaulipas,"1,739,000,000",0,"9,408,000,000","44,000,000","9,543,000,000","69,900,000","22,929,248,000","1,732,418,430.91","132,540.2",5.8442,100.0000
2013,Tlaxcala,"60,000,000",0,"2,879,000,000","30,900,000","494,000,000",0,"1,238,637,000","80,735,158.41","69,868.5",4.8561,100.0000
2013,Veracruz,"2,166,000,000",0,"10,330,000,000",0,"13,193,000,000","900,000","7,503,947,000","1,702,750,025.73","102,592.5",3.6686,100.0000
2013,Yucatán,"800,000,000",0,"3,991,000,000","603,600,000","5,506,000,000","1,028,300,000","1,216,999,000","516,663,507.43","111,002.5",2.4665,100.0000
2013,Zacatecas,"497,000,000",0,"2,495,000,000","52,200,000","3,922,000,000",0,"3,489,501,000","3,973,158,215.21","103,851.9",3.9845,100.0000
2014,Aguascalientes,"566,000,000",0,"2,812,000,000","270,000,000","3,030,000,000",0,"8,466,008,000","978,798,845.92","156,128.1",5.4838,110.2201
2014,Baja California,"2,471,000,000",0,"12,186,000,000","2,145,600,000","8,597,000,000","1,243,600,000","35,002,851,000","1,214,614,854.94","132,219.1",4.7095,102.7060
2014,Baja California Sur,"248,000,000",0,"2,102,000,000","59,200,000","3,956,000,000","429,600,000","182,855,000","238,813,583.05","161,941.7",6.0043,100.8688
2014,Campeche,"245,000,000",0,"4,139,000,000",0,"2,569,000,000","332,700,000","22,327,077,000","218,574,275.62","772,896.2",2.5625,95.1318
2014,Coahuila,"3,700,000,000",0,"9,421,000,000","1,376,300,000","8,991,000,000","153,300,000","34,838,926,000","1,625,454,563.00","189,667.1",5.2918,103.9037
2014,Colima,"585,000,000",0,"1,147,000,000",0,"2,302,000,000",0,"269,703,000","195,635,702.99","137,970.8",5.0027,102.4948
2014,Chiapas,"468,000,000",0,"967,000,000",0,"3,736,000,000",0,"1,460,627,000","36,564,433.98","56,103.4",2.8756,104.6645
2014,Chihuahua,"5,182,000,000",0,"9,415,000,000","591,100,000","8,294,000,000","348,000,000","45,594,450,000","1,933,601,541.90","125,707.2",4.2582,101.9743
2014,Ciudad de México,"7,670,000,000","931,600,000","317,177,000,000","129,736,500,000","379,884,000,000","37,672,400,000","2,705,297,000","6,123,571,003.43","303,343.8",5.9601,102.8239
2014,Durango,"1,344,000,000","47,400,000","3,133,000,000","1,291,700,000","2,143,000,000",0,"1,861,966,000","155,883,622.24","114,574.3",5.4927,102.0713
2014,Guanajuato,"2,439,000,000",0,"14,480,000,000","417,100,000","15,809,000,000","2,609,900,000","17,204,369,000","1,317,885,670.03","118,533.1",4.2018,104.2903
2014,Guerrero,"54,000,000",0,"1,033,000,000",0,"1,566,000,000",0,"493,996,000","479,405,761.44","69,370.9",2.0929,104.0435
2014,Hidalgo,"65,000,000",0,"4,255,000,000","120,500,000","2,624,000,000",0,"1,721,651,000","-66,072,966.27","97,779.0",3.6305,105.2307
2014,Jalisco,"5,258,000,000",0,"30,773,000,000","2,074,600,000","43,868,000,000","750,300,000","18,737,712,000","1,685,660,357.80","136,145.0",4.8935,104.7790
2014,Estado de México,"207,000,000",0,"36,122,000,000","2,138,900,000","33,716,000,000","1,501,500,000","22,472,408,000","3,580,144,417.48","91,515.7",5.2757,102.7204
2014,Michoacán,"2,058,000,000",0,"4,627,000,000","2,943,600,000","12,202,000,000","1,172,200,000","1,099,319,000","211,479,052.61","86,946.0",3.9950,105.6165
2014,Morelos,"561,000,000",0,"2,287,000,000","1,539,500,000","3,248,000,000",0,"3,791,586,000","356,515,887.29","98,754.7",3.3372,101.9417
2014,Nayarit,"440,000,000",0,"800,000,000","8,400,000","1,703,000,000",0,"112,608,000","116,858,559.70","91,146.5",4.4613,105.1717
2014,Nuevo León,"2,628,000,000",0,"96,939,000,000","12,793,300,000","70,658,000,000","10,024,100,000","31,513,013,000","1,577,858,086.49","236,686.3",4.1458,103.2150
2014,Oaxaca,"92,000,000",0,"977,000,000","18,200,000","1,778,000,000","1,300,000","1,359,229,000","482,795,327.84","65,957.1",2.6179,101.9238
2014,Puebla,"605,000,000",0,"13,319,000,000","56,600,000","15,463,000,000","1,384,900,000","10,594,592,000","1,056,941,687.29","84,087.8",3.4213,101.3373
2014,Querétaro,"819,000,000",0,"8,003,000,000","591,000,000","7,841,000,000","188,600,000","9,147,776,000","1,116,211,729.29","180,003.2",5.4506,107.0867
2014,Quintana Roo,"31,000,000",0,"2,006,000,000","749,600,000","19,303,000,000","2,947,400,000","19,223,000","223,790,387.99","171,794.7",4.6528,103.5422
2014,San Luis Potosí,"1,786,000,000","1,182,600,000","8,774,000,000","196,600,000","5,453,000,000","40,700,000","8,476,833,000","1,064,819,352.48","114,755.7",2.8371,102.8646
2014,Sinaloa,"5,183,000,000","1,101,400,000","10,913,000,000","983,200,000","25,449,000,000","3,857,700,000","769,708,000","399,985,245.92","115,462.4",3.8212,101.7901
2014,Sonora,"5,090,000,000","20,300,000","5,911,000,000","59,600,000","10,843,000,000","401,100,000","15,611,884,000","993,364,257.93","165,331.5",5.0852,102.4654
2014,Tabasco,"347,000,000",0,"1,874,000,000",0,"2,889,000,000",0,"11,295,466,000","241,664,618.32","217,173.4",6.1702,102.0169
2014,Tamaulipas,"1,508,000,000",0,"11,051,000,000","46,500,000","10,423,000,000","267,000,000","27,397,995,000","723,894,110.51","141,590.5",4.7734,100.9826
2014,Tlaxcala,"8,000,000",0,"2,294,000,000","24,600,000","647,000,000",0,"1,278,536,000","120,712,936.35","71,898.4",4.5627,103.0857
2014,Veracruz,"2,161,000,000",0,"10,351,000,000",0,"12,969,000,000","900,000","7,242,795,000","1,271,254,202.52","103,993.4",3.4144,99.9268
2014,Yucatán,"820,000,000",0,"4,474,000,000","808,800,000","5,543,000,000","45,800,000","1,422,476,000","86,028,511.18","118,621.1",2.5552,103.7400
2014,Zacatecas,"521,000,000",0,"4,863,000,000","37,300,000","5,065,000,000",0,"3,086,747,000","758,913,801.92","106,608.4",4.2812,106.7750
2015,Aguascalientes,"846,000,000",0,"3,575,000,000","338,600,000","3,551,000,000",0,"8,495,444,000","812,584,142.43","151,020.2",4.0612,114.6974
2015,Baja California,"2,628,000,000",0,"12,714,000,000","2,679,600,000","9,374,000,000","4,257,600,000","38,441,996,000","1,167,269,082.23","154,250.8",3.7398,109.8673
2015,Baja California Sur,"405,000,000",0,"2,462,000,000","50,500,000","2,912,000,000","1,326,400,000","199,661,000","372,743,819.02","183,308.0",4.2058,113.4689
2015,Campeche,"232,000,000",0,"3,866,000,000",0,"2,650,000,000","384,400,000","11,288,366,000","543,001,122.83","708,503.9",3.0153,88.4229
2015,Coahuila,"4,856,000,000",0,"8,512,000,000","1,755,400,000","10,044,000,000","255,100,000","36,251,770,000","1,367,224,338.11","190,844.2",4.2435,104.7791
2015,Colima,"938,000,000",0,"1,036,000,000","943,900,000","2,682,000,000","267,400,000","288,408,000","165,322,271.02","134,805.0",4.2574,104.8737
2015,Chiapas,"387,000,000",0,"753,000,000",0,"4,545,000,000",0,"1,165,750,000","270,075,585.09","55,158.5",3.2504,102.4514
2015,Chihuahua,"5,784,000,000",0,"10,129,000,000","691,300,000","9,586,000,000","356,000,000","40,302,945,000","2,480,429,492.22","143,577.2",3.3953,107.2126
2015,Ciudad de México,"9,711,000,000","2,333,400,000","383,133,000,000","146,952,900,000","452,948,000,000","49,447,700,000","2,452,302,000","5,907,411,934.91","321,774.3",5.2413,107.3596
2015,Durango,"2,578,000,000","132,500,000","3,326,000,000","1,300,900,000","2,511,000,000",0,"1,752,495,000","231,098,955.41","109,923.2",3.9249,102.0287
2015,Guanajuato,"4,554,000,000","11,400,000","17,948,000,000","1,142,800,000","17,770,000,000","1,645,600,000","20,787,831,000","1,752,813,329.72","111,699.0",4.4788,109.9692
2015,Guerrero,"38,000,000",0,"888,000,000",0,"1,597,000,000",0,"334,522,000","164,089,905.67","64,977.1",2.0861,104.9217
2015,Hidalgo,"154,000,000",0,"4,500,000,000","447,100,000","2,920,000,000",0,"1,726,504,000","523,725,570.33","90,504.7",3.2447,111.9976
2015,Jalisco,"5,236,000,000",0,"31,565,000,000","5,250,100,000","49,156,000,000","1,366,500,000","19,737,684,000","3,138,390,836.16","140,842.4",4.2721,108.4732
2015,Estado de México,"179,000,000",0,"39,556,000,000","3,044,100,000","34,978,000,000","2,459,100,000","21,392,726,000","2,957,091,484.86","89,277.1",5.5112,105.8623
2015,Michoacán,"2,644,000,000",0,"4,776,000,000","4,031,400,000","14,788,000,000","979,000,000","822,900,000","419,026,597.78","84,205.7",3.1198,107.3922
2015,Morelos,"240,000,000",0,"2,575,000,000","1,539,300,000","2,914,000,000",0,"3,402,758,000","484,803,178.97","98,472.2",3.1577,102.9355
2015,Nayarit,"370,000,000",0,"827,000,000","3,400,000","1,441,000,000",0,"101,253,000","103,644,617.68","96,577.6",4.4942,110.0702
2015,Nuevo León,"3,543,000,000",0,"114,253,000,000","19,713,500,000","81,231,000,000","12,541,600,000","34,522,156,000","3,361,886,657.79","239,883.1",3.9871,109.1629
2015,Oaxaca,"83,000,000",0,"1,006,000,000","10,700,000","1,703,000,000","200,000","737,201,000","297,199,182.51","65,680.5",2.7002,106.1491
2015,Puebla,"765,000,000",0,"14,132,000,000","199,000,000","21,022,000,000","4,303,200,000","10,141,642,000","791,457,246.61","87,634.0",3.0327,104.1112
2015,Querétaro,"1,740,000,000",0,"8,740,000,000","844,000,000","8,583,000,000","224,800,000","10,400,467,000","1,438,320,077.10","177,798.2",4.6042,113.2595
2015,Quintana Roo,"145,000,000",0,"3,218,000,000","1,051,500,000","22,113,000,000","5,055,300,000","31,075,000","325,236,263.21","162,551.7",3.6724,108.3494
2015,San Luis Potosí,"2,351,000,000","1,389,000,000","8,613,000,000","172,500,000","6,057,000,000","37,000,000","9,806,397,000","1,899,053,072.78","121,185.1",2.7241,106.9708
2015,Sinaloa,"5,083,000,000","732,900,000","12,673,000,000","707,000,000","32,655,000,000","4,088,100,000","1,245,917,000","428,668,056.51","120,974.2",4.1097,107.4083
2015,Sonora,"5,747,000,000","22,300,000","7,321,000,000","92,800,000","10,373,000,000","300,900,000","16,895,883,000","609,953,408.27","192,822.2",4.6411,107.6994
2015,Tabasco,"461,000,000",0,"2,295,000,000",0,"3,210,000,000",0,"6,603,627,000","737,485,395.33","234,717.5",7.4612,101.5505
2015,Tamaulipas,"1,704,000,000",0,"12,644,000,000","30,900,000","10,702,000,000","427,500,000","26,300,102,000","1,103,241,785.48","143,123.2",4.2956,104.0879
2015,Tlaxcala,"2,000,000",0,"2,584,000,000","49,400,000","779,000,000",0,"1,307,252,000","152,518,518.41","75,781.8",5.0559,110.0402
2015,Veracruz,"2,801,000,000",0,"10,623,000,000","55,100,000","12,675,000,000","1,554,400,000","5,437,055,000","1,589,121,547.68","96,856.1",4.1045,100.5617
2015,Yucatán,"1,337,000,000",0,"5,998,000,000","957,200,000","6,159,000,000","3,100,000","1,470,940,000","213,489,789.13","109,849.9",2.5761,106.7595
2015,Zacatecas,"568,000,000",0,"4,726,000,000",0,"5,503,000,000",0,"3,325,166,000","107,575,489.09","101,256.6",3.9382,108.8838
2016,Aguascalientes,"797,000,000",0,"3,985,000,000","356,700,000","4,014,000,000",0,"7,870,962,000","594,879,731.61","196,232.8",3.8939,122.4811
2016,Baja California,"2,848,000,000",0,"9,837,000,000","3,933,700,000","16,509,000,000","5,105,400,000","35,997,280,000","1,566,921,937.26","178,356.1",2.2687,115.0428
2016,Baja California Sur,"344,000,000",0,"4,435,000,000","41,700,000","3,100,000,000","1,334,000,000","237,514,000","522,592,262.84","195,759.0",4.2319,116.4491
2016,Campeche,"516,000,000",0,"3,277,000,000",0,"2,491,000,000","442,300,000","9,515,107,000","142,145,830.29","444,780.1",3.9286,83.2928
2016,Coahuila,"4,255,000,000",0,"6,289,000,000","1,989,700,000","12,078,000,000","527,400,000","37,699,563,000","1,209,584,444.59","230,300.7",3.9111,106.3241
2016,Colima,"914,000,000",0,"1,444,000,000","3,744,100,000","2,258,000,000","206,900,000","272,612,000","-24,224,970.56","155,552.1",3.4553,107.8250
2016,Chiapas,"534,000,000",0,"1,224,000,000",0,"4,725,000,000",0,"587,504,000","138,792,434.09","60,262.5",2.7642,102.1746
2016,Chihuahua,"5,820,000,000",0,"20,238,000,000","2,059,800,000","11,282,000,000","400,000,000","43,342,066,000","1,983,085,243.33","171,964.6",2.3606,112.1597
2016,Ciudad de México,"15,544,000,000",0,"426,394,000,000","150,829,400,000","573,713,000,000","77,423,900,000","2,302,851,000","6,743,540,291.33","361,960.6",4.3356,110.6308
2016,Durango,"2,818,000,000","161,400,000","4,008,000,000","1,175,700,000","2,424,000,000",0,"1,654,784,000","275,933,868.73","131,259.9",3.5005,106.1402
2016,Guanajuato,"5,416,000,000","13,500,000","21,110,000,000","999,600,000","21,459,000,000","1,618,100,000","22,099,835,000","1,332,590,150.18","135,623.3",4.1154,113.2452
2016,Guerrero,"34,000,000",0,"750,000,000","367,500,000","2,340,000,000",0,"647,787,000","180,292,263.83","75,275.8",1.6453,107.0260
2016,Hidalgo,"151,000,000",0,"4,957,000,000","510,200,000","3,378,000,000","408,600,000","1,677,729,000","444,573,819.01","101,662.4",2.6676,116.3869
2016,Jalisco,"5,630,000,000",0,"33,887,000,000","3,714,600,000","48,782,000,000","4,668,800,000","17,877,862,000","2,085,779,545.15","167,611.8",3.3246,112.8170
2016,Estado de México,"655,000,000",0,"41,149,000,000","3,680,700,000","37,909,000,000","2,609,700,000","17,332,223,000","2,405,026,162.84","98,118.6",4.8282,108.8132
2016,Michoacán,"3,110,000,000",0,"5,571,000,000","4,037,200,000","15,060,000,000","879,000,000","979,214,000","193,871,305.42","99,867.8",2.3969,111.8637
2016,Morelos,"100,000,000",0,"2,919,000,000","1,388,200,000","3,382,000,000",0,"3,787,521,000","234,868,360.17","111,697.1",2.3175,106.7458
2016,Nayarit,"481,000,000",0,"738,000,000",0,"1,998,000,000",0,"166,361,000","90,038,889.10","108,478.5",3.6104,115.2911
2016,Nuevo León,"3,506,000,000",0,"130,889,000,000","25,008,000,000","104,899,000,000","14,505,800,000","32,177,305,000","3,343,256,708.98","267,821.7",4.1248,111.7910
2016,Oaxaca,"43,000,000",0,"1,252,000,000",0,"1,900,000,000","1,000,000","627,161,000","195,525,606.78","71,053.8",1.7375,104.5066
2016,Puebla,"881,000,000",0,"17,114,000,000","32,000,000","19,272,000,000","6,402,000,000","9,372,970,000","1,163,400,071.06","101,294.2",2.7933,106.9431
2016,Querétaro,"1,104,000,000",0,"9,680,000,000","816,600,000","9,070,000,000","541,300,000","10,314,836,000","1,070,770,171.47","215,548.7",4.6630,118.1125
2016,Quintana Roo,"32,000,000",0,"3,136,000,000","1,234,000,000","25,490,000,000","8,528,600,000","23,156,000","296,565,416.38","186,826.7",3.7219,116.0805
2016,San Luis Potosí,"2,203,000,000","1,489,700,000","11,438,000,000","1,005,100,000","5,295,000,000","59,600,000","9,505,026,000","814,928,954.45","145,230.5",1.9653,111.0974
2016,Sinaloa,"4,783,000,000","685,500,000","9,667,000,000","797,400,000","32,934,000,000","5,059,300,000","1,283,961,000","434,869,719.29","143,402.5",2.8051,112.6733
2016,Sonora,"6,360,000,000","26,600,000","8,022,000,000","186,100,000","11,769,000,000","241,500,000","17,544,423,000","506,182,145.03","219,537.6",4.1569,113.4485
2016,Tabasco,"471,000,000",0,"2,317,000,000",0,"3,168,000,000",0,"5,370,754,000","112,753,667.55","183,734.5",7.5934,96.5784
2016,Tamaulipas,"1,447,000,000",0,"12,678,000,000","685,400,000","11,709,000,000","226,400,000","24,926,226,000","1,145,619,355.47","155,656.3",4.1541,105.7511
2016,Tlaxcala,"6,000,000",0,"1,608,000,000","48,400,000","731,000,000",0,"1,310,801,000","253,119,961.00","84,920.1",3.5843,110.4977
2016,Veracruz,"3,021,000,000",0,"11,525,000,000","110,600,000","10,585,000,000","2,183,200,000","4,339,856,000","1,045,512,964.16","109,286.5",3.4763,100.4573
2016,Yucatán,"1,694,000,000",0,"5,773,000,000","530,400,000","7,319,000,000",0,"1,262,654,000","125,000,469.22","130,254.7",1.8290,112.3812
2016,Zacatecas,"604,000,000",0,"3,016,000,000",0,"5,464,000,000",0,"2,793,509,000","532,616,178.72","115,994.7",2.0283,107.5850
2017,Aguascalientes,"724,000,000",0,"5,151,000,000","329,900,000","4,825,000,000",0,"7,830,019,000","1,576,337,273.63","205,754.3",3.6658,125.3934
2017,Baja California,"3,200,000,000",0,"8,760,000,000","4,222,700,000","18,441,000,000","4,823,100,000","36,315,716,000","1,678,434,622.90","200,919.6",2.7451,118.8610
2017,Baja California Sur,"556,000,000",0,"2,970,000,000","32,700,000","7,699,000,000","1,309,500,000","249,573,000","595,575,042.89","248,236.0",4.0810,128.9922
2017,Campeche,"654,000,000",0,"2,646,000,000",0,"3,376,000,000","574,700,000","12,726,091,000","328,348,108.61","520,041.9",3.4170,74.5935
2017,Coahuila,"4,776,000,000",0,"7,943,000,000","1,941,500,000","14,032,000,000","927,900,000","38,950,677,000","2,672,544,098.34","250,857.2",3.6661,111.8012
2017,Colima,"900,000,000",0,"1,672,000,000","3,959,000,000","3,344,000,000","146,400,000","133,680,000","132,220,071.77","170,965.1",3.5485,111.6131
2017,Chiapas,"697,000,000",0,"1,578,000,000",0,"5,768,000,000","36,000,000","606,131,000","217,083,772.82","60,607.9",2.5061,98.8095
2017,Chihuahua,"6,390,000,000",0,"20,610,000,000","2,049,500,000","15,149,000,000","353,100,000","46,491,550,000","1,822,019,987.41","191,568.7",2.5984,115.7902
2017,Ciudad de México,"12,958,000,000",0,"421,327,000,000","150,816,200,000","627,952,000,000","81,735,200,000","2,630,544,000","5,103,023,741.83","376,724.9",4.5833,113.9343
2017,Durango,"3,464,000,000",0,"21,129,000,000","1,199,400,000","3,762,000,000",0,"1,672,357,000","131,113,191.10","136,987.0",3.2720,105.5574
2017,Guanajuato,"7,616,000,000","12,500,000","27,688,000,000","1,230,100,000","28,536,000,000","1,086,200,000","23,360,290,000","1,677,917,202.01","150,921.4",3.8025,118.4340
2017,Guerrero,"44,000,000",0,"1,055,000,000",0,"2,677,000,000",0,"236,958,000","410,414,007.06","79,581.0",1.5552,106.9845
2017,Hidalgo,"157,000,000",0,"5,205,000,000","406,300,000","4,123,000,000","68,900,000","1,788,933,000","349,353,425.81","113,775.1",2.5951,116.9430
2017,Jalisco,"7,843,000,000",0,"47,692,000,000","3,412,800,000","62,516,000,000","4,242,800,000","18,687,648,000","1,552,649,800.42","179,946.7",2.9365,115.5155
2017,Estado de México,"1,766,000,000",0,"48,296,000,000","5,242,800,000","57,209,000,000","2,469,300,000","18,601,992,000","3,761,055,151.29","110,025.0",4.0039,114.0476
2017,Michoacán,"3,894,000,000",0,"7,394,000,000","4,046,400,000","16,999,000,000","771,800,000","1,272,574,000","294,686,724.84","111,589.8",2.1366,115.4091
2017,Morelos,"122,000,000","12,500,000","3,158,000,000","1,089,100,000","3,914,000,000","1,800,000","3,490,783,000","603,070,384.06","122,163.6",2.3730,111.5922
2017,Nayarit,"381,000,000",0,"813,000,000",0,"2,617,000,000","500,000","124,554,000","103,778,857.19","121,994.0",3.5859,116.7645
2017,Nuevo León,"3,109,000,000",0,"167,774,000,000","29,382,400,000","124,323,000,000","18,515,900,000","36,004,725,000","1,991,569,432.21","290,059.1",3.4412,116.1377
2017,Oaxaca,"45,000,000",0,"1,459,000,000",0,"2,675,000,000",0,"603,680,000","497,361,222.40","75,006.2",1.7460,102.0376
2017,Puebla,"1,189,000,000",0,"19,757,000,000","41,000,000","29,699,000,000","6,893,300,000","15,019,152,000","952,195,763.37","111,507.8",2.4901,113.4469
2017,Querétaro,"1,459,000,000","1,700,000","9,102,000,000","776,900,000","11,860,000,000","791,300,000","10,478,612,000","982,824,285.05","224,846.2",4.5730,123.4758
2017,Quintana Roo,"90,000,000",0,"4,641,000,000",0,"34,256,000,000","9,098,400,000","33,173,000","483,566,658.30","203,757.2",3.1484,120.8366
2017,San Luis Potosí,"2,196,000,000","1,000,300,000","10,703,000,000","1,159,900,000","6,846,000,000","68,300,000","13,360,587,000","1,405,862,445.64","160,642.1",2.2836,115.1939
2017,Sinaloa,"7,155,000,000","1,282,000,000","10,949,000,000","747,300,000","41,624,000,000","6,583,300,000","960,133,000","761,557,885.84","148,680.2",3.4651,114.0349
2017,Sonora,"7,236,000,000",0,"8,134,000,000","621,100,000","15,121,000,000","244,000,000","17,443,597,000","364,590,339.08","240,680.9",3.5709,112.8687
2017,Tabasco,"445,000,000",0,"2,809,000,000",0,"3,527,000,000",0,"6,412,526,000","400,378,356.40","196,791.5",6.9079,92.0091
2017,Tamaulipas,"1,487,000,000",0,"14,162,000,000","603,100,000","12,149,000,000","264,100,000","25,507,316,000","1,538,158,385.40","170,790.7",3.9818,105.3098
2017,Tlaxcala,"20,000,000",0,"1,962,000,000","287,400,000","805,000,000","196,700,000","1,379,964,000","168,048,451.04","86,677.5",3.6729,109.0438
2017,Veracruz,"3,634,000,000",0,"17,071,000,000","125,100,000","13,304,000,000","3,325,000,000","5,362,863,000","914,921,788.31","112,238.3",3.9178,99.3237
2017,Yucatán,"2,452,000,000",0,"7,009,000,000","169,800,000","9,430,000,000","1,700,000","962,963,000","107,812,566.74","137,660.8",1.6862,116.9624
2017,Zacatecas,"572,000,000",0,"5,341,000,000",0,"4,883,000,000",0,"3,026,698,000","457,637,023.18","120,979.5",2.5981,107.3284
2018,Aguascalientes,"929,500,000",0,"9,479,800,000","325,900,000","5,397,100,000",0,"9,650,719,000","1,196,980,198.32","167,345.2",3.1666,130.1302
2018,Baja California,"3,865,400,000",0,"13,777,400,000","3,824,900,000","23,607,300,000","5,500,400,000","39,896,454,000","1,638,506,347.26","154,988.7",2.2337,121.5931
2018,Baja California Sur,"680,700,000",0,"5,828,500,000","23,600,000","5,852,800,000","2,616,000,000","343,315,000","491,928,423.66","205,821.2",3.8708,150.5730
2018,Campeche,"843,600,000",0,"3,774,000,000","165,700,000","2,362,600,000","879,300,000","18,360,739,000","123,490,095.72","555,291.2",3.4734,73.4262
2018,Coahuila,"4,935,900,000",0,"8,292,500,000","1,254,100,000","18,232,100,000","816,200,000","41,034,808,000","3,290,191,669.12","158,795.3",3.6326,112.9935
2018,Colima,"746,400,000",0,"3,803,800,000","3,072,600,000","4,404,700,000","85,800,000","753,023,000","90,696,199.90","11,963.8",3.7173,114.8854
2018,Chiapas,"825,600,000",0,"1,471,100,000",0,"5,755,500,000","49,700,000","871,638,000","70,220,501.05","87,006.5",3.4542,95.2795
2018,Chihuahua,"6,376,000,000",0,"21,671,700,000","1,602,700,000","17,015,900,000","336,300,000","52,864,188,000","1,241,943,410.96","738,191.1",2.2228,118.4315
2018,Ciudad de México,"10,877,900,000","60,200,000","512,411,600,000","195,168,700,000","620,286,600,000","85,429,400,000","2,632,148,000","5,825,560,016.97","571,680.9",5.1251,116.9615
2018,Durango,"3,761,500,000","500,000","16,738,200,000","702,300,000","5,601,300,000",0,"2,127,000,000","391,060,277.05","111,011.2",4.1082,106.9923
2018,Guanajuato,"7,555,100,000","15,900,000","28,226,200,000","105,400,000","31,333,600,000","310,900,000","25,504,680,000","2,469,785,171.66","119,485.3",3.8111,119.9326
2018,Guerrero,"19,300,000",0,"1,247,300,000",0,"2,502,000,000","185,500,000","706,829,000","402,167,179.58","66,277.1",1.2307,109.9970
2018,Hidalgo,"166,300,000",0,"6,790,300,000","802,300,000","4,291,000,000",0,"2,242,354,000","186,478,139.84","92,549.8",2.0770,119.9207
2018,Jalisco,"10,258,000,000",0,"57,318,700,000","9,644,800,000","68,999,800,000","3,624,800,000","21,133,618,000","1,008,162,292.03","146,796.0",2.5238,118.6041
2018,Estado de México,"3,348,300,000",0,"67,202,700,000","2,740,200,000","61,340,300,000","3,135,300,000","20,335,098,000","2,333,306,179.24","90,881.9",3.8247,117.7989
2018,Michoacán,"5,456,100,000",0,"9,139,800,000","66,300,000","21,526,300,000","1,417,100,000","4,948,554,000","437,061,302.81","90,329.7",2.4924,118.0529
2018,Morelos,"143,800,000","14,800,000","3,370,500,000","794,400,000","3,847,900,000",0,"3,833,334,000","251,866,973.90","100,866.2",2.0816,110.5368
2018,Nayarit,"410,800,000",0,"820,400,000",0,"3,166,300,000","482,600,000","276,598,000","194,253,720.13","92,886.9",3.5999,116.4170
2018,Nuevo León,"4,031,900,000",0,"178,926,400,000","28,914,700,000","141,637,300,000","18,369,200,000","39,615,279,000","3,621,174,253.76","254,008.3",3.5522,120.2818
2018,Oaxaca,"30,500,000",0,"1,588,600,000",0,"3,193,800,000",0,"919,019,000","487,819,267.23","63,701.2",1.9808,106.2010
2018,Puebla,"1,042,000,000",0,"18,692,500,000","1,056,100,000","33,257,900,000","8,818,000,000","16,837,910,000","643,928,261.10","94,457.6",2.4860,116.2900
2018,Querétaro,"2,287,700,000",0,"12,758,200,000","1,265,900,000","13,269,800,000","519,400,000","11,227,331,000","1,223,763,661.76","193,454.1",3.7095,127.1118
2018,Quintana Roo,"46,700,000",0,"5,750,700,000",0,"42,980,400,000","9,414,800,000","79,125,000","591,729,661.15","165,968.8",3.0888,127.1941
2018,San Luis Potosí,"1,436,500,000","1,411,200,000","15,306,900,000","962,000,000","8,094,200,000","263,200,000","15,294,350,000","1,766,422,343.90","130,524.8",2.1435,120.1186
2018,Sinaloa,"7,033,100,000","1,100,100,000","11,765,800,000","10,400,000","69,527,300,000","7,572,900,000","2,962,632,000","414,958,934.50","127,396.4",3.1579,117.0003
2018,Sonora,"8,957,500,000",0,"10,707,900,000","1,457,000,000","18,288,700,000","86,600,000","19,863,200,000","155,096,895.29","189,697.8",3.6642,113.9322
2018,Tabasco,"472,400,000","600,000","2,555,400,000",0,"3,737,000,000",0,"7,017,661,000","530,292,850.62","189,709.1",7.8333,84.3935
2018,Tamaulipas,"1,749,500,000",0,"12,683,400,000","559,400,000","11,711,900,000","222,100,000","27,314,741,000","1,511,905,180.28","138,346.1",3.9051,107.4487
2018,Tlaxcala,"33,000,000",0,"2,086,600,000","115,300,000","917,200,000","2,300,000","1,440,918,000","143,056,336.67","73,984.6",4.0231,112.8043
2018,Veracruz,"5,011,200,000","8,500,000","20,636,900,000","104,700,000","14,549,000,000","3,167,200,000","6,367,193,000","962,066,431.86","96,346.6",2.6893,101.6204
2018,Yucatán,"3,530,600,000","5,300,000","9,035,100,000","327,500,000","12,922,500,000",0,"1,113,910,000","86,014,607.11","118,244.6",1.5029,121.0834
2018,Zacatecas,"667,400,000",0,"4,134,400,000",0,"4,699,300,000",0,"3,141,633,000","301,735,376.05","97,524.2",2.5098,107.3352
2019,Aguascalientes,"1,037,900,000",0,"10,585,400,000","3,300,000","6,124,800,000",0,"11,794,073,000","452,123,379.21","157,304.0",3.3414,128.7210
2019,Baja California,"4,317,500,000","30,100,000","13,440,100,000","1,906,700,000","27,788,800,000","5,495,300,000","42,396,951,000","1,184,563,768.24","160,898.0",2.2185,123.5901
2019,Baja California Sur,"712,900,000",0,"4,015,000,000","363,600,000","9,643,300,000","2,891,000,000","291,812,000","640,016,873.76","201,759.0",4.3722,138.1869
2019,Campeche,"990,400,000",0,"3,950,600,000",0,"2,283,900,000","758,000,000","16,579,076,000","151,865,731.30","525,822.0",3.2231,71.7407
2019,Coahuila,"4,702,000,000",0,"11,065,400,000","1,149,000,000","22,867,400,000","328,600,000","47,659,461,000","1,491,783,975.66","190,258.0",4.2763,112.2116
2019,Colima,"692,300,000",0,"2,051,500,000","2,477,300,000","4,871,800,000",0,"684,839,000","41,366,343.16","141,768.0",2.9579,119.3466
2019,Chiapas,"620,100,000",0,"1,360,900,000","3,900,000","4,047,000,000","41,600,000","820,169,000","256,647,309.57","46,146.0",2.4576,93.1555
2019,Chihuahua,"8,085,300,000",0,"19,445,100,000","1,615,800,000","23,174,800,000","998,200,000","57,434,139,000","1,402,643,370.87","152,122.0",2.5708,120.2979
2019,Ciudad de México,"12,076,900,000","3,000,000","479,050,100,000","179,113,000,000","653,117,100,000","108,644,300,000","2,667,126,000","8,335,695,829.46","346,975.0",5.1012,117.2092
2019,Durango,"3,807,300,000",0,"10,559,300,000","9,100,000","6,321,600,000",0,"2,737,230,000","178,530,477.23","110,135.0",3.2600,107.9387
2019,Guanajuato,"8,154,600,000",0,"31,110,100,000","246,000,000","28,918,700,000","300,400,000","25,065,798,000","796,031,265.52","113,810.0",3.2981,118.0427
2019,Guerrero,"21,700,000",0,"1,222,100,000",0,"2,220,200,000","184,800,000","966,474,000","275,535,009.44","66,031.0",1.4506,110.0285
2019,Hidalgo,"135,200,000",0,"10,067,700,000","439,300,000","4,294,200,000",0,"2,299,343,000","282,317,790.16","89,538.0",2.5075,118.0441
2019,Jalisco,"13,038,800,000","63,100,000","72,439,900,000","10,252,400,000","79,810,300,000","1,722,100,000","21,659,640,000","1,565,930,268.00","146,238.0",3.0541,119.4652
2019,Estado de México,"4,103,100,000",0,"73,444,200,000","5,002,400,000","60,954,500,000","4,000,800,000","20,010,001,000","2,932,770,662.45","91,481.0",4.5555,115.7867
2019,Michoacán,"5,970,200,000",0,"7,425,300,000","5,400,000","21,968,900,000","65,200,000","5,586,479,000","298,006,772.71","88,685.0",2.7098,118.0969
2019,Morelos,"141,500,000","15,300,000","2,396,900,000","11,800,000","3,558,700,000",0,"3,086,705,000","655,620,472.79","99,420.0",2.4208,110.4326
2019,Nayarit,"377,700,000",0,"1,023,500,000",0,"3,264,000,000","776,500,000","266,760,000","193,957,501.38","95,184.0",3.5677,116.8064
2019,Nuevo León,"4,172,600,000",0,"180,006,400,000","34,503,500,000","139,607,500,000","15,902,500,000","39,857,053,000","3,273,672,643.12","248,248.0",3.7288,122.0756
2019,Oaxaca,"33,300,000",0,"1,542,900,000",0,"3,115,100,000",0,"712,574,000","56,617,071.99","61,305.0",2.0173,103.0062
2019,Puebla,"791,900,000",0,"20,623,600,000","930,600,000","27,413,300,000","7,565,600,000","17,547,974,000","2,043,964,901.08","91,146.0",2.4971,114.6752
2019,Querétaro,"3,265,700,000",0,"20,467,700,000","927,300,000","15,002,400,000","222,200,000","12,868,798,000","1,167,578,650.42","180,054.0",4.7173,126.0567
2019,Quintana Roo,"48,600,000",0,"8,967,800,000",0,"46,948,200,000","8,925,200,000","80,907,000","662,352,130.79","172,315.0",3.0804,129.0044
2019,San Luis Potosí,"1,876,000,000","1,165,200,000","17,499,400,000","1,026,900,000","9,538,000,000","242,200,000","15,531,676,000","853,828,210.84","129,552.0",2.2811,119.7392
2019,Sinaloa,"9,030,700,000","1,265,200,000","12,429,700,000",0,"81,777,700,000","7,104,000,000","2,840,002,000","262,583,250.40","127,437.0",2.8450,119.1757
2019,Sonora,"10,827,300,000",0,"10,778,900,000","2,365,000,000","15,741,100,000","2,300,000","19,840,531,000","449,702,889.93","191,089.0",3.7891,113.8039
2019,Tabasco,"520,300,000","1,600,000","2,701,900,000","46,800,000","5,928,000,000",0,"5,012,815,000","490,590,188.43","176,111.0",6.3728,81.0815
2019,Tamaulipas,"1,732,200,000",0,"12,025,600,000","2,367,100,000","12,357,600,000","2,140,400,000","29,130,161,000","1,623,255,701.53","142,994.0",3.2189,109.3358
2019,Tlaxcala,"17,700,000",0,"2,028,100,000",0,"759,000,000","1,700,000","1,460,865,000","345,720,789.52","76,108.0",3.5458,118.1493
2019,Veracruz,"6,217,100,000","11,700,000","25,801,500,000","154,900,000","14,797,600,000","7,200,000","6,697,248,000","1,080,612,300.28","94,423.0",2.8579,102.5939
2019,Yucatán,"3,999,100,000","2,600,000","10,291,800,000","202,300,000","15,929,900,000","5,800,000","1,119,625,000","159,954,371.50","118,378.0",1.9182,122.0512
2019,Zacatecas,"584,700,000",0,"3,906,500,000",0,"4,558,200,000",0,"2,873,522,000","746,490,622.46","91,715.0",2.5285,103.4366
2020,Aguascalientes,"1,042,200,000",0,"9,381,000,000",0,"6,224,000,000",0,"11,449,692,000","743,607,216.49","143,197.0",5.2022,118.1241
2020,Baja California,"4,514,600,000",0,"13,246,600,000","1,597,300,000","28,014,000,000","6,616,700,000","40,659,059,000","1,196,212,694.22","146,973.2",2.9039,118.9937
2020,Baja California Sur,"413,100,000",0,"3,900,000,000","482,600,000","11,654,900,000","2,660,500,000","265,755,000","678,124,797.91","152,268.0",5.1856,105.6945
2020,Campeche,"1,018,900,000",0,"3,989,100,000",0,"2,198,200,000","1,170,700,000","10,274,656,000","140,254,006.96","520,241.6",3.3858,66.9787
2020,Coahuila,"5,427,400,000",0,"12,294,000,000","1,154,700,000","22,615,400,000","255,800,000","44,961,569,000","852,056,414.66","170,134.3",6.1800,99.4736
2020,Colima,"384,100,000",0,"2,522,500,000","2,364,900,000","4,911,800,000",0,"752,102,000","91,904,719.18","138,186.1",3.7742,110.5506
2020,Chiapas,"727,700,000",0,"1,138,700,000","3,200,000","3,685,300,000","42,600,000","729,883,000","133,074,832.68","45,393.0",2.7753,89.5792
2020,Chihuahua,"8,013,100,000",0,"22,563,100,000","1,693,300,000","22,569,800,000","1,997,900,000","54,920,396,000","634,681,960.15","144,124.1",3.6873,113.2279
2020,Ciudad de México,"7,386,800,000",0,"433,926,900,000","189,572,300,000","629,172,900,000","134,005,000,000","2,128,076,000","6,910,018,965.49","309,310.6",6.6433,106.5718
2020,Durango,"4,291,600,000",0,"9,464,300,000",0,"6,353,000,000",0,"2,684,823,000","496,523,439.80","103,805.4",4.8296,100.6275
2020,Guanajuato,"7,106,900,000",0,"32,194,900,000","240,900,000","32,631,100,000","289,600,000","24,048,744,000","199,304,332.28","105,844.4",5.2559,109.7818
2020,Guerrero,"38,000,000",0,"1,026,600,000",0,"2,161,900,000","186,700,000","964,914,000","296,857,300.49","61,286.7",2.4299,99.1708
2020,Hidalgo,"158,100,000",0,"10,182,700,000","418,600,000","4,099,400,000",0,"1,318,941,000","278,677,283.58","78,766.6",2.1504,105.1269
2020,Jalisco,"12,492,400,000","223,900,000","81,096,600,000","10,880,500,000","85,996,700,000","1,642,500,000","20,093,245,000","2,131,481,968.57","134,804.6",4.1024,110.4843
2020,Estado de México,"3,938,200,000",0,"66,990,800,000","6,128,700,000","61,249,100,000","3,903,400,000","14,009,625,000","2,370,109,443.65","87,563.0",6.5364,108.9919
2020,Michoacán,"6,314,100,000",0,"6,337,200,000",0,"23,501,700,000","15,200,000","5,532,248,000","272,722,819.27","83,296.5",2.2485,110.0416
2020,Morelos,"130,200,000","10,000,000","2,746,700,000","1,600,000","3,391,100,000",0,"2,644,549,000","386,638,948.97","90,805.4",2.4585,98.2970
2020,Nayarit,"387,000,000",0,"725,400,000",0,"2,918,100,000","833,700,000","248,396,000","800,277,639.12","86,848.3",4.0084,103.5413
2020,Nuevo León,"4,726,700,000",0,"187,199,800,000","33,275,400,000","130,680,900,000","15,492,700,000","34,511,011,000","3,094,599,632.49","217,578.8",4.3084,111.8731
2020,Oaxaca,"51,300,000",0,"1,420,600,000",0,"3,112,600,000",0,"642,307,000","244,272,427.45","57,634.2",1.6840,97.0011
2020,Puebla,"1,018,400,000",0,"20,882,900,000","845,000,000","28,599,400,000","7,629,000,000","13,514,349,000","582,786,076.06","80,576.9",6.1038,102.1576
2020,Querétaro,"3,598,200,000",0,"16,206,100,000","752,400,000","17,613,000,000","270,400,000","11,738,889,000","860,961,674.44","154,898.6",7.0021,114.6513
2020,Quintana Roo,"57,300,000",0,"10,497,700,000",0,"56,814,700,000","9,676,800,000","20,680,000","159,548,588.95","118,704.1",8.3797,97.9037
2020,San Luis Potosí,"2,065,100,000","854,700,000","17,727,700,000","458,700,000","10,482,800,000","247,600,000","13,664,629,000","912,696,127.91","120,675.2",3.1732,110.6138
2020,Sinaloa,"8,090,700,000","208,100,000","13,722,600,000","755,400,000","75,240,600,000","7,522,700,000","2,905,253,000","741,646,438.48","122,302.5",2.4105,110.8068
2020,Sonora,"12,058,400,000",0,"12,119,100,000","3,214,700,000","15,254,000,000","1,700,000","17,735,407,000","582,293,177.78","186,619.5",4.9220,107.6911
2020,Tabasco,"334,700,000",0,"3,486,200,000","1,734,600,000","5,506,100,000",0,"4,117,145,000","464,765,610.42","193,337.6",7.9753,83.9034
2020,Tamaulipas,"1,754,100,000",0,"9,780,800,000","2,414,300,000","12,855,900,000","2,201,500,000","26,736,210,000","699,768,138.70","134,248.5",3.2186,100.0743
2020,Tlaxcala,"14,800,000",0,"2,092,700,000",0,"913,700,000","2,600,000","1,448,674,000","359,738,847.80","67,763.6",5.5658,103.8186
2020,Veracruz,"6,400,400,000","14,700,000","23,763,200,000","159,000,000","14,760,300,000","7,700,000","5,352,788,000","1,000,431,265.53","91,414.9",3.4186,94.3282
2020,Yucatán,"3,589,700,000",0,"14,143,300,000","225,600,000","17,227,100,000","3,500,000","858,471,000","151,552,170.50","104,753.0",2.6317,112.6665
2020,Zacatecas,"522,800,000",0,"3,196,300,000",0,"4,352,800,000",0,"3,657,768,000","-405,542,247.79","89,740.8",4.1135,99.1238
2021,Aguascalientes,"1,336,200,000.0",0.0,"12,166,500,000","13,800,000.0","6,924,200,000",0.0,"11,532,366,000","41,977,075.90","227,069",4.3773,121.9280
2021,Baja California,"4,457,500,000.0",0.0,"16,198,600,000","711,600,000.0","32,858,600,000","6,622,600,000.0","48,001,191,000","2,225,030,953.07","238,057",2.0435,129.8515
2021,Baja California Sur,"444,100,000.0",0.0,"3,583,000,000","625,300,000.0","12,804,400,000","3,051,700,000.0","342,524,000","1,309,385,511.26","251,886",2.5922,116.9436
2021,Campeche,"1,025,500,000.0",0.0,"2,249,800,000",0.0,"1,941,300,000","1,152,600,000.0","15,384,611,000","218,397,724.44","685,520",2.9558,64.5644
2021,Coahuila,"6,649,900,000.0",0.0,"14,153,200,000","1,496,600,000.0","21,182,200,000","331,400,000.0","53,521,728,000","1,037,144,407.11","277,800",4.8089,104.7677
2021,Colima,"495,400,000.0",0.0,"2,517,900,000","1,923,200,000.0","6,081,700,000","287,600,000.0","907,312,000","89,751,362.74","204,309",3.1239,115.6507
2021,Chiapas,"724,800,000.0",0.0,"1,176,700,000","8,500,000.0","4,563,900,000","44,200,000.0","980,389,000","158,921,326.00","65,343",3.3313,95.7077
2021,Chihuahua,"7,738,300,000.0",0.0,"24,296,900,000","2,297,200,000.0","27,287,200,000","3,402,800,000.0","58,542,745,000","1,894,179,459.15","228,907",2.8667,120.4958
2021,Ciudad de México,"4,135,400,000.0","5,800,000.0","409,554,800,000","178,197,300,000.0","627,968,500,000","116,708,900,000.0","2,540,377,000","5,325,927,688.75","409,301",5.8917,107.1219
2021,Durango,"4,199,900,000.0",0.0,"8,691,100,000",0.0,"6,352,600,000",0.0,"3,251,533,000","461,709,596.42","158,038",3.4307,106.3011
2021,Guanajuato,"8,803,300,000.0",0.0,"30,657,900,000","199,400,000.0","37,829,300,000","282,800,000.0","26,950,862,000","1,797,171,528.47","289,347",3.9112,115.1822
2021,Guerrero,"57,400,000.0",0.0,"529,900,000",0.0,"1,956,700,000","407,300,000.0","1,157,774,000","669,063,372.71","105,903",1.4157,108.0137
2021,Hidalgo,"209,400,000.0",0.0,"10,784,800,000","305,500,000.0","4,220,400,000","5,200,000.0","1,837,919,000","176,133,985.39","45,772",2.7009,110.5229
2021,Jalisco,"13,497,400,000.0","202,800,000.0","82,511,100,000","10,660,400,000.0","93,393,700,000","2,004,300,000.0","23,161,220,000","2,142,829,534.74","102,400",3.0997,116.2354
2021,Estado de México,"3,657,500,000.0",0.0,"71,901,100,000","11,366,000,000.0","58,974,000,000","2,646,400,000.0","17,542,823,000","1,624,055,134.37","346,694",4.6594,116.3359
2021,Michoacán,"7,451,300,000.0",0.0,"7,627,100,000","34,100,000.0","26,330,100,000","16,600,000.0","7,038,921,000","1,033,536,017.04","124,933",2.5418,113.5946
2021,Morelos,"215,400,000.0",0.0,"4,988,600,000","2,400,000.0","3,140,800,000",0.0,"3,197,061,000","94,429,293.12","127,079",2.3856,102.0505
2021,Nayarit,"379,600,000.0",0.0,"1,094,600,000",0.0,"3,010,600,000","852,500,000.0","248,695,000","250,944,555.45","133,244",2.6102,117.8706
2021,Nuevo León,"3,686,700,000.0",0.0,"204,792,200,000","32,060,500,000.0","134,590,900,000","16,260,400,000.0","41,497,317,000","3,231,636,693.94","333,945",3.7458,119.1838
2021,Oaxaca,"74,200,000.0",0.0,"2,288,800,000",0.0,"2,999,400,000",0.0,"1,060,703,000","-92,635,251.12","91,910",1.5145,103.5910
2021,Puebla,"1,384,300,000.0",0.0,"19,618,000,000","988,500,000.0","24,141,400,000","2,240,200,000.0","14,823,780,000","626,413,336.80","116,028",3.8452,105.3135
2021,Querétaro,"4,760,000,000.0",0.0,"19,620,600,000","765,500,000.0","18,861,000,000","339,400,000.0","14,560,322,000","869,856,136.12","233,305",5.7491,122.5604
2021,Quintana Roo,"283,200,000.0",0.0,"9,453,400,000",0.0,"59,455,400,000","10,797,400,000.0","33,060,000","313,589,701.07","181,328",4.4138,111.0951
2021,San Luis Potosí,"1,870,200,000.0","381,000,000.0","18,750,400,000","981,300,000.0","11,555,600,000","8,777,200,000.0","13,794,439,000","699,343,116.51","193,065",3.3241,115.7576
2021,Sinaloa,"9,883,200,000.0","1,006,700,000.0","13,318,600,000",0.0,"81,328,400,000","5,328,100,000.0","2,922,019,000","541,389,748.36","178,329",2.7410,115.3424
2021,Sonora,"14,406,400,000.0",0.0,"16,534,100,000","3,796,700,000.0","15,431,700,000","4,500,000.0","20,753,422,000","897,454,483.54","278,159",3.6054,112.8472
2021,Tabasco,"277,900,000.0",0.0,"4,063,500,000","1,536,200,000.0","4,466,900,000",0.0,"7,477,362,000","300,143,208.06","256,961",5.1022,92.0874
2021,Tamaulipas,"2,441,200,000.0",0.0,"9,321,000,000","2,438,700,000.0","14,260,600,000","2,430,800,000.0","32,565,307,000","1,271,396,610.40","205,573",3.5518,103.3736
2021,Tlaxcala,"22,100,000.0",0.0,"1,516,700,000",0.0,"774,000,000","2,800,000.0","1,928,656,000","50,777,417.82","100,977",4.4231,109.1652
2021,Veracruz,"7,066,200,000.0","2,000,000.0","25,437,200,000","2,119,300,000.0","14,528,300,000","7,300,000.0","6,783,261,000","935,423,135.94","130,609",3.3017,98.5595
2021,Yucatán,"3,711,700,000.0",0.0,"12,054,000,000","215,900,000.0","19,555,500,000","184,900,000.0","1,161,870,000","145,131,929.71","156,221",2.0680,121.8012
2021,Zacatecas,"540,800,000.0",0.0,"1,539,100,000",0.0,"3,085,200,000",0.0,"4,268,239,000","1,317,912,971.60","136,439",2.7536,103.5023
