cve_edo,abrev_edo,edo,grupos2022,idde2022,idde2022_red,idde2022_orden_nac,idde2022_media_nac,idde_dif,idde_difv,p1_infra_22,p1_infra_22_orden_nac,p1_infra_22_media_nac,p1_infra_dif,p1_infra_difv,p1_cacc_22,p1_cacc_22_orden_nac,p1_cacc_22_media_nac,p1_cacc_dif,p1_cacc_difv,p1cacc_bodredmo_22,p1cacc_bodredmo_22_orden_nac,p1cacc_bodredmo_22_media_nac,p1cacc_bodredmo_dif,p1cacc_bodredmo_difv,p1cacc_cobbanfi_22,p1cacc_cobbanfi_22_orden_nac,p1cacc_cobbanfi_22_media_nac,p1cacc_cobbanfi_dif,p1cacc_cobbanfi_difv,p1cacc_conexbaf_22,p1cacc_conexbaf_22_orden_nac,p1cacc_conexbaf_22_media_nac,p1cacc_conexbaf_dif,p1cacc_conexbaf_difv,p1cacc_penbanfi_22,p1cacc_penbanfi_22_orden_nac,p1cacc_penbanfi_22_media_nac,p1cacc_penbanfi_dif,p1cacc_penbanfi_difv,p1cacc_penbanmo_22,p1cacc_penbanmo_22_orden_nac,p1cacc_penbanmo_22_media_nac,p1cacc_penbanmo_dif,p1cacc_penbanmo_difv,p1cacc_pencompu_22,p1cacc_pencompu_22_orden_nac,p1cacc_pencompu_22_media_nac,p1cacc_pencompu_dif,p1cacc_pencompu_difv,p1cacc_pensmtph_22,p1cacc_pensmtph_22_orden_nac,p1cacc_pensmtph_22_media_nac,p1cacc_pensmtph_dif,p1cacc_pensmtph_difv,p1cacc_veldebaf_22,p1cacc_veldebaf_22_orden_nac,p1cacc_veldebaf_22_media_nac,p1cacc_veldebaf_dif,p1cacc_veldebaf_difv,p1cacc_veldebam_22,p1cacc_veldebam_22_orden_nac,p1cacc_veldebam_22_media_nac,p1cacc_veldebam_dif,p1cacc_veldebam_difv,p1cacc_certific_22,p1cacc_certific_22_orden_nac,p1cacc_certific_22_media_nac,p1cacc_certific_dif,p1cacc_certific_difv,p1cacc_penetr5g_22,p1cacc_penetr5g_22_orden_nac,p1cacc_penetr5g_22_media_nac,p1cacc_penetr5g_dif,p1cacc_penetr5g_difv,p1_aseq_22,p1_aseq_22_orden_nac,p1_aseq_22_media_nac,p1_aseq_dif,p1_aseq_difv,p1aseq_aseqdp20_22,p1aseq_aseqdp20_22_orden_nac,p1aseq_aseqdp20_22_media_nac,p1aseq_aseqdp20_dif,p1aseq_aseqdp20_difv,p1aseq_gambanfi_22,p1aseq_gambanfi_22_orden_nac,p1aseq_gambanfi_22_media_nac,p1aseq_gambanfi_dif,p1aseq_gambanfi_difv,p1aseq_gambanfiq20_22,p1aseq_gambanfiq20_22_orden_nac,p1aseq_gambanfiq20_22_media_nac,p1aseq_gambanfiq20_dif,p1aseq_gambanfiq20_difv,p1aseq_gamtelmoq20_22,p1aseq_gamtelmoq20_22_orden_nac,p1aseq_gamtelmoq20_22_media_nac,p1aseq_gamtelmoq20_dif,p1aseq_gamtelmoq20_difv,p1aseq_dhogtics_22,p1aseq_dhogtics_22_orden_nac,p1aseq_dhogtics_22_media_nac,p1aseq_dhogtics_dif,p1aseq_dhogtics_difv,p1aseq_hhibanfi_22,p1aseq_hhibanfi_22_orden_nac,p1aseq_hhibanfi_22_media_nac,p1aseq_hhibanfi_dif,p1aseq_hhibanfi_difv,p1_infd_22,p1_infd_22_orden_nac,p1_infd_22_media_nac,p1_infd_dif,p1_infd_difv,p1infd_centedge_22,p1infd_centedge_22_orden_nac,p1infd_centedge_22_media_nac,p1infd_centedge_dif,p1infd_centedge_difv,p1infd_hipercol_22,p1infd_hipercol_22_orden_nac,p1infd_hipercol_22_media_nac,p1infd_hipercol_dif,p1infd_hipercol_difv,p1infd_ixpsdtce_22,p1infd_ixpsdtce_22_orden_nac,p1infd_ixpsdtce_22_media_nac,p1infd_ixpsdtce_dif,p1infd_ixpsdtce_difv,p2_digit_22,p2_digit_22_orden_nac,p2_digit_22_media_nac,p2_digit_dif,p2_digit_difv,p2_usti_22,p2_usti_22_orden_nac,p2_usti_22_media_nac,p2_usti_dif,p2_usti_difv,p2usti_usersint_22,p2usti_usersint_22_orden_nac,p2usti_usersint_22_media_nac,p2usti_usersint_dif,p2usti_usersint_difv,p2usti_usersidm_22,p2usti_usersidm_22_orden_nac,p2usti_usersidm_22_media_nac,p2usti_usersidm_dif,p2usti_usersidm_difv,p2usti_usersied_22,p2usti_usersied_22_orden_nac,p2usti_usersied_22_media_nac,p2usti_usersied_dif,p2usti_usersied_difv,p2usti_usocompu_22,p2usti_usocompu_22_orden_nac,p2usti_usocompu_22_media_nac,p2usti_usocompu_dif,p2usti_usocompu_difv,p2usti_usincomp_22,p2usti_usincomp_22_orden_nac,p2usti_usincomp_22_media_nac,p2usti_usincomp_dif,p2usti_usincomp_difv,p2usti_usintbae_22,p2usti_usintbae_22_orden_nac,p2usti_usintbae_22_media_nac,p2usti_usintbae_dif,p2usti_usintbae_difv,p2usti_usoeduca_22,p2usti_usoeduca_22_orden_nac,p2usti_usoeduca_22_media_nac,p2usti_usoeduca_dif,p2usti_usoeduca_difv,p2usti_usintgob_22,p2usti_usintgob_22_orden_nac,p2usti_usintgob_22_media_nac,p2usti_usintgob_dif,p2usti_usintgob_difv,p2usti_ciberaco_22,p2usti_ciberaco_22_orden_nac,p2usti_ciberaco_22_media_nac,p2usti_ciberaco_dif,p2usti_ciberaco_difv,p2_cahd_22,p2_cahd_22_orden_nac,p2_cahd_22_media_nac,p2_cahd_dif,p2_cahd_difv,p2cahd_usucomce_22,p2cahd_usucomce_22_orden_nac,p2cahd_usucomce_22_media_nac,p2cahd_usucomce_dif,p2cahd_usucomce_difv,p2cahd_usohojca_22,p2cahd_usohojca_22_orden_nac,p2cahd_usohojca_22_media_nac,p2cahd_usohojca_dif,p2cahd_usohojca_difv,p2cahd_usuproga_22,p2cahd_usuproga_22_orden_nac,p2cahd_usuproga_22_media_nac,p2cahd_usuproga_dif,p2cahd_usuproga_difv,p2cahd_brechahojca_22,p2cahd_brechahojca_22_orden_nac,p2cahd_brechahojca_22_media_nac,p2cahd_brechahojca_dif,p2cahd_brechahojca_difv,p2_disp_22,p2_disp_22_orden_nac,p2_disp_22_media_nac,p2_disp_dif,p2_disp_difv,p2disp_tarjdepo_22,p2disp_tarjdepo_22_orden_nac,p2disp_tarjdepo_22_media_nac,p2disp_tarjdepo_dif,p2disp_tarjdepo_difv,p2disp_registro_22,p2disp_registro_22_orden_nac,p2disp_registro_22_media_nac,p2disp_registro_dif,p2disp_registro_difv,p2disp_partciud_22,p2disp_partciud_22_orden_nac,p2disp_partciud_22_media_nac,p2disp_partciud_dif,p2disp_partciud_difv,p2disp_sistambi_22,p2disp_sistambi_22_orden_nac,p2disp_sistambi_22_media_nac,p2disp_sistambi_dif,p2disp_sistambi_difv,p2_gbet_22,p2_gbet_22_orden_nac,p2_gbet_22_media_nac,p2_gbet_dif,p2_gbet_difv,p2gbet_plandigi_22,p2gbet_plandigi_22_orden_nac,p2gbet_plandigi_22_media_nac,p2gbet_plandigi_dif,p2gbet_plandigi_difv,p2gbet_accsitpd_22,p2gbet_accsitpd_22_orden_nac,p2gbet_accsitpd_22_media_nac,p2gbet_accsitpd_dif,p2gbet_accsitpd_difv,p2gbet_comtipdp_22,p2gbet_comtipdp_22_orden_nac,p2gbet_comtipdp_22_media_nac,p2gbet_comtipdp_dif,p2gbet_comtipdp_difv,p2gbet_policibe_22,p2gbet_policibe_22_orden_nac,p2gbet_policibe_22_media_nac,p2gbet_policibe_dif,p2gbet_policibe_difv,p2gbet_gobabier_22,p2gbet_gobabier_22_orden_nac,p2gbet_gobabier_22_media_nac,p2gbet_gobabier_dif,p2gbet_gobabier_difv,p2gbet_estadgeo_22,p2gbet_estadgeo_22_orden_nac,p2gbet_estadgeo_22_media_nac,p2gbet_estadgeo_dif,p2gbet_estadgeo_difv,p2gbet_gestesmu_22,p2gbet_gestesmu_22_orden_nac,p2gbet_gestesmu_22_media_nac,p2gbet_gestesmu_dif,p2gbet_gestesmu_difv,p3_innov_22,p3_innov_22_orden_nac,p3_innov_22_media_nac,p3_innov_dif,p3_innov_difv,p3_adop_22,p3_adop_22_orden_nac,p3_adop_22_media_nac,p3_adop_dif,p3_adop_difv,p3adop_hbaspers_22,p3adop_hbaspers_22_orden_nac,p3adop_hbaspers_22_media_nac,p3adop_hbaspers_dif,p3adop_hbaspers_difv,p3adop_hbasicasp_22,p3adop_hbasicasp_22_orden_nac,p3adop_hbasicasp_22_media_nac,p3adop_hbasicasp_dif,p3adop_hbasicasp_difv,p3adop_hintermep_22,p3adop_hintermep_22_orden_nac,p3adop_hintermep_22_media_nac,p3adop_hintermep_dif,p3adop_hintermep_difv,p3adop_havanzadp_22,p3adop_havanzadp_22_orden_nac,p3adop_havanzadp_22_media_nac,p3adop_havanzadp_dif,p3adop_havanzadp_difv,p3adop_hinnovad_22,p3adop_hinnovad_22_orden_nac,p3adop_hinnovad_22_media_nac,p3adop_hinnovad_dif,p3adop_hinnovad_difv,p3adop_usosintep_22,p3adop_usosintep_22_orden_nac,p3adop_usosintep_22_media_nac,p3adop_usosintep_dif,p3adop_usosintep_difv,p3_cibe_22,p3_cibe_22_orden_nac,p3_cibe_22_media_nac,p3_cibe_dif,p3_cibe_difv,p3cibe_areastip_22,p3cibe_areastip_22_orden_nac,p3cibe_areastip_22_media_nac,p3cibe_areastip_dif,p3cibe_areastip_difv,p3cibe_cibersegp_22,p3cibe_cibersegp_22_orden_nac,p3cibe_cibersegp_22_media_nac,p3cibe_cibersegp_dif,p3cibe_cibersegp_difv,p3_coel_22,p3_coel_22_orden_nac,p3_coel_22_media_nac,p3_coel_dif,p3_coel_difv,p3coel_empcomin_22,p3coel_empcomin_22_orden_nac,p3coel_empcomin_22_media_nac,p3coel_empcomin_dif,p3coel_empcomin_difv,p3coel_empvenin_22,p3coel_empvenin_22_orden_nac,p3coel_empvenin_22_media_nac,p3coel_empvenin_dif,p3coel_empvenin_difv,p3coel_ventxint_22,p3coel_ventxint_22_orden_nac,p3coel_ventxint_22_media_nac,p3coel_ventxint_dif,p3coel_ventxint_difv,p3_ecdi_22,p3_ecdi_22_orden_nac,p3_ecdi_22_media_nac,p3_ecdi_dif,p3_ecdi_difv,p3ecdi_empintermicro_22,p3ecdi_empintermicro_22_orden_nac,p3ecdi_empintermicro_22_media_nac,p3ecdi_empintermicro_dif,p3ecdi_empintermicro_difv,p3ecdi_empinter_22,p3ecdi_empinter_22_orden_nac,p3ecdi_empinter_22_media_nac,p3ecdi_empinter_dif,p3ecdi_empinter_difv,p3ecdi_gentopdo_22,p3ecdi_gentopdo_22_orden_nac,p3ecdi_gentopdo_22_media_nac,p3ecdi_gentopdo_dif,p3ecdi_gentopdo_difv,p3ecdi_embanlin_22,p3ecdi_embanlin_22_orden_nac,p3ecdi_embanlin_22_media_nac,p3ecdi_embanlin_dif,p3ecdi_embanlin_difv,p3ecdi_eTPVxpob_22,p3ecdi_eTPVxpob_22_orden_nac,p3ecdi_eTPVxpob_22_media_nac,p3ecdi_eTPVxpob_dif,p3ecdi_eTPVxpob_difv,p3ecdi_emplstem_22,p3ecdi_emplstem_22_orden_nac,p3ecdi_emplstem_22_media_nac,p3ecdi_emplstem_dif,p3ecdi_emplstem_difv,p3ecdi_nuevatic_22,p3ecdi_nuevatic_22_orden_nac,p3ecdi_nuevatic_22_media_nac,p3ecdi_nuevatic_dif,p3ecdi_nuevatic_difv,p3ecdi_gobtelso_22,p3ecdi_gobtelso_22_orden_nac,p3ecdi_gobtelso_22_media_nac,p3ecdi_gobtelso_dif,p3ecdi_gobtelso_difv,p3_inno_22,p3_inno_22_orden_nac,p3_inno_22_media_nac,p3_inno_dif,p3_inno_difv,p3inno_patentes_22,p3inno_patentes_22_orden_nac,p3inno_patentes_22_media_nac,p3inno_patentes_dif,p3inno_patentes_difv,p3inno_gradstem_22,p3inno_gradstem_22_orden_nac,p3inno_gradstem_22_media_nac,p3inno_gradstem_dif,p3inno_gradstem_difv,p3inno_gradstembre_22,p3inno_gradstembre_22_orden_nac,p3inno_gradstembre_22_media_nac,p3inno_gradstembre_dif,p3inno_gradstembre_difv,p3inno_presucyt_22,p3inno_presucyt_22_orden_nac,p3inno_presucyt_22_media_nac,p3inno_presucyt_dif,p3inno_presucyt_difv
1,AGS,Aguascalientes,Avanzado,167.988756002506,168,9,147.194838446274,-1,*,65.31,6,54.41875,1,*,61.86,12,54.140625,-3,*,98.51,10,92.69375,1,2.06,89.51,12,80.5028125,2,8.95,37.1,5,23.459375,0,6.2,68,13,59.84375,1,6,72,23,79.28125,-8,-11,49.76,8,43.883125,-4,-2.47,84.7,8,79.5215625,2,3.77,34453.8672689368,11,30781.8050454497,2,12501.5084089368,31731.5080745342,11,28751.8150439782,-8,1573.7079545342,0,6,1.373125,*,*,0,17,13.0375,*,*,76.36,7,64.7984375,3,*,22.3,7,30.2109375,*,*,3.89,15,4.1296875,*,*,6.58,10,9.116875,*,*,3.91,4,5.1728125,*,*,3.5,4,5.9903125,*,*,3708.17,12,3997.140625,0,-246.31,47.16,5,25.9509375,5,*,0,14,0.2090625,*,*,4.88,2,1.24375,*,*,4.88,3,0.8203125,*,*,51.51,12,45.779375,-4,*,53.67,17,49.964375,-8,*,80.35,13,75.565625,-3,1.72,71.8,6,61.954375,-4,0.129999999999995,33.71,13,32.206875,-5,-2.71,39.55,14,36.9125,-3,-0.670000000000002,28.35,21,30.6321875,-12,-3.58,20.04,16,20.2440625,9,4.96,34.42,13,32.990625,1,-0.329999999999998,43.54,24,47.3325,-10,6.44,22.24,15,22.689375,*,*,55.34,15,51.6396875,-1,*,36.93,13,34.4996875,-3,-0.579999999999998,26.7,12,24.025625,-3,-0.120000000000001,5.32,21,6.294375,*,*,1.95,16,2.725,11,-2.62,39.43,17,40.721875,-8,*,123.17,16,136.150625,-2,4.97,60.14,18,64.7740625,*,*,100,1,61.0196875,*,*,1,19,1.84375,*,*,55.25,2,37.0321875,2,*,81.25,10,73.046875,2,0,52.3,6,45.575,15,22.3,0,12,0.5625,3,0,9.12,3,7.0646875,*,*,0.56,2,0.48,*,*,67.86,3,42.40375,*,*,54.2,1,25.258125,*,*,51.16,10,46.99625,0,*,38.71,28,53.670625,-8,*,Entre 60 y 70,18,67.34375,-12,0,Entre 60 y 70,14,66.71875,-2,0,Entre 50 y 60,10,55.3125,-5,0,Entre 20 y 30,11,30.625,4,5,Entre 0 y 10,18,8.125,-5,0,Entre 70 y 80,27,80.15625,-16,0,69.64,4,50.4609375,2,*,Entre 50 y 60,1,50.46875,2,0,Entre 30 y 40,4,32.1875,0,0,53.59,10,43.0165625,-5,*,7.89,5,5.1103125,*,*,5.43,5,3.473125,*,*,8.12,27,11.5321875,*,*,52.49,10,41.828125,-2,*,26.8,8,20.296875,*,*,41,15,41.96875,*,*,13.19,5,8.5721875,0,2.52,19.21,9,14.1809375,*,*,1.29,4,0.9246875,*,*,5.57,16,5.9134375,*,*,79.4,4,43.420625,*,*,18.49,19,25.68125,*,*,48.72,12,44.238125,-1,*,7.01,13,7.3940625,2,1.4,2845.1,3,1612.450625,0,239.19,28.33,29,32.1365625,-1,0.599999999999998,26.09,6,19.526875,*,*
2,BC,Baja California,Avanzado,181.016757295418,181,5,147.194838446274,0,*,71.21,4,54.41875,0,*,74.5,2,54.140625,1,*,99.74,2,92.69375,0,0.399999999999991,94.83,4,80.5028125,-1,3.5,31.2,11,23.459375,1,10.5,89,2,59.84375,0,5,91,6,79.28125,-1,-5,55.25,2,43.883125,1,-2.65,88.36,2,79.5215625,-1,2.40000000000001,47577.5010620221,3,30781.8050454497,0,16495.5345020221,34371.6412092283,7,28751.8150439782,-1,4741.2632792283,0,6,1.373125,*,*,31,6,13.0375,*,*,84.1,1,64.7984375,4,*,15.98,1,30.2109375,*,*,3.23,4,4.1296875,*,*,5.19,1,9.116875,*,*,3.23,2,5.1728125,*,*,2.71,1,5.9903125,*,*,3747.36,13,3997.140625,-2,-200.89,21.88,15,25.9509375,6,*,0.33,8,0.2090625,*,*,0,9,1.24375,*,*,0,8,0.8203125,*,*,60.46,2,45.779375,1,*,62.02,7,49.964375,-2,*,86.82,2,75.565625,1,2.5,79.56,2,61.954375,4,10.98,56.01,1,32.206875,3,12.61,44.9,5,36.9125,-2,-3.41,33.44,11,30.6321875,-6,-0.580000000000005,19.22,19,20.2440625,-6,-1.94,28.81,28,32.990625,-18,-6.51,45.44,20,47.3325,-3,10.38,22.33,16,22.689375,*,*,68.26,6,51.6396875,-1,*,42.65,4,34.4996875,0,-1.95,28.58,7,24.025625,-3,-3.42,8.29,6,6.294375,*,*,2.52,19,2.725,11,-2.57,58.25,2,40.721875,3,*,158.6,7,136.150625,-1,11.21,95,2,64.7740625,*,*,87.5,10,61.0196875,*,*,3,8,1.84375,*,*,51.31,4,37.0321875,3,*,81.25,10,73.046875,-5,-6.25,65.9,2,45.575,12,25.9,1,8,0.5625,7,1,1.06,14,7.0646875,*,*,0.55,4,0.48,*,*,44.4,18,42.40375,*,*,20.72,22,25.258125,*,*,49.35,13,46.99625,3,*,48.43,22,53.670625,3,*,Entre 60 y 70,5,67.34375,-4,-5,Entre 60 y 70,14,66.71875,-2,0,Entre 40 y 50,25,55.3125,-2,5,Entre 20 y 30,11,30.625,4,5,Entre 0 y 10,18,8.125,-5,0,Entre 70 y 80,8,80.15625,3,5,43.69,17,50.4609375,7,*,Entre 40 y 50,12,50.46875,4,5,Entre 20 y 30,15,32.1875,7,5,63.33,5,43.0165625,1,*,6.75,8,5.1103125,*,*,4.55,9,3.473125,*,*,19.72,3,11.5321875,*,*,52.63,9,41.828125,-7,*,30.83,2,20.296875,*,*,76,2,41.96875,*,*,8.19,13,8.5721875,5,3.17,22.27,5,14.1809375,*,*,1.02,12,0.9246875,*,*,5.8,14,5.9134375,*,*,51.02,7,43.420625,*,*,4.7,30,25.68125,*,*,37.53,22,44.238125,1,*,3.45,23,7.3940625,-10,-2.92,1409.12,19,1612.450625,2,43.25,32.31,18,32.1365625,-1,1.89,0,27,19.526875,*,*
3,BCS,Baja California Sur,Líder,184.808044377092,185,4,147.194838446274,0,*,65.53,5,54.41875,3,*,71.52,4,54.140625,0,*,96.89,16,92.69375,-3,1.02,94.67,5,80.5028125,5,7.48,46.7,1,23.459375,0,5.40000000000001,79,5,59.84375,0,4,101,1,79.28125,1,1,53.15,4,43.883125,2,2.61,87.04,3,79.5215625,2,3.62,42616.8224242424,4,30781.8050454497,0,12278.6838842424,29652.1337837838,13,28751.8150439782,11,5198.7724337838,0,6,1.373125,*,*,0,17,13.0375,*,*,74.91,10,64.7984375,7,*,18.59,2,30.2109375,*,*,2.88,1,4.1296875,*,*,6.28,5,9.116875,*,*,4.01,7,5.1728125,*,*,4.25,14,5.9903125,*,*,5920.96,32,3997.140625,0,-71.8000000000002,15.78,17,25.9509375,-5,*,0,14,0.2090625,*,*,0,9,1.24375,*,*,0,8,0.8203125,*,*,58.03,3,45.779375,3,*,67.52,3,49.964375,1,*,83.48,5,75.565625,1,1.88000000000001,69.92,8,61.954375,-3,0.590000000000003,51.85,4,32.206875,2,13.81,43.64,7,36.9125,0,0.0200000000000031,38.93,4,30.6321875,-2,1.87,28.15,3,20.2440625,0,0.549999999999997,36.95,3,32.990625,1,-2.2,39.27,26,47.3325,-3,7.6,20.76,7,22.689375,*,*,69.02,4,51.6396875,-1,*,40.54,8,34.4996875,-1,-1.34,26.33,13,24.025625,-5,-1.91,8.97,3,6.294375,*,*,-0.4,2,2.725,7,-1.72,50.96,6,40.721875,15,*,164.83,5,136.150625,5,27.62,52.92,23,64.7740625,*,*,56.52,21,61.0196875,*,*,4,2,1.84375,*,*,36.48,14,37.0321875,-4,*,62.5,25,73.046875,-6,-6.25,51.2,9,45.575,-7,-14.8,0,12,0.5625,3,0,0,16,7.0646875,*,*,0.46,21,0.48,*,*,49.12,14,42.40375,*,*,36.79,4,25.258125,*,*,61.25,3,46.99625,-1,*,63.76,10,53.670625,-1,*,Entre 70 y 80,2,67.34375,-1,0,Entre 60 y 70,4,66.71875,-2,-5,Entre 50 y 60,10,55.3125,-5,0,Entre 30 y 40,1,30.625,1,0,Entre 0 y 10,18,8.125,-5,0,Entre 70 y 80,8,80.15625,3,5,82.26,1,50.4609375,0,*,Entre 50 y 60,1,50.46875,2,0,Entre 30 y 40,1,32.1875,0,-5,63.34,4,43.0165625,0,*,9.53,2,5.1103125,*,*,5.95,4,3.473125,*,*,11.38,15,11.5321875,*,*,67.95,3,41.828125,0,*,35.26,1,20.296875,*,*,70,6,41.96875,*,*,10.25,8,8.5721875,0,2.32,26.97,1,14.1809375,*,*,2.15,1,0.9246875,*,*,8.25,4,5.9134375,*,*,27.18,16,43.420625,*,*,32.23,11,25.68125,*,*,25.44,30,44.238125,-1,*,6.26,15,7.3940625,7,2.5,1054.55,27,1612.450625,2,97.6899999999999,28.98,27,32.1365625,-6,-0.599999999999998,2.13,24,19.526875,*,*
4,CAMP,Campeche,Emprendedor,132.540464271393,133,22,147.194838446274,-4,*,43.57,27,54.41875,-7,*,46.81,24,54.140625,-4,*,84.87,29,92.69375,-3,4.67,74.58,24,80.5028125,-3,5.2,13.1,24,23.459375,2,6.1,46,24,59.84375,1,3,81,17,79.28125,-7,-8,44.76,17,43.883125,-2,-0.539999999999999,79.31,18,79.5215625,1,4.47,24503.1488049345,23,30781.8050454497,0,8178.6015249345,28212.6596858639,16,28751.8150439782,-12,-1547.2447941361,0,6,1.373125,*,*,0,17,13.0375,*,*,48.95,29,64.7984375,-2,*,37.17,23,30.2109375,*,*,4.68,23,4.1296875,*,*,12.82,30,9.116875,*,*,6.4,29,5.1728125,*,*,9.49,30,5.9903125,*,*,4805.92,27,3997.140625,-3,9.52999999999975,15.78,17,25.9509375,-14,*,0,14,0.2090625,*,*,0,9,1.24375,*,*,0,8,0.8203125,*,*,46.52,15,45.779375,4,*,56.02,14,49.964375,7,*,75.71,19,75.565625,1,4.84999999999999,62.38,16,61.954375,8,13.44,27.4,18,32.206875,3,3.69,36.94,18,36.9125,-2,-0.150000000000006,31.75,16,30.6321875,1,2.92,26.81,5,20.2440625,1,4.14,38.64,2,32.990625,25,7.65,56.25,6,47.3325,0,13.52,26.04,28,22.689375,*,*,55.75,14,51.6396875,4,*,34.74,18,34.4996875,-2,0.469999999999999,24.9,16,24.025625,0,0.809999999999999,6.48,15,6.294375,*,*,0.6,6,2.725,19,-3.56,39.01,18,40.721875,7,*,125.76,15,136.150625,1,17.87,73.75,15,64.7740625,*,*,100,1,61.0196875,*,*,0,25,1.84375,*,*,27.34,27,37.0321875,-18,*,75,16,73.046875,-14,-18.75,43.2,19,45.575,-11,-6.8,0,12,0.5625,3,0,10.77,2,7.0646875,*,*,0.44,26,0.48,*,*,22.78,26,42.40375,*,*,15.78,28,25.258125,*,*,42.45,23,46.99625,-14,*,51.26,19,53.670625,-11,*,Entre 60 y 70,18,67.34375,-12,0,Entre 60 y 70,14,66.71875,-12,-10,Entre 50 y 60,10,55.3125,-5,0,Entre 20 y 30,11,30.625,-9,-5,Entre 0 y 10,4,8.125,-1,-5,Entre 70 y 80,8,80.15625,3,5,56.31,11,50.4609375,-10,*,Entre 40 y 50,12,50.46875,-9,-5,Entre 30 y 40,4,32.1875,-3,-10,29.45,23,43.0165625,-4,*,5.56,12,5.1103125,*,*,3.5,15,3.473125,*,*,1.57,32,11.5321875,*,*,40.47,16,41.828125,1,*,21.59,12,20.296875,*,*,29,21,41.96875,*,*,5.56,22,8.5721875,1,1.62,15.03,13,14.1809375,*,*,0.77,18,0.9246875,*,*,7.98,5,5.9134375,*,*,17.23,25,43.420625,*,*,41.17,6,25.68125,*,*,30.92,25,44.238125,-20,*,3.23,24,7.3940625,-18,-14,1617.9,15,1612.450625,-4,-137.88,29.16,26,32.1365625,-6,-0.530000000000001,0,27,19.526875,*,*
5,COAH,Coahuila,Avanzado,165.955221596018,166,12,147.194838446274,1,*,63.13,10,54.41875,2,*,63.29,10,54.140625,4,*,98.77,9,92.69375,-3,0.339999999999989,93.56,6,80.5028125,-2,2.61,25.1,13,23.459375,6,11.2,71,10,59.84375,0,5,76,21,79.28125,-2,-3,48.19,11,43.883125,2,1.89,84.17,11,79.5215625,6,6.45,40897.7704412218,5,30781.8050454497,0,14716.1669212218,28146.7130946542,17,28751.8150439782,10,6459.0079646542,0,6,1.373125,*,*,24.8,8,13.0375,*,*,79.56,6,64.7984375,3,*,20.27,5,30.2109375,*,*,3.47,7,4.1296875,*,*,6.4,7,9.116875,*,*,3.97,6,5.1728125,*,*,3.66,6,5.9903125,*,*,3239.88,6,3997.140625,-1,-340.99,15.78,17,25.9509375,8,*,0,14,0.2090625,*,*,0,9,1.24375,*,*,0,8,0.8203125,*,*,51.86,11,45.779375,2,*,59.3,10,49.964375,3,*,80.78,11,75.565625,2,4.25,62.88,15,61.954375,4,7.18,39.14,7,32.206875,5,5.47,41.72,10,36.9125,2,1.7,34.05,9,30.6321875,-1,1.75,22.45,10,20.2440625,4,1.68,34.86,11,32.990625,14,3.41,45.21,21,47.3325,5,14.5,19.69,4,22.689375,*,*,66.19,8,51.6396875,3,*,39.42,10,34.4996875,2,3.05,27.42,9,24.025625,3,2.74,8.65,4,6.294375,*,*,1.59,12,2.725,1,-0.0699999999999998,29.51,26,40.721875,-15,*,171.39,4,136.150625,0,15.07,25,30,64.7740625,*,*,0,27,61.0196875,*,*,1,19,1.84375,*,*,44.87,7,37.0321875,9,*,43.75,30,73.046875,-2,0,60.5,4,45.575,12,21.7,2,1,0.5625,0,0,0,16,7.0646875,*,*,0.48,14,0.48,*,*,47.68,16,42.40375,*,*,29.04,9,25.258125,*,*,50.96,11,46.99625,6,*,39.27,26,53.670625,5,*,Entre 60 y 70,18,67.34375,5,10,Entre 50 y 60,29,66.71875,-1,5,Entre 50 y 60,10,55.3125,13,10,Entre 20 y 30,11,30.625,4,5,Entre 0 y 10,4,8.125,9,5,Entre 70 y 80,27,80.15625,4,10,56.31,11,50.4609375,3,*,Entre 40 y 50,12,50.46875,4,5,Entre 30 y 40,4,32.1875,0,0,50.09,11,43.0165625,-1,*,6.46,10,5.1103125,*,*,4.94,8,3.473125,*,*,8.94,23,11.5321875,*,*,57.39,6,41.828125,4,*,24.95,11,20.296875,*,*,48,10,41.96875,*,*,8.78,10,8.5721875,2,2.24,19.24,8,14.1809375,*,*,1.05,11,0.9246875,*,*,11.75,2,5.9134375,*,*,27.77,14,43.420625,*,*,66.07,1,25.68125,*,*,56.32,7,44.238125,-6,*,9.22,9,7.3940625,-6,-11.12,3063.46,2,1612.450625,-1,-4.44999999999982,31,21,32.1365625,-5,0.489999999999998,4.3,19,19.526875,*,*
6,COL,Colima,Avanzado,166.083802771336,166,11,147.194838446274,-5,*,61.67,12,54.41875,-6,*,63.75,7,54.140625,0,*,99.59,3,92.69375,5,1.63000000000001,95.82,2,80.5028125,3,5.00999999999999,10.3,28,23.459375,0,4.1,79,5,59.84375,4,11,95,4,79.28125,1,-1,48.85,9,43.883125,-1,-0.710000000000001,84.92,6,79.5215625,1,2.13,27600.8837209302,20,30781.8050454497,-2,9666.6041009302,31549.6780238501,12,28751.8150439782,-7,1849.2244438501,20,1,1.373125,*,*,0,17,13.0375,*,*,74.98,9,64.7984375,-3,*,23.97,13,30.2109375,*,*,3.29,5,4.1296875,*,*,6.53,9,9.116875,*,*,4.98,18,5.1728125,*,*,3.88,9,5.9903125,*,*,3925.38,16,3997.140625,4,-338,15.78,17,25.9509375,-2,*,0,14,0.2090625,*,*,0,9,1.24375,*,*,0,8,0.8203125,*,*,55.27,8,45.779375,-6,*,62.6,6,49.964375,0,*,82.92,6,75.565625,-1,1.12,74.07,4,61.954375,3,5.94,36.75,11,32.206875,-2,2.01,43.66,6,36.9125,-1,-1.36000000000001,39.91,2,30.6321875,-1,2.02,22.13,12,20.2440625,-5,-0.350000000000001,35.41,8,32.990625,9,1.59,47.6,15,47.3325,-3,8.44,24.28,19,22.689375,*,*,68.16,7,51.6396875,0,*,40.08,9,34.4996875,-3,-2.53,29.05,6,24.025625,-1,-1.8,7.51,9,6.294375,*,*,-0.26,4,2.725,11,-2.29,52.19,5,40.721875,-3,*,210.79,3,136.150625,0,17.88,89.72,7,64.7740625,*,*,100,1,61.0196875,*,*,0,25,1.84375,*,*,31.48,21,37.0321875,-10,*,68.75,18,73.046875,-6,-12.5,37.5,26,45.575,-14,-5.1,0,12,0.5625,3,0,0,16,7.0646875,*,*,0.47,18,0.48,*,*,67.12,4,42.40375,*,*,26.07,15,25.258125,*,*,49.14,14,46.99625,-2,*,53.84,14,53.670625,-7,*,Entre 50 y 60,31,67.34375,0,10,Entre 60 y 70,4,66.71875,-2,-5,Entre 50 y 60,10,55.3125,-5,0,Entre 20 y 30,11,30.625,4,5,Entre 10 y 20,1,8.125,0,-10,Entre 70 y 80,8,80.15625,-7,-5,56.31,11,50.4609375,3,*,Entre 40 y 50,12,50.46875,4,5,Entre 30 y 40,4,32.1875,0,0,55.95,7,43.0165625,1,*,7.01,7,5.1103125,*,*,5.13,6,3.473125,*,*,11.78,13,11.5321875,*,*,48.04,12,41.828125,1,*,25.84,10,20.296875,*,*,46,12,41.96875,*,*,11.18,6,8.5721875,2,3.25,17.26,11,14.1809375,*,*,1.08,10,0.9246875,*,*,5.2,21,5.9134375,*,*,43.89,9,43.420625,*,*,35.29,9,25.68125,*,*,29.35,27,44.238125,1,*,1.37,29,7.3940625,-13,-4.1,1395.97,20,1612.450625,-1,-79.3,28.5,28,32.1365625,2,1.9,23.04,7,19.526875,*,*
7,CHIS,Chiapas,Básico,66.4035166314857,66,32,147.194838446274,0,*,16.49,32,54.41875,0,*,15.04,32,54.140625,0,*,62.2,32,92.69375,0,5.22000000000001,44.42,32,80.5028125,0,2.67,15.6,21,23.459375,3,8.4,24,32,59.84375,0,2,43,32,79.28125,0,-4,22.17,32,43.883125,0,-2.53,56.77,32,79.5215625,0,0.420000000000002,17352.6187374749,30,30781.8050454497,-2,5422.3259074749,22544.5954620919,28,28751.8150439782,-7,-2550.5867179081,0,6,1.373125,*,*,0,17,13.0375,*,*,15.9,32,64.7984375,-3,*,71.94,32,30.2109375,*,*,5.66,31,4.1296875,*,*,20.34,32,9.116875,*,*,10.28,32,5.1728125,*,*,15.98,32,5.9903125,*,*,3757.51,14,3997.140625,7,-565.639999999999,23.73,12,25.9509375,19,*,0.43,5,0.2090625,*,*,0,9,1.24375,*,*,0,8,0.8203125,*,*,19.4,32,45.779375,0,*,15.09,32,49.964375,0,*,46.06,32,75.565625,0,0.18,32.63,32,61.954375,0,2.99,14.51,32,32.206875,-2,0.0499999999999989,19.47,32,36.9125,0,-4.15,18.43,32,30.6321875,0,2.11,19.57,18,20.2440625,11,8.85,29.23,26,32.990625,-6,-4.01,32.14,32,47.3325,-2,2.08,21.27,12,22.689375,*,*,15.83,32,51.6396875,-1,*,18.66,32,34.4996875,0,-2.85,11.18,32,24.025625,-1,-3.23,2.5,32,6.294375,*,*,2.53,20,2.725,2,-1.06,26.37,30,40.721875,-7,*,75.75,32,136.150625,0,7.69,42.08,26,64.7740625,*,*,100,1,61.0196875,*,*,1,19,1.84375,*,*,23.97,29,37.0321875,0,*,25,31,73.046875,-1,0,52.3,6,45.575,3,4.5,2,1,0.5625,14,2,0.18,15,7.0646875,*,*,0.38,30,0.48,*,*,22.02,27,42.40375,*,*,10.71,30,25.258125,*,*,30.52,30,46.99625,1,*,53.69,15,53.670625,9,*,Entre 60 y 70,5,67.34375,1,5,Entre 60 y 70,14,66.71875,-2,0,Entre 40 y 50,25,55.3125,-2,5,Entre 20 y 30,27,30.625,-12,0,Entre 10 y 20,1,8.125,2,0,Entre 70 y 80,8,80.15625,3,5,30.36,26,50.4609375,-2,*,Entre 40 y 50,25,50.46875,-9,0,Entre 20 y 30,15,32.1875,7,5,19.34,31,43.0165625,0,*,2.19,31,5.1103125,*,*,1.34,29,3.473125,*,*,6.66,28,11.5321875,*,*,17.18,31,41.828125,0,*,10.64,29,20.296875,*,*,19,29,41.96875,*,*,2.6,32,8.5721875,0,0.78,6.1,29,14.1809375,*,*,0.42,32,0.9246875,*,*,3.02,30,5.9134375,*,*,13.65,29,43.420625,*,*,0,31,25.68125,*,*,23.7,31,44.238125,0,*,0.36,32,7.3940625,0,0,760.12,29,1612.450625,1,-118.15,30.14,23,32.1365625,4,2.06,7.84,14,19.526875,*,*
8,CHIH,Chihuahua,Avanzado,177.250300300136,177,6,147.194838446274,1,*,64.65,8,54.41875,3,*,65.74,5,54.140625,5,*,94.9,19,92.69375,-2,1.73,90.88,10,80.5028125,2,4.94999999999999,37.3,4,23.459375,4,8.6,66,14,59.84375,-1,3,89,7,79.28125,5,1,52.09,5,43.883125,4,2.72000000000001,84.22,10,79.5215625,2,3.42999999999999,34886.384811617,10,30781.8050454497,0,12615.941291617,35060.8880208333,4,28751.8150439782,11,8325.9834208333,4.48,3,1.373125,*,*,10.2,13,13.0375,*,*,80.35,4,64.7984375,7,*,18.59,2,30.2109375,*,*,3.56,11,4.1296875,*,*,5.81,3,9.116875,*,*,4.07,8,5.1728125,*,*,2.82,2,5.9903125,*,*,3472.43,7,3997.140625,0,-176.92,15.78,17,25.9509375,-4,*,0,14,0.2090625,*,*,0,9,1.24375,*,*,0,8,0.8203125,*,*,56.04,5,45.779375,6,*,58.1,11,49.964375,3,*,80.6,12,75.565625,-1,2.63,49.75,29,61.954375,-13,-7.38,31.37,16,32.206875,-1,1.76,45.88,3,36.9125,7,4.1,42.12,1,30.6321875,14,12.39,23.12,9,20.2440625,-4,-0.859999999999999,35.66,7,32.990625,21,5.73999999999999,47.41,16,47.3325,13,17.34,24.66,24,22.689375,*,*,75.94,2,51.6396875,6,*,43.88,2,34.4996875,9,6.56,29.62,5,24.025625,6,3.3,10.52,1,6.294375,*,*,2.14,17,2.725,0,-0.29,42.87,14,40.721875,3,*,138.58,11,136.150625,1,13.33,95,2,64.7740625,*,*,69.23,18,61.0196875,*,*,0,25,1.84375,*,*,43.26,9,37.0321875,-4,*,81.25,10,73.046875,-5,-6.25,53.3,5,45.575,6,8.2,0,12,0.5625,-11,-2,3.21,9,7.0646875,*,*,0.52,8,0.48,*,*,57.11,8,42.40375,*,*,26.79,12,25.258125,*,*,56.56,8,46.99625,-4,*,66.59,7,53.670625,-3,*,Entre 60 y 70,5,67.34375,1,5,Entre 60 y 70,4,66.71875,-2,-5,Entre 50 y 60,2,55.3125,-1,-5,Entre 30 y 40,1,30.625,0,-10,Entre 0 y 10,4,8.125,-1,-5,Entre 70 y 80,8,80.15625,3,5,43.69,17,50.4609375,-11,*,Entre 40 y 50,12,50.46875,-9,-5,Entre 20 y 30,15,32.1875,-11,-5,54.27,9,43.0165625,0,*,6.58,9,5.1103125,*,*,4.44,10,3.473125,*,*,13.99,7,11.5321875,*,*,54.03,8,41.828125,-3,*,28.15,7,20.296875,*,*,50,9,41.96875,*,*,6.83,17,8.5721875,-1,1.51,21.43,7,14.1809375,*,*,1.18,6,0.9246875,*,*,7.24,7,5.9134375,*,*,48.45,8,43.420625,*,*,56.06,3,25.68125,*,*,58.93,6,44.238125,13,*,8.82,10,7.3940625,8,3.74,1673.5,13,1612.450625,-3,-201.77,31.54,20,32.1365625,2,2.01,113.28,2,19.526875,*,*
9,CDMX,Ciudad de México,Líder,217.216054970725,217,1,147.194838446274,0,*,72.61,1,54.41875,0,*,84.96,1,54.140625,0,*,100,1,92.69375,0,0,99.76,1,80.5028125,0,0.570000000000007,43.7,2,23.459375,0,4.2,108,1,59.84375,0,7,89,7,79.28125,-4,-9,67.04,1,43.883125,0,3.35000000000001,88.68,1,79.5215625,3,4.53,61435.945323741,1,30781.8050454497,0,20682.071793741,40027.4601479047,2,28751.8150439782,10,11544.9510179047,0,6,1.373125,*,*,24.6,9,13.0375,*,*,70.61,16,64.7984375,-13,*,27.88,16,30.2109375,*,*,3.41,6,4.1296875,*,*,8.68,18,9.116875,*,*,4.56,15,5.1728125,*,*,6,20,5.9903125,*,*,3691.84,11,3997.140625,-1,-158.93,30.84,8,25.9509375,-6,*,0.13,13,0.2090625,*,*,1.75,8,1.24375,*,*,2.1,5,0.8203125,*,*,85.37,1,45.779375,0,*,84.91,1,49.964375,0,*,88.31,1,75.565625,1,3.90000000000001,87.09,1,61.954375,0,7.98,54.54,2,32.206875,0,7.22,55.38,1,36.9125,0,-0.669999999999995,32.39,15,30.6321875,-9,-0.57,30.65,2,20.2440625,2,5.18,36.27,6,32.990625,-1,-1.09999999999999,65.25,1,47.3325,8,23.65,16.76,2,22.689375,*,*,84.17,1,51.6396875,0,*,52.49,1,34.4996875,0,-1.58,38.25,1,24.025625,0,-0.159999999999997,9.74,2,6.294375,*,*,7.81,31,2.725,-5,3.31,86.57,1,40.721875,0,*,451.62,1,136.150625,0,130.38,88.75,8,64.7740625,*,*,72.5,17,61.0196875,*,*,6,1,1.84375,*,*,86.34,1,37.0321875,0,*,100,1,73.046875,0,0,38.6,23,45.575,-13,-7.1,2,1,0.5625,0,0,169.71,1,7.0646875,*,*,0.55,4,0.48,*,*,52.16,11,42.40375,*,*,39.58,2,25.258125,*,*,59.23,5,46.99625,10,*,59.86,12,53.670625,8,*,Entre 60 y 70,5,67.34375,1,5,Entre 60 y 70,4,66.71875,8,5,Entre 50 y 60,10,55.3125,-5,0,Entre 20 y 30,11,30.625,4,5,Entre 0 y 10,4,8.125,9,5,Entre 70 y 80,8,80.15625,3,5,43.69,17,50.4609375,7,*,Entre 40 y 50,12,50.46875,4,5,Entre 20 y 30,15,32.1875,7,5,40.17,19,43.0165625,-3,*,5.24,13,5.1103125,*,*,3.76,13,3.473125,*,*,8.17,26,11.5321875,*,*,83.12,1,41.828125,8,*,19.67,18,20.296875,*,*,71,5,41.96875,*,*,39.94,1,8.5721875,0,9.55,16.31,12,14.1809375,*,*,1.68,3,0.9246875,*,*,6.11,13,5.9134375,*,*,264.97,1,43.420625,*,*,16.11,21,25.68125,*,*,59.46,5,44.238125,-3,*,21.28,2,7.3940625,0,-2.61,2432.15,4,1612.450625,3,148.21,33.14,15,32.1365625,-5,0.910000000000004,0,27,19.526875,*,*
10,DGO,Durango,Emprendedor,138.225959685633,138,20,147.194838446274,0,*,53.4,20,54.41875,1,*,54.52,18,54.140625,1,*,89.31,24,92.69375,-1,1.90000000000001,78.88,18,80.5028125,2,7.8,9.7,29,23.459375,-2,2.8,51,21,59.84375,3,6,84,13,79.28125,7,6,43.62,19,43.883125,-2,-1.48,79.09,20,79.5215625,-6,-0.989999999999995,28047.8324192566,19,30781.8050454497,0,10161.0260792566,32595.641025641,9,28751.8150439782,17,10283.780415641,0,6,1.373125,*,*,64.4,1,13.0375,*,*,65.12,19,64.7984375,2,*,27.88,16,30.2109375,*,*,4.5,21,4.1296875,*,*,9,20,9.116875,*,*,4.8,17,5.1728125,*,*,5.56,18,5.9903125,*,*,4117.03,21,3997.140625,6,-880.58,15.78,17,25.9509375,2,*,0,14,0.2090625,*,*,0,9,1.24375,*,*,0,8,0.8203125,*,*,42.78,21,45.779375,-7,*,37.8,26,49.964375,-8,*,70.88,24,75.565625,-12,-5.78,52.41,25,61.954375,-8,-3.98,24.64,25,32.206875,-11,-5.86,32.76,21,36.9125,-7,-5,26.82,25,30.6321875,-5,-0.489999999999998,22.27,11,20.2440625,15,9.22,32.4,19,32.990625,-1,-1.33,34.58,31,47.3325,-12,0.600000000000001,24.61,23,22.689375,*,*,45.84,21,51.6396875,-1,*,30.17,22,34.4996875,-5,-3.94,21.67,22,24.025625,0,0.0400000000000027,7.67,7,6.294375,*,*,4.98,28,2.725,-24,4.45,47.66,8,40.721875,10,*,107.94,18,136.150625,1,8.53999999999999,57.36,20,64.7740625,*,*,100,1,61.0196875,*,*,4,2,1.84375,*,*,43.22,10,37.0321875,-7,*,81.25,10,73.046875,2,0,44.2,17,45.575,-12,-11.4,2,1,0.5625,0,0,3.82,8,7.0646875,*,*,0.49,12,0.48,*,*,33.04,21,42.40375,*,*,27.56,11,25.258125,*,*,42.04,24,46.99625,2,*,47.47,23,53.670625,5,*,Entre 50 y 60,28,67.34375,3,15,Entre 60 y 70,14,66.71875,-2,0,Entre 50 y 60,10,55.3125,13,10,Entre 20 y 30,11,30.625,4,5,Entre 0 y 10,4,8.125,9,5,Entre 70 y 80,8,80.15625,3,5,43.69,17,50.4609375,7,*,Entre 40 y 50,12,50.46875,4,5,Entre 20 y 30,15,32.1875,7,5,37.21,20,43.0165625,0,*,4.69,19,5.1103125,*,*,2.46,20,3.473125,*,*,12.28,9,11.5321875,*,*,36.58,17,41.828125,1,*,20.37,13,20.296875,*,*,35,17,41.96875,*,*,4.26,26,8.5721875,1,1.09,13.19,18,14.1809375,*,*,0.7,21,0.9246875,*,*,7.01,9,5.9134375,*,*,20.24,20,43.420625,*,*,23.94,15,25.68125,*,*,44.28,16,44.238125,-2,*,2.73,25,7.3940625,0,0.55,1520.2,17,1612.450625,-2,-96.5799999999999,34.17,7,32.1365625,-4,-0.359999999999999,2.84,21,19.526875,*,*
11,GTO,Guanajuato,Avanzado,156.618881444175,157,14,147.194838446274,-2,*,54.93,19,54.41875,-5,*,51.09,21,54.140625,0,*,97.68,13,92.69375,2,4,77.38,21,80.5028125,-2,5.58999999999999,25.1,13,23.459375,2,7.9,60,16,59.84375,1,5,62,29,79.28125,-3,-5,40.52,22,43.883125,0,1.32,76.87,23,79.5215625,1,7.2,25741.7426601688,22,30781.8050454497,-2,8494.8372701688,26309.1784939572,20,28751.8150439782,2,1413.8626539572,0,6,1.373125,*,*,37.5,4,13.0375,*,*,72.32,13,64.7984375,-5,*,27.4,15,30.2109375,*,*,4.18,18,4.1296875,*,*,7.84,15,9.116875,*,*,4.23,10,5.1728125,*,*,4.47,15,5.9903125,*,*,3155.56,4,3997.140625,2,-468.11,20.22,16,25.9509375,-12,*,0.24,10,0.2090625,*,*,0,9,1.24375,*,*,0,8,0.8203125,*,*,43.52,20,45.779375,-4,*,39.47,24,49.964375,-2,*,71.95,23,75.565625,1,4.62,61.22,17,61.954375,5,7.79,26.25,22,32.206875,-6,-2.99,30.32,26,36.9125,-1,-2.07,28.59,20,30.6321875,1,3.14,15.28,24,20.2440625,-13,-6.01,27.65,32,32.990625,-10,-4.96,45.71,17,47.3325,4,12.93,21.45,13,22.689375,*,*,33.64,29,51.6396875,-5,*,28.58,25,34.4996875,2,0.299999999999997,19.91,23,24.025625,3,-0.100000000000001,5.11,24,6.294375,*,*,7.62,30,2.725,-23,6.54,54.16,4,40.721875,0,*,104.43,19,136.150625,-2,4.12,91.25,6,64.7740625,*,*,96.92,9,61.0196875,*,*,4,2,1.84375,*,*,51.08,5,37.0321875,7,*,87.5,7,73.046875,-2,0,51.1,10,45.575,-3,0,0,12,0.5625,3,0,1.46,13,7.0646875,*,*,0.65,1,0.48,*,*,82.7,1,42.40375,*,*,13.01,29,25.258125,*,*,58.17,7,46.99625,0,*,85.22,1,53.670625,1,*,Entre 60 y 70,5,67.34375,1,5,Entre 70 y 80,1,66.71875,1,0,Entre 60 y 70,1,55.3125,0,0,Entre 30 y 40,1,30.625,1,0,Entre 10 y 20,1,8.125,0,-10,Entre 80 y 90,1,80.15625,0,0,82.26,1,50.4609375,0,*,Entre 50 y 60,1,50.46875,2,0,Entre 30 y 40,1,32.1875,0,-5,33.51,21,43.0165625,0,*,4.05,21,5.1103125,*,*,2.89,19,3.473125,*,*,8.28,25,11.5321875,*,*,30.69,21,41.828125,-1,*,16.7,21,20.296875,*,*,38,16,41.96875,*,*,6.36,19,8.5721875,1,1.41,12.07,19,14.1809375,*,*,0.77,18,0.9246875,*,*,3.68,28,5.9134375,*,*,31.31,12,43.420625,*,*,0,31,25.68125,*,*,54.97,8,44.238125,2,*,15.24,4,7.3940625,5,4.05,1753.71,11,1612.450625,9,283.94,34.32,6,32.1365625,3,1.95,16.53,9,19.526875,*,*
12,GRO,Guerrero,Básico,84.0043178645373,84,30,147.194838446274,1,*,37.01,30,54.41875,1,*,33.31,30,54.140625,0,*,76.8,30,92.69375,0,5.63,65.87,27,80.5028125,0,8.06,13.1,24,23.459375,-3,4.4,40,27,59.84375,1,3,65,28,79.28125,2,3,29.28,30,43.883125,1,1.5,68.99,30,79.5215625,-1,2.69999999999999,24062.9055585537,24,30781.8050454497,-2,7703.6165585537,26201.8916288125,22,28751.8150439782,-3,441.685198812502,0,6,1.373125,*,*,0,17,13.0375,*,*,49.46,28,64.7984375,4,*,39.96,29,30.2109375,*,*,5,27,4.1296875,*,*,11.88,27,9.116875,*,*,6.17,24,5.1728125,*,*,8.21,27,5.9903125,*,*,4894.51,30,3997.140625,-1,-218.26,15.78,17,25.9509375,15,*,0,14,0.2090625,*,*,0,9,1.24375,*,*,0,8,0.8203125,*,*,27.47,30,45.779375,0,*,25.57,30,49.964375,0,*,61.41,30,75.565625,-2,1.08,44.91,31,61.954375,-1,1.23,15.26,31,32.206875,-4,-1.61,24.46,30,36.9125,1,0.73,24.95,26,30.6321875,5,6.03,13.81,28,20.2440625,0,2.77,28.82,27,32.990625,-12,-5.63,49.08,12,47.3325,8,15.78,26.76,31,22.689375,*,*,29.51,30,51.6396875,2,*,22.62,30,34.4996875,1,0.120000000000001,15.08,30,24.025625,2,2.26,3.65,30,6.294375,*,*,-0.37,3,2.725,18,-3.77,30.42,24,40.721875,8,*,91.76,28,136.150625,2,12.38,42.36,25,64.7740625,*,*,60,19,61.0196875,*,*,2,9,1.84375,*,*,25.65,28,37.0321875,-20,*,68.75,18,73.046875,6,12.5,47.4,13,45.575,-10,-11.8,1,8,0.5625,2,0,4.24,7,7.0646875,*,*,0.35,32,0.48,*,*,20.88,28,42.40375,*,*,20.15,23,25.258125,*,*,19.53,32,46.99625,0,*,14.78,32,53.670625,-1,*,Entre 50 y 60,31,67.34375,-8,0,Entre 50 y 60,32,66.71875,-4,0,Entre 40 y 50,25,55.3125,-2,5,Entre 20 y 30,27,30.625,-12,0,Entre 0 y 10,18,8.125,-5,0,Entre 70 y 80,27,80.15625,4,10,17.74,31,50.4609375,-7,*,Entre 40 y 50,25,50.46875,-9,0,Entre 20 y 30,30,32.1875,-8,0,23.34,29,43.0165625,1,*,2.06,32,5.1103125,*,*,1.28,31,3.473125,*,*,9.83,21,11.5321875,*,*,16.88,32,41.828125,0,*,8.76,32,20.296875,*,*,18,30,41.96875,*,*,2.96,31,8.5721875,0,0.93,4.9,32,14.1809375,*,*,0.52,30,0.9246875,*,*,2.62,31,5.9134375,*,*,10.7,32,43.420625,*,*,11.18,27,25.68125,*,*,28.6,28,44.238125,-2,*,0.56,31,7.3940625,-1,0,709.47,30,1612.450625,-2,-258.7,32.4,17,32.1365625,-12,-0.880000000000003,1.41,25,19.526875,*,*
13,HGO,Hidalgo,Emprendedor,118.669646151571,119,28,147.194838446274,-5,*,41.37,29,54.41875,-3,*,42.7,26,54.140625,1,*,93.1,22,92.69375,0,5.09999999999999,61.3,29,80.5028125,1,14.58,24,15,23.459375,-2,4,38,28,59.84375,1,2,79,19,79.28125,7,12,36.93,25,43.883125,-4,-2.39,75.77,26,79.5215625,-4,3.17999999999999,19086.6579409184,29,30781.8050454497,0,7958.8754909184,19179.7597374179,32,28751.8150439782,0,98.2406774178999,17.86,2,1.373125,*,*,0,17,13.0375,*,*,48.56,30,64.7984375,-16,*,42.89,30,30.2109375,*,*,4.74,24,4.1296875,*,*,12.64,29,9.116875,*,*,7.11,30,5.1728125,*,*,9.34,29,5.9903125,*,*,3763.11,15,3997.140625,-2,-352.74,15.78,17,25.9509375,0,*,0,14,0.2090625,*,*,0,9,1.24375,*,*,0,8,0.8203125,*,*,39.61,22,45.779375,-4,*,40.09,22,49.964375,2,*,69.34,25,75.565625,-4,0.210000000000008,58.47,22,61.954375,-10,-1.1,20.99,27,32.206875,-1,3.79,32.34,22,36.9125,-1,-2.77999999999999,24.41,27,30.6321875,0,2.04,13.18,29,20.2440625,1,3.19,32.94,17,32.990625,2,-0.490000000000002,55.73,7,47.3325,4,14.89,24.39,20,22.689375,*,*,43.9,23,51.6396875,-7,*,30.26,21,34.4996875,-1,-2.21,22.09,21,24.025625,-8,-2.49,4.39,28,6.294375,*,*,0.82,7,2.725,-4,1.12,40.92,15,40.721875,-5,*,91.05,29,136.150625,-1,5.72,75.69,14,64.7740625,*,*,100,1,61.0196875,*,*,2,9,1.84375,*,*,32.81,19,37.0321875,-4,*,68.75,18,73.046875,1,0,38.3,25,45.575,-7,-0.200000000000003,0,12,0.5625,-2,-1,4.87,5,7.0646875,*,*,0.53,7,0.48,*,*,28.53,22,42.40375,*,*,26.34,14,25.258125,*,*,37.69,27,46.99625,-4,*,42.8,25,53.670625,-6,*,Entre 60 y 70,18,67.34375,-12,0,Entre 60 y 70,14,66.71875,-2,0,Entre 40 y 50,25,55.3125,-2,5,Entre 20 y 30,11,30.625,-9,-5,Entre 0 y 10,4,8.125,-1,-5,Entre 70 y 80,27,80.15625,-16,0,30.36,26,50.4609375,-12,*,Entre 40 y 50,25,50.46875,-9,0,Entre 20 y 30,15,32.1875,-11,-5,23.56,28,43.0165625,-3,*,3.55,23,5.1103125,*,*,2.03,24,3.473125,*,*,5.51,30,11.5321875,*,*,29.14,22,41.828125,4,*,15.53,23,20.296875,*,*,23,28,41.96875,*,*,5.1,23,8.5721875,2,1.58,8.54,24,14.1809375,*,*,0.6,26,0.9246875,*,*,4.95,22,5.9134375,*,*,19.37,21,43.420625,*,*,34.01,10,25.68125,*,*,62.9,3,44.238125,6,*,11.68,7,7.3940625,7,5.52,2307.94,6,1612.450625,0,11.0300000000002,34.55,5,32.1365625,2,2.09999999999999,30.91,5,19.526875,*,*
14,JAL,Jalisco,Avanzado,167.603038697772,168,10,147.194838446274,-1,*,64.7,7,54.41875,-2,*,63.58,9,54.140625,-1,*,97.77,12,92.69375,-2,0.819999999999993,88.32,15,80.5028125,-6,0.539999999999992,33,8,23.459375,-2,4.1,78,7,59.84375,-1,7,89,7,79.28125,7,2,48.83,10,43.883125,2,1.97,85.14,5,79.5215625,8,4.93000000000001,29058.6105274798,17,30781.8050454497,-1,9691.5774974798,32428.1289699571,10,28751.8150439782,-2,3256.5460299571,0.8,4,1.373125,*,*,1.4,16,13.0375,*,*,80.09,5,64.7984375,-3,*,22.3,7,30.2109375,*,*,3.5,9,4.1296875,*,*,6.32,6,9.116875,*,*,3.77,3,5.1728125,*,*,3.67,7,5.9903125,*,*,2947.17,1,3997.140625,1,-281.33,25.23,11,25.9509375,16,*,0.16,12,0.2090625,*,*,2.67,6,1.24375,*,*,0,8,0.8203125,*,*,55.68,6,45.779375,4,*,54,16,49.964375,0,*,82.2,8,75.565625,7,6.61,67.06,11,61.954375,3,9.08000000000001,34.58,12,32.206875,1,3.36,39.79,12,36.9125,3,2.22,32.52,14,30.6321875,0,2.31,16.81,22,20.2440625,-6,-3.44,31.84,21,32.990625,0,-0.919999999999998,45.52,19,47.3325,-3,10.32,20.44,6,22.689375,*,*,61.73,9,51.6396875,8,*,38.18,12,34.4996875,2,3.3,27.54,8,24.025625,11,3.63,6.9,13,6.294375,*,*,1.25,9,2.725,7,-0.83,56.86,3,40.721875,5,*,130.1,13,136.150625,0,9.69999999999999,88.75,8,64.7740625,*,*,86.49,11,61.0196875,*,*,4,2,1.84375,*,*,50.75,6,37.0321875,-4,*,87.5,7,73.046875,-2,0,71.1,1,45.575,0,-11.1,1,8,0.5625,2,0,0,16,7.0646875,*,*,0.47,18,0.48,*,*,50.22,12,42.40375,*,*,26.03,16,25.258125,*,*,47.22,17,46.99625,-3,*,52.93,16,53.670625,-5,*,Entre 50 y 60,28,67.34375,-5,5,Entre 60 y 70,14,66.71875,-2,0,Entre 50 y 60,10,55.3125,-5,0,Entre 30 y 40,1,30.625,1,0,Entre 0 y 10,4,8.125,-1,-5,Entre 70 y 80,8,80.15625,3,5,56.31,11,50.4609375,3,*,Entre 40 y 50,12,50.46875,4,5,Entre 30 y 40,4,32.1875,0,0,46.77,12,43.0165625,0,*,5.2,14,5.1103125,*,*,3.8,11,3.473125,*,*,12.64,8,11.5321875,*,*,47.39,13,41.828125,-1,*,20.34,14,20.296875,*,*,48,10,41.96875,*,*,13.88,4,8.5721875,0,2.41,14.99,14,14.1809375,*,*,1.01,13,0.9246875,*,*,5.53,17,5.9134375,*,*,73.79,5,43.420625,*,*,19.88,18,25.68125,*,*,29.53,26,44.238125,-18,*,27.19,1,7.3940625,0,1.2,1123.48,24,1612.450625,1,-0.960000000000036,26.8,32,32.1365625,-1,0.640000000000001,5.66,17,19.526875,*,*
15,MEX,México,Avanzado,149.890090086911,150,17,147.194838446274,-1,*,64.52,9,54.41875,0,*,63.62,8,54.140625,4,*,99.2,6,92.69375,-3,0.150000000000006,89.89,11,80.5028125,2,8.42,34.1,7,23.459375,2,7.3,72,9,59.84375,2,8,93,5,79.28125,7,5,47.65,12,43.883125,-1,-0.950000000000003,82.2,14,79.5215625,-3,1.32000000000001,34981.8972038914,9,30781.8050454497,5,14351.9220638914,22737.4698590814,27,28751.8150439782,3,3030.3392590814,0.8,4,1.373125,*,*,22.7,10,13.0375,*,*,69.58,17,64.7984375,-5,*,28.59,19,30.2109375,*,*,4.25,20,4.1296875,*,*,8.13,16,9.116875,*,*,5.16,20,5.1728125,*,*,4.58,16,5.9903125,*,*,3072.33,3,3997.140625,0,-257.54,53.62,3,25.9509375,4,*,0,14,0.2090625,*,*,3.37,3,1.24375,*,*,7.41,1,0.8203125,*,*,54.14,10,45.779375,-3,*,60.41,8,49.964375,2,*,81.83,10,75.565625,-1,3.17999999999999,68.83,10,61.954375,11,14.68,38.24,8,32.206875,-1,1.08000000000001,40.95,11,36.9125,-2,-1.95999999999999,27.18,24,30.6321875,-2,2.12,21.56,13,20.2440625,-1,0.389999999999997,34.99,10,32.990625,13,3.39,57.73,2,47.3325,0,11.29,20.77,8,22.689375,*,*,60.16,11,51.6396875,-7,*,39.38,11,34.4996875,-3,-2.06,27.18,10,24.025625,-3,-1.72,5.8,18,6.294375,*,*,0.99,8,2.725,-7,1.62,46.11,12,40.721875,2,*,101.57,23,136.150625,3,13.4,97.5,1,64.7740625,*,*,80.95,13,61.0196875,*,*,2,9,1.84375,*,*,44.52,8,37.0321875,-2,*,68.75,18,73.046875,1,0,51.1,10,45.575,-6,-5.4,2,1,0.5625,0,0,1.65,12,7.0646875,*,*,0.48,14,0.48,*,*,59.89,6,42.40375,*,*,21.95,21,25.258125,*,*,31.22,29,46.99625,-1,*,39.17,27,53.670625,0,*,Entre 60 y 70,18,67.34375,5,10,Entre 60 y 70,14,66.71875,-2,0,Entre 40 y 50,25,55.3125,-2,5,Entre 20 y 30,27,30.625,-12,0,Entre 0 y 10,18,8.125,-5,0,Entre 70 y 80,8,80.15625,3,5,17.74,31,50.4609375,-7,*,Entre 40 y 50,25,50.46875,-9,0,Entre 20 y 30,30,32.1875,-8,0,28.22,25,43.0165625,3,*,2.34,28,5.1103125,*,*,1.58,28,3.473125,*,*,11.7,14,11.5321875,*,*,26.41,29,41.828125,-2,*,10.31,30,20.296875,*,*,29,21,41.96875,*,*,9.44,9,8.5721875,1,1.93,6.46,28,14.1809375,*,*,0.61,25,0.9246875,*,*,4.05,26,5.9134375,*,*,21.68,18,43.420625,*,*,13.05,26,25.68125,*,*,41.4,20,44.238125,5,*,3.59,22,7.3940625,-3,-0.76,1313.76,22,1612.450625,2,144.53,33.64,12,32.1365625,1,2.03,7.06,15,19.526875,*,*
16,MICH,Michoacán,Emprendedor,131.723881064639,132,23,147.194838446274,3,*,50.3,22,54.41875,3,*,43.36,25,54.140625,-1,*,96.05,18,92.69375,-2,2.47,77.67,20,80.5028125,3,11.61,10.4,27,23.459375,-4,2.7,36,29,59.84375,-8,-11,70,25,79.28125,0,1,38.62,23,43.883125,3,3.29,75.39,28,79.5215625,-1,6.57000000000001,20977.9431294678,27,30781.8050454497,0,7034.2114894678,29137.5151641047,14,28751.8150439782,-7,-370.695095895298,0,6,1.373125,*,*,0,17,13.0375,*,*,71.81,14,64.7984375,6,*,24.78,14,30.2109375,*,*,3.68,12,4.1296875,*,*,6.89,12,9.116875,*,*,4.47,13,5.1728125,*,*,4.23,13,5.9903125,*,*,4658.83,26,3997.140625,-4,-2.48000000000047,15.78,17,25.9509375,13,*,0,14,0.2090625,*,*,0,9,1.24375,*,*,0,8,0.8203125,*,*,35.2,27,45.779375,-1,*,37.62,27,49.964375,1,*,66.77,29,75.565625,-1,6.44,51.3,28,61.954375,0,6.26,26.83,21,32.206875,8,11.44,30.91,25,36.9125,4,2.98,28.82,19,30.6321875,7,5.27,24.38,8,20.2440625,10,5.89,34.35,14,32.990625,2,0.18,38.98,27,47.3325,0,8.67,28.84,32,22.689375,*,*,38.98,26,51.6396875,2,*,28.37,26,34.4996875,3,3.49,19.75,25,24.025625,3,1.88,5.96,17,6.294375,*,*,4.45,25,2.725,-7,1.96,30.48,23,40.721875,-3,*,102.93,21,136.150625,-1,7.53,34.86,28,64.7740625,*,*,54.55,22,61.0196875,*,*,2,9,1.84375,*,*,31.44,22,37.0321875,-3,*,93.75,3,73.046875,21,37.5,45.8,14,45.575,-8,-8.5,0,12,0.5625,3,0,0,16,7.0646875,*,*,0.45,23,0.48,*,*,11.38,30,42.40375,*,*,26.42,13,25.258125,*,*,46.23,18,46.99625,2,*,75.19,2,53.670625,-1,*,Entre 70 y 80,2,67.34375,-1,0,Entre 70 y 80,1,66.71875,0,-10,Entre 50 y 60,2,55.3125,-1,-5,Entre 30 y 40,1,30.625,1,0,Entre 0 y 10,4,8.125,-1,-5,Entre 70 y 80,8,80.15625,-7,-5,44.4,16,50.4609375,6,*,Entre 50 y 60,1,50.46875,2,0,Entre 20 y 30,30,32.1875,-8,0,26.55,26,43.0165625,1,*,2.92,26,5.1103125,*,*,1.79,26,3.473125,*,*,9.15,22,11.5321875,*,*,28.07,24,41.828125,1,*,13.78,26,20.296875,*,*,27,24,41.96875,*,*,5.04,24,8.5721875,0,1.34,7.95,26,14.1809375,*,*,0.63,22,0.9246875,*,*,5.49,18,5.9134375,*,*,19.18,22,43.420625,*,*,15.2,24,25.68125,*,*,47.15,13,44.238125,11,*,2.32,26,7.3940625,0,0.21,1111.43,25,1612.450625,1,67.3900000000001,36.96,2,32.1365625,2,2.53,2.18,22,19.526875,*,*
17,MOR,Morelos,Emprendedor,141.837526219881,142,19,147.194838446274,0,*,55.48,17,54.41875,-2,*,57.32,17,54.140625,-1,*,99.32,5,92.69375,0,0.459999999999994,95.1,3,80.5028125,5,6.70999999999999,23.3,16,23.459375,-2,5.4,71,10,59.84375,-4,0,78,20,79.28125,-4,-4,46.17,15,43.883125,3,1.24,79.29,19,79.5215625,-1,2.02000000000001,36123.7052352049,7,30781.8050454497,5,14142.7790752049,19975.2254697286,31,28751.8150439782,0,720.771789728602,0,6,1.373125,*,*,0,17,13.0375,*,*,62.45,22,64.7984375,-7,*,31.86,21,30.2109375,*,*,5,27,4.1296875,*,*,9.34,21,9.116875,*,*,5.32,21,5.1728125,*,*,5.27,17,5.9903125,*,*,3544.59,9,3997.140625,-1,-161.22,28.54,9,25.9509375,17,*,0.69,3,0.2090625,*,*,0,9,1.24375,*,*,0,8,0.8203125,*,*,43.86,19,45.779375,-4,*,57.9,12,49.964375,-1,*,78.33,17,75.565625,1,5.56,74.57,3,61.954375,0,4.36,32.13,15,32.206875,3,3.57,38.09,17,36.9125,3,2.57,33.38,12,30.6321875,7,5.32,20.71,15,20.2440625,-7,-1.03,36.73,4,32.990625,4,0.289999999999999,54.44,8,47.3325,0,12.67,24.87,25,22.689375,*,*,50.08,17,51.6396875,-4,*,36.07,15,34.4996875,3,2.65,25.5,14,24.025625,3,1.43,6.5,14,6.294375,*,*,6.9,29,2.725,-27,7.28,28.05,29,40.721875,-14,*,100,24,136.150625,-1,7.76000000000001,47.36,24,64.7740625,*,*,0,27,61.0196875,*,*,2,9,1.84375,*,*,28.22,25,37.0321875,-2,*,68.75,18,73.046875,1,0,40.4,22,45.575,-9,-1.6,0,12,0.5625,3,0,0,16,7.0646875,*,*,0.45,23,0.48,*,*,9.45,31,42.40375,*,*,38.11,3,25.258125,*,*,42.5,22,46.99625,0,*,54.5,13,53.670625,-1,*,Entre 60 y 70,5,67.34375,1,5,Entre 60 y 70,4,66.71875,-2,-5,Entre 50 y 60,10,55.3125,-5,0,Entre 20 y 30,11,30.625,4,5,Entre 0 y 10,18,8.125,-5,0,Entre 70 y 80,8,80.15625,3,5,57.02,9,50.4609375,-3,*,Entre 50 y 60,1,50.46875,2,0,Entre 20 y 30,15,32.1875,-11,-5,28.35,24,43.0165625,0,*,3.08,25,5.1103125,*,*,1.84,25,3.473125,*,*,10.07,20,11.5321875,*,*,28.76,23,41.828125,-1,*,14.29,25,20.296875,*,*,30,20,41.96875,*,*,8.61,12,8.5721875,1,2.32,8.34,25,14.1809375,*,*,0.94,14,0.9246875,*,*,2.27,32,5.9134375,*,*,21.46,19,43.420625,*,*,18.41,20,25.68125,*,*,42.77,17,44.238125,1,*,6.09,16,7.3940625,-4,-1.01,1618.04,14,1612.450625,3,19.27,32.54,16,32.1365625,3,2.24,6.3,16,19.526875,*,*
18,NAY,Nayarit,Emprendedor,134.517676964447,135,21,147.194838446274,1,*,52.3,21,54.41875,-2,*,50.57,22,54.140625,-4,*,93.21,21,92.69375,0,2.84999999999999,80.34,17,80.5028125,-1,5.71000000000001,9.4,30,23.459375,1,3.8,58,17,59.84375,0,3,83,14,79.28125,3,3,40.53,21,43.883125,-1,-0.539999999999999,79.81,17,79.5215625,6,8.08,30681.3529036375,15,30781.8050454497,2,12437.9280936375,28016.4717887155,18,28751.8150439782,-16,-2340.4109912845,0,6,1.373125,*,*,0,17,13.0375,*,*,67.48,18,64.7984375,-2,*,27.88,16,30.2109375,*,*,3.8,13,4.1296875,*,*,8.48,17,9.116875,*,*,4.77,16,5.1728125,*,*,5.78,19,5.9903125,*,*,4349.37,24,3997.140625,-1,-331.86,15.78,17,25.9509375,3,*,0,14,0.2090625,*,*,0,9,1.24375,*,*,0,8,0.8203125,*,*,39.18,23,45.779375,1,*,40.71,21,49.964375,2,*,75.93,18,75.565625,5,8.09,65.58,13,61.954375,13,18.25,25.72,23,32.206875,-6,-3.49,32.23,23,36.9125,-1,-2.23,35.14,7,30.6321875,9,5.79,14.64,27,20.2440625,-5,-1.27,28.49,29,32.990625,-5,-3.02,37.85,28,47.3325,0,7.68,24.49,21,22.689375,*,*,44.09,22,51.6396875,0,*,28.63,24,34.4996875,-1,-2.11,19.68,26,24.025625,-6,-2.82,5.3,22,6.294375,*,*,-0.99,1,2.725,7,-2.21,29.18,27,40.721875,-8,*,129.29,14,136.150625,1,19.17,17.36,31,64.7740625,*,*,78.26,15,61.0196875,*,*,1,19,1.84375,*,*,40.81,11,37.0321875,9,*,81.25,10,73.046875,14,25,35.7,28,45.575,-3,7.8,2,1,0.5625,0,0,0,16,7.0646875,*,*,0.48,14,0.48,*,*,61.64,5,42.40375,*,*,25.68,18,25.258125,*,*,43.03,21,46.99625,4,*,52.63,17,53.670625,0,*,Entre 60 y 70,18,67.34375,5,10,Entre 60 y 70,14,66.71875,-2,0,Entre 50 y 60,2,55.3125,3,5,Entre 30 y 40,1,30.625,1,0,Entre 0 y 10,18,8.125,-5,0,Entre 70 y 80,8,80.15625,3,5,57.02,9,50.4609375,13,*,Entre 50 y 60,1,50.46875,2,0,Entre 20 y 30,15,32.1875,7,5,40.59,18,43.0165625,0,*,4.87,18,5.1103125,*,*,3.02,18,3.473125,*,*,12.03,12,11.5321875,*,*,34.55,19,41.828125,2,*,19.04,19,20.296875,*,*,43,14,41.96875,*,*,6.32,20,8.5721875,2,1.85,11.09,20,14.1809375,*,*,0.79,17,0.9246875,*,*,5.33,19,5.9134375,*,*,18.7,23,43.420625,*,*,8.8,28,25.68125,*,*,28.44,29,44.238125,1,*,4.86,18,7.3940625,5,1.62,1062.77,26,1612.450625,1,52.62,29.86,24,32.1365625,-1,0.849999999999998,8.28,12,19.526875,*,*
19,NL,Nuevo León,Líder,200.075494261307,200,2,147.194838446274,1,*,71.37,3,54.41875,-1,*,73.27,3,54.140625,-1,*,99.34,4,92.69375,0,0.370000000000005,88.36,14,80.5028125,-12,-4,31.2,11,23.459375,-7,-1,89,2,59.84375,1,7,87,10,79.28125,-1,-6,54.49,3,43.883125,-1,-4.05,84.87,7,79.5215625,-5,-0.319999999999993,52307.9494929006,2,30781.8050454497,0,19449.8943629006,40937.2210065645,1,28751.8150439782,12,13425.3727865645,0,6,1.373125,*,*,24.9,7,13.0375,*,*,82.06,2,64.7984375,2,*,18.59,2,30.2109375,*,*,3.03,2,4.1296875,*,*,5.79,2,9.116875,*,*,3.14,1,5.1728125,*,*,3.4,3,5.9903125,*,*,4121.65,22,3997.140625,-4,-118.620000000001,33.66,6,25.9509375,0,*,0.21,11,0.2090625,*,*,3.16,4,1.24375,*,*,1.58,7,0.8203125,*,*,56.62,4,45.779375,1,*,63.95,5,49.964375,-2,*,84.21,4,75.565625,-3,-0.330000000000013,59.45,21,61.954375,-17,-10.05,47.55,5,32.206875,-4,-1.78,46.43,2,36.9125,0,-3.3,36.56,6,30.6321875,1,4.1,26.93,4,20.2440625,6,5.26,32.98,15,32.990625,-2,-1.96,37.59,29,47.3325,2,7.75,16.78,3,22.689375,*,*,70.19,3,51.6396875,6,*,43.15,3,34.4996875,0,-1.88,30.86,3,24.025625,3,0.609999999999999,7.38,11,6.294375,*,*,1.63,13,2.725,19,-10.4,47.96,7,40.721875,-4,*,255.63,2,136.150625,0,5.49000000000001,57.92,19,64.7740625,*,*,0,27,61.0196875,*,*,2,9,1.84375,*,*,37.45,13,37.0321875,9,*,93.75,3,73.046875,13,18.75,51.3,8,45.575,6,11.3,0,12,0.5625,3,0,0,16,7.0646875,*,*,0.44,26,0.48,*,*,42.58,19,42.40375,*,*,30.11,8,25.258125,*,*,72.08,1,46.99625,2,*,73.79,3,53.670625,10,*,Entre 60 y 70,5,67.34375,1,5,Entre 60 y 70,4,66.71875,8,5,Entre 50 y 60,2,55.3125,3,5,Entre 30 y 40,1,30.625,14,10,Entre 0 y 10,4,8.125,9,5,Entre 80 y 90,1,80.15625,0,0,82.26,1,50.4609375,13,*,Entre 50 y 60,1,50.46875,15,10,Entre 30 y 40,1,32.1875,3,5,82.71,1,43.0165625,0,*,9.59,1,5.1103125,*,*,7.84,1,3.473125,*,*,16.51,6,11.5321875,*,*,74.6,2,41.828125,-1,*,29.49,5,20.296875,*,*,66,7,41.96875,*,*,18.9,2,8.5721875,0,2.82,25.28,2,14.1809375,*,*,1.16,7,0.9246875,*,*,12.31,1,5.9134375,*,*,132.39,3,43.420625,*,*,26.71,14,25.68125,*,*,45.22,15,44.238125,-2,*,17.29,3,7.3940625,5,5.19,1937.78,8,1612.450625,5,237.36,30.49,22,32.1365625,3,2.13,4.89,18,19.526875,*,*
20,OAX,Oaxaca,Básico,71.5963569894261,72,31,147.194838446274,-1,*,21.79,31,54.41875,-1,*,21.06,31,54.140625,0,*,65.56,31,92.69375,0,6.11,51.85,31,80.5028125,0,8.49,8.1,31,23.459375,-1,2.2,28,31,59.84375,0,2,54,31,79.28125,0,-4,28.42,31,43.883125,-2,-3.61,63.15,31,79.5215625,0,-0.509999999999998,14832.1855284796,32,30781.8050454497,0,4795.7897284796,23406.9948744234,25,28751.8150439782,-7,-2517.4568555766,0,6,1.373125,*,*,0,17,13.0375,*,*,24.88,31,64.7984375,0,*,57.53,31,30.2109375,*,*,5.92,32,4.1296875,*,*,18.19,31,9.116875,*,*,8.88,31,5.1728125,*,*,14.33,31,5.9903125,*,*,4104.34,20,3997.140625,-1,-139.26,15.78,17,25.9509375,11,*,0,14,0.2090625,*,*,0,9,1.24375,*,*,0,8,0.8203125,*,*,22.7,31,45.779375,0,*,23.93,31,49.964375,0,*,56.9,31,75.565625,0,1.95,48.54,30,61.954375,-3,1.28,15.44,30,32.206875,-2,-0.709999999999999,23.44,31,36.9125,-1,-3.04,21.97,29,30.6321875,1,2.64,12.93,30,20.2440625,2,6.76,31.43,22,32.990625,10,4.59,44.95,22,47.3325,-4,10.1,26.36,30,22.689375,*,*,22.84,31,51.6396875,-1,*,21.58,31,34.4996875,-1,-2.41,14.6,31,24.025625,-1,-1.41,3.38,31,6.294375,*,*,3.54,21,2.725,-11,2.14,24.64,31,40.721875,-5,*,77.91,31,136.150625,0,4.03,53.2,22,64.7740625,*,*,0,27,61.0196875,*,*,2,9,1.84375,*,*,18.55,31,37.0321875,-10,*,75,16,73.046875,0,0,33.3,30,45.575,-7,4.7,1,8,0.5625,2,0,0,16,7.0646875,*,*,0.37,31,0.48,*,*,25,24,42.40375,*,*,8.45,32,25.258125,*,*,27.12,31,46.99625,-1,*,35.38,30,53.670625,-1,*,Entre 50 y 60,28,67.34375,-5,5,Entre 60 y 70,14,66.71875,-2,0,Entre 40 y 50,25,55.3125,-2,5,Entre 20 y 30,27,30.625,5,10,Entre 0 y 10,18,8.125,-5,0,Entre 70 y 80,8,80.15625,3,5,30.36,26,50.4609375,-2,*,Entre 40 y 50,25,50.46875,-9,0,Entre 20 y 30,15,32.1875,7,5,17.29,32,43.0165625,0,*,2.27,29,5.1103125,*,*,1.26,32,3.473125,*,*,5.52,29,11.5321875,*,*,18.69,30,41.828125,0,*,10.27,31,20.296875,*,*,17,31,41.96875,*,*,3.34,30,8.5721875,0,1.01,5.29,31,14.1809375,*,*,0.47,31,0.9246875,*,*,3.15,29,5.9134375,*,*,15.46,26,43.420625,*,*,13.4,25,25.68125,*,*,32.51,24,44.238125,-4,*,2.18,27,7.3940625,2,0.24,655.35,31,1612.450625,0,-187.8,33.71,11,32.1365625,-10,-3.32,2.18,22,19.526875,*,*
21,PUE,Puebla,Emprendedor,119.558373121184,120,27,147.194838446274,0,*,49.42,23,54.41875,1,*,48.64,23,54.140625,2,*,92.8,23,92.69375,1,6.05,75.91,23,80.5028125,-1,8.34,31.8,9,23.459375,1,8.4,52,19,59.84375,1,4,68,26,79.28125,2,2,37.11,24,43.883125,4,1.96,75.93,25,79.5215625,3,8.71000000000001,26051.9442984103,21,30781.8050454497,3,9769.6791184103,27464.6018758085,19,28751.8150439782,1,2025.0922758085,0,6,1.373125,*,*,18.8,11,13.0375,*,*,56.42,24,64.7984375,-6,*,37.17,23,30.2109375,*,*,5.08,29,4.1296875,*,*,10.95,24,9.116875,*,*,5.58,23,5.1728125,*,*,7.02,23,5.9903125,*,*,3663.1,10,3997.140625,5,-462.23,32.49,7,25.9509375,16,*,0.25,9,0.2090625,*,*,1.88,7,1.24375,*,*,1.88,6,0.8203125,*,*,31.28,28,45.779375,0,*,38.87,25,49.964375,0,*,66.88,28,75.565625,-1,4.16999999999999,51.31,27,61.954375,-4,-0.18,27.28,20,32.206875,5,9.16,29.92,27,36.9125,-1,-1.43,21.7,30,30.6321875,-1,1.95,21.04,14,20.2440625,6,4.36,35.14,9,32.990625,-3,-1.82,48.85,13,47.3325,2,12.63,25.58,27,22.689375,*,*,36.56,27,51.6396875,-1,*,27.58,28,34.4996875,-3,-1.94,18.02,29,24.025625,-4,-2.33,4.41,27,6.294375,*,*,1.37,10,2.725,13,-2.52,30.06,25,40.721875,2,*,91.79,27,136.150625,0,4.36,60.42,17,64.7740625,*,*,9.09,25,61.0196875,*,*,2,9,1.84375,*,*,13.66,32,37.0321875,0,*,18.75,32,73.046875,0,0,29.3,31,45.575,1,7.3,0,12,0.5625,3,0,2.13,11,7.0646875,*,*,0.5,11,0.48,*,*,20.3,29,42.40375,*,*,10.7,31,25.258125,*,*,38.85,25,46.99625,-1,*,37.04,29,53.670625,-9,*,Entre 60 y 70,5,67.34375,1,5,Entre 60 y 70,14,66.71875,-2,0,Entre 50 y 60,10,55.3125,-5,0,Entre 20 y 30,27,30.625,-12,0,Entre 0 y 10,18,8.125,-5,0,Entre 70 y 80,27,80.15625,-16,0,42.98,25,50.4609375,-11,*,Entre 40 y 50,25,50.46875,-9,0,Entre 30 y 40,4,32.1875,0,0,42.6,15,43.0165625,7,*,2.79,27,5.1103125,*,*,1.72,27,3.473125,*,*,20.8,2,11.5321875,*,*,26.57,28,41.828125,0,*,12.59,27,20.296875,*,*,27,24,41.96875,*,*,6.54,18,8.5721875,1,1.57,7.78,27,14.1809375,*,*,0.63,22,0.9246875,*,*,4.36,25,5.9134375,*,*,29.24,13,43.420625,*,*,5.51,29,25.68125,*,*,50.98,9,44.238125,-2,*,8.81,11,7.3940625,-4,-3.34,1858.8,9,1612.450625,-1,-163.29,33.82,9,32.1365625,9,3.43,9.98,10,19.526875,*,*
22,QRO,Querétaro,Líder,195.123816466527,195,3,147.194838446274,-1,*,72.49,2,54.41875,1,*,62.84,11,54.140625,2,*,96.12,17,92.69375,3,4.87,76.46,22,80.5028125,-4,3.64,21.4,19,23.459375,-3,6.6,82,4,59.84375,0,5,72,23,79.28125,1,2,52.01,6,43.883125,-1,0.409999999999997,82.67,13,79.5215625,-5,0.400000000000006,33570.2251082251,13,30781.8050454497,-5,9354.4754382251,32600.1118343195,8,28751.8150439782,3,4068.2256443195,0,6,1.373125,*,*,61.2,2,13.0375,*,*,81.4,3,64.7984375,-2,*,21.8,6,30.2109375,*,*,3.08,3,4.1296875,*,*,5.93,4,9.116875,*,*,4.11,9,5.1728125,*,*,3.58,5,5.9903125,*,*,3008.85,2,3997.140625,-1,-135.92,84.22,1,25.9509375,0,*,0,14,0.2090625,*,*,19.16,1,1.24375,*,*,5.47,2,0.8203125,*,*,55.02,9,45.779375,0,*,65.8,4,49.964375,3,*,79.83,15,75.565625,-1,4.09,70.3,7,61.954375,6,11.58,33.32,14,32.206875,-3,-1.35,41.89,9,36.9125,-1,-1.64,32.85,13,30.6321875,-10,-3.27,26.39,6,20.2440625,-5,-1.63,40.53,1,32.990625,2,1.14,56.51,5,47.3325,0,13.55,21.9,14,22.689375,*,*,68.74,5,51.6396875,1,*,41.36,6,34.4996875,-1,-2.3,31.37,2,24.025625,1,-0.720000000000002,8.32,5,6.294375,*,*,3.85,24,2.725,7,-2.75,47.05,11,40.721875,-4,*,130.23,12,136.150625,-3,-7.01000000000002,95,2,64.7740625,*,*,43.33,24,61.0196875,*,*,2,9,1.84375,*,*,29.12,23,37.0321875,5,*,62.5,25,73.046875,5,37.5,34.1,29,45.575,-1,9.1,0,12,0.5625,-2,-1,0,16,7.0646875,*,*,0.48,14,0.48,*,*,55.42,10,42.40375,*,*,28.41,10,25.258125,*,*,67.62,2,46.99625,-1,*,66.59,7,53.670625,7,*,Entre 60 y 70,5,67.34375,1,5,Entre 60 y 70,4,66.71875,8,5,Entre 50 y 60,2,55.3125,3,5,Entre 30 y 40,1,30.625,1,0,Entre 0 y 10,4,8.125,9,5,Entre 70 y 80,8,80.15625,3,5,69.64,4,50.4609375,2,*,Entre 50 y 60,1,50.46875,2,0,Entre 30 y 40,4,32.1875,0,0,75.75,2,43.0165625,0,*,8.94,3,5.1103125,*,*,6.57,2,3.473125,*,*,17.77,4,11.5321875,*,*,61.31,4,41.828125,0,*,29.39,6,20.296875,*,*,61,8,41.96875,*,*,14.3,3,8.5721875,0,2.31,22.07,6,14.1809375,*,*,1.28,5,0.9246875,*,*,4.54,23,5.9134375,*,*,151.53,2,43.420625,*,*,15.92,22,25.68125,*,*,67.79,2,44.238125,1,*,14.78,5,7.3940625,0,-2.95,3086.38,1,1612.450625,1,407.01,33.79,10,32.1365625,2,1.94,9.85,11,19.526875,*,*
23,QROO,Quintana Roo,Avanzado,173.769384363132,174,8,147.194838446274,2,*,59.29,14,54.41875,4,*,59.99,13,54.140625,-7,*,94.58,20,92.69375,-1,1.95999999999999,92.91,7,80.5028125,4,5.98999999999999,31.3,10,23.459375,1,8.2,47,23,59.84375,-7,-9,87,10,79.28125,-2,-7,46.88,13,43.883125,-3,-2.22,86.91,4,79.5215625,-1,2.06,37108.2381921824,6,30781.8050454497,0,11927.9936821824,26076.2771260997,23,28751.8150439782,-22,-4325.7894839003,0,6,1.373125,*,*,0,17,13.0375,*,*,73.63,12,64.7984375,16,*,22.3,7,30.2109375,*,*,3.93,16,4.1296875,*,*,7.14,14,9.116875,*,*,4.26,11,5.1728125,*,*,4,10,5.9903125,*,*,4019.47,18,3997.140625,-1,-173.300000000001,15.78,17,25.9509375,-1,*,0,14,0.2090625,*,*,0,9,1.24375,*,*,0,8,0.8203125,*,*,55.57,7,45.779375,-3,*,71.16,2,49.964375,0,*,82.34,7,75.565625,0,1.42,59.48,20,61.954375,0,4.68,52.25,3,32.206875,0,8.42,42.76,8,36.9125,-4,-3.47,30.85,17,30.6321875,-7,-0.959999999999997,37.76,1,20.2440625,1,10.03,36.37,5,32.990625,-4,-7.72000000000001,52.32,9,47.3325,-8,4.47,16.68,1,22.689375,*,*,58.45,12,51.6396875,-10,*,40.74,7,34.4996875,-5,-4.44,27.02,11,24.025625,-9,-6.27,5.07,25,6.294375,*,*,1.85,14,2.725,5,-1.17,47.22,10,40.721875,-4,*,154.96,9,136.150625,-4,5.78,32.64,29,64.7740625,*,*,78.26,15,61.0196875,*,*,4,2,1.84375,*,*,33.79,18,37.0321875,0,*,87.5,7,73.046875,-2,0,36.4,27,45.575,-8,2.4,0,12,0.5625,3,0,0,16,7.0646875,*,*,0.51,9,0.48,*,*,49.08,15,42.40375,*,*,22.65,20,25.258125,*,*,58.91,6,46.99625,-1,*,71.86,4,53.670625,2,*,Entre 60 y 70,5,67.34375,1,5,Entre 70 y 80,1,66.71875,1,0,Entre 50 y 60,10,55.3125,-5,0,Entre 20 y 30,11,30.625,-9,-5,Entre 0 y 10,4,8.125,-1,-5,Entre 80 y 90,1,80.15625,0,0,69.64,4,50.4609375,2,*,Entre 50 y 60,1,50.46875,2,0,Entre 30 y 40,4,32.1875,0,0,72.1,3,43.0165625,0,*,8.22,4,5.1103125,*,*,6.15,3,3.473125,*,*,17.63,5,11.5321875,*,*,58.7,5,41.828125,2,*,30.71,3,20.296875,*,*,81,1,41.96875,*,*,10.47,7,8.5721875,-1,0.860000000000001,23.9,3,14.1809375,*,*,1.79,2,0.9246875,*,*,5.22,20,5.9134375,*,*,21.96,17,43.420625,*,*,22.27,17,25.68125,*,*,14.81,32,44.238125,0,*,4.31,20,7.3940625,11,3.77,650.17,32,1612.450625,0,81.8099999999999,27.32,31,32.1365625,1,3.55,0,27,19.526875,*,*
24,SLP,San Luis Potosí,Emprendedor,144.538561069062,145,18,147.194838446274,3,*,55.92,16,54.41875,6,*,51.35,20,54.140625,3,*,86.79,27,92.69375,-1,6.59,70.37,26,80.5028125,-1,6.82000000000001,41.4,3,23.459375,0,2.7,52,19,59.84375,2,5,74,22,79.28125,-1,-2,42.7,20,43.883125,4,4.51000000000001,76.94,22,79.5215625,2,7.27,21985.1496274218,26,30781.8050454497,0,7297.2947474218,26203.0472222222,21,28751.8150439782,4,1918.5445222222,0,6,1.373125,*,*,44.3,3,13.0375,*,*,62.89,21,64.7984375,2,*,30.98,20,30.2109375,*,*,4.2,19,4.1296875,*,*,10.11,22,9.116875,*,*,5.43,22,5.1728125,*,*,7.03,24,5.9903125,*,*,3537.69,8,3997.140625,1,-260.47,53.68,2,25.9509375,7,*,1.03,2,0.2090625,*,*,2.93,5,1.24375,*,*,2.93,4,0.8203125,*,*,44.7,18,45.779375,7,*,45.74,19,49.964375,7,*,74.31,21,75.565625,4,8.99000000000001,55.42,24,61.954375,7,14.17,25.33,24,32.206875,-1,2.96,35.25,19,36.9125,4,1,30.51,18,30.6321875,0,2.41,17.69,21,20.2440625,3,2.53,31.35,23,32.990625,6,1.47,48.29,14,47.3325,10,17.52,20.85,9,22.689375,*,*,47.57,20,51.6396875,5,*,32.52,19,34.4996875,3,0.570000000000004,23.31,18,24.025625,3,0.84,5.33,20,6.294375,*,*,2.25,18,2.725,10,-2.82,31.57,22,40.721875,0,*,94.09,26,136.150625,-1,4.54000000000001,70.69,16,64.7740625,*,*,84.21,12,61.0196875,*,*,0,25,1.84375,*,*,52.41,3,37.0321875,10,*,100,1,73.046875,4,12.5,43.9,18,45.575,9,18,2,1,0.5625,0,0,2.83,10,7.0646875,*,*,0.56,2,0.48,*,*,37.89,20,42.40375,*,*,32.25,7,25.258125,*,*,43.92,20,46.99625,-1,*,51.36,18,53.670625,-1,*,Entre 60 y 70,18,67.34375,5,10,Entre 60 y 70,14,66.71875,-2,0,Entre 50 y 60,10,55.3125,-5,0,Entre 30 y 40,1,30.625,1,0,Entre 0 y 10,18,8.125,-5,0,Entre 70 y 80,8,80.15625,3,5,43.69,17,50.4609375,-11,*,Entre 40 y 50,12,50.46875,-9,-5,Entre 20 y 30,15,32.1875,-11,-5,42.35,17,43.0165625,0,*,4.95,16,5.1103125,*,*,3.27,17,3.473125,*,*,12.09,10,11.5321875,*,*,35.03,18,41.828125,-2,*,19.73,16,20.296875,*,*,32,18,41.96875,*,*,6.11,21,8.5721875,0,1.41,13.49,16,14.1809375,*,*,0.76,20,0.9246875,*,*,6.18,12,5.9134375,*,*,15.02,27,43.420625,*,*,15.34,23,25.68125,*,*,46.25,14,44.238125,-2,*,7.09,12,7.3940625,-2,-1.06,1762.77,10,1612.450625,4,94.5999999999999,33.17,14,32.1365625,1,1.86,3.61,20,19.526875,*,*
25,SIN,Sinaloa,Avanzado,156.663182635001,157,13,147.194838446274,1,*,59.61,13,54.41875,0,*,59.24,14,54.140625,1,*,97.51,14,92.69375,0,2.07000000000001,82.81,16,80.5028125,-1,4.03,14.9,22,23.459375,7,8.8,69,12,59.84375,-1,5,85,12,79.28125,-8,-12,45.9,16,43.883125,0,0.649999999999999,80.34,16,79.5215625,0,1.76000000000001,31666.1848294137,14,30781.8050454497,-3,9520.4112994137,34694.4424778761,5,28751.8150439782,9,7430.1828178761,0,6,1.373125,*,*,31.1,5,13.0375,*,*,75.52,8,64.7984375,-1,*,22.3,7,30.2109375,*,*,3.55,10,4.1296875,*,*,6.87,11,9.116875,*,*,3.93,5,5.1728125,*,*,4.14,12,5.9903125,*,*,4152.86,23,3997.140625,2,-673.17,15.78,17,25.9509375,12,*,0,14,0.2090625,*,*,0,9,1.24375,*,*,0,8,0.8203125,*,*,47.18,14,45.779375,6,*,54.17,15,49.964375,2,*,79.71,16,75.565625,0,4.47999999999999,65.24,14,61.954375,3,8.84999999999999,37.75,10,32.206875,12,14.21,39.27,16,36.9125,2,3.45,33.93,10,30.6321875,3,3.66,19.73,17,20.2440625,-3,-1.04,30.28,25,32.990625,-13,-4.85,45.71,17,47.3325,5,13.48,20.13,5,22.689375,*,*,50.13,16,51.6396875,5,*,36.85,14,34.4996875,7,4.53,22.93,19,24.025625,5,2.4,4.84,26,6.294375,*,*,1.87,15,2.725,-9,1.11,44.22,13,40.721875,0,*,158.14,8,136.150625,-1,12.69,77.92,13,64.7740625,*,*,100,1,61.0196875,*,*,0,25,1.84375,*,*,34.83,16,37.0321875,14,*,62.5,25,73.046875,-9,-12.5,48.6,12,45.575,19,26.4,0,12,0.5625,3,0,0,16,7.0646875,*,*,0.54,6,0.48,*,*,1.1,32,42.40375,*,*,33.57,5,25.258125,*,*,49.87,12,46.99625,1,*,33.91,31,53.670625,-5,*,Entre 60 y 70,18,67.34375,-12,0,Entre 50 y 60,29,66.71875,-1,5,Entre 50 y 60,10,55.3125,-5,0,Entre 20 y 30,11,30.625,4,5,Entre 0 y 10,18,8.125,-5,0,Entre 70 y 80,27,80.15625,-16,0,43.69,17,50.4609375,-11,*,Entre 40 y 50,12,50.46875,-9,-5,Entre 20 y 30,15,32.1875,-11,-5,42.66,14,43.0165625,-1,*,5.67,11,5.1103125,*,*,3.5,15,3.473125,*,*,10.73,18,11.5321875,*,*,52.31,11,41.828125,0,*,25.91,9,20.296875,*,*,73,4,41.96875,*,*,7.26,14,8.5721875,0,1.55,17.75,10,14.1809375,*,*,1.09,9,0.9246875,*,*,6.83,10,5.9134375,*,*,40.24,10,43.420625,*,*,39,8,25.68125,*,*,85.19,1,44.238125,3,*,13.55,6,7.3940625,-2,-4.29,1395.14,21,1612.450625,-3,-140.07,36.66,3,32.1365625,8,4.52999999999999,193.7,1,19.526875,*,*
26,SON,Sonora,Avanzado,174.037804317746,174,7,147.194838446274,4,*,63.08,11,54.41875,-1,*,65.05,6,54.140625,-1,*,98.38,11,92.69375,-2,0.75,91.28,9,80.5028125,-2,2.73999999999999,13.6,23,23.459375,2,6.5,74,8,59.84375,-2,3,99,2,79.28125,-1,-7,51.16,7,43.883125,0,1.11,84.69,9,79.5215625,0,2.56999999999999,35954.6690307329,8,30781.8050454497,-1,11259.6342507329,37570.4366197183,3,28751.8150439782,7,8992.0422797183,0,6,1.373125,*,*,3.4,15,13.0375,*,*,74.25,11,64.7984375,2,*,22.3,7,30.2109375,*,*,3.49,8,4.1296875,*,*,6.44,8,9.116875,*,*,4.51,14,5.1728125,*,*,3.69,8,5.9903125,*,*,4611.93,25,3997.140625,1,-352.87,23.73,12,25.9509375,6,*,0.43,5,0.2090625,*,*,0,9,1.24375,*,*,0,8,0.8203125,*,*,50.93,13,45.779375,-1,*,59.46,9,49.964375,-1,*,85.84,3,75.565625,1,2.98,72,5,61.954375,5,9.79,47.49,6,32.206875,-1,7.69,45.78,4,36.9125,2,0.859999999999999,39.63,3,30.6321875,9,8.62,9.65,32,20.2440625,-15,-9.95,28.14,31,32.990625,0,-1.03,50.19,11,47.3325,2,13.04,21.22,11,22.689375,*,*,61.53,10,51.6396875,0,*,41.53,5,34.4996875,4,0.670000000000002,29.88,4,24.025625,6,3.18,6.21,16,6.294375,*,*,4.63,27,2.725,-22,3.92,47.61,9,40.721875,3,*,162.37,6,136.150625,2,20.6,82.22,11,64.7740625,*,*,78.57,14,61.0196875,*,*,1,19,1.84375,*,*,27.81,26,37.0321875,0,*,68.75,18,73.046875,-13,-18.75,38.6,23,45.575,6,14.6,0,12,0.5625,3,0,0,16,7.0646875,*,*,0.51,9,0.48,*,*,24.33,25,42.40375,*,*,17.67,26,25.258125,*,*,60.03,4,46.99625,4,*,67.32,6,53.670625,9,*,Entre 70 y 80,2,67.34375,4,10,Entre 60 y 70,14,66.71875,14,10,Entre 50 y 60,2,55.3125,3,5,Entre 20 y 30,11,30.625,4,5,Entre 0 y 10,4,8.125,-1,-5,Entre 80 y 90,1,80.15625,0,0,69.64,4,50.4609375,2,*,Entre 50 y 60,1,50.46875,2,0,Entre 30 y 40,4,32.1875,0,0,55.16,8,43.0165625,-1,*,7.57,6,5.1103125,*,*,5.12,7,3.473125,*,*,10.84,16,11.5321875,*,*,55.58,7,41.828125,-1,*,29.64,4,20.296875,*,*,75,3,41.96875,*,*,6.86,16,8.5721875,-1,1.46,22.33,4,14.1809375,*,*,1.14,8,0.9246875,*,*,7.67,6,5.9134375,*,*,34.6,11,43.420625,*,*,29.95,13,25.68125,*,*,50.22,11,44.238125,5,*,4.75,19,7.3940625,-8,-2.38,2185.18,7,1612.450625,2,234.99,32.11,19,32.1365625,7,3.81,22.49,8,19.526875,*,*
27,TAB,Tabasco,Emprendedor,124.773426678783,125,24,147.194838446274,1,*,41.83,28,54.41875,-1,*,39.44,27,54.140625,-1,*,89.06,25,92.69375,0,2.63,54.39,30,80.5028125,-1,6.57,22.4,18,23.459375,-1,8,32,30,59.84375,0,3,83,14,79.28125,3,3,35,28,43.883125,-1,-0.240000000000002,76.05,24,79.5215625,-3,1.78,20474.907965256,28,30781.8050454497,2,9638.090305256,22083.6415816327,29,28751.8150439782,-12,-3919.3387083673,0,6,1.373125,*,*,0,17,13.0375,*,*,49.91,27,64.7984375,-3,*,37.17,23,30.2109375,*,*,4.86,26,4.1296875,*,*,12.22,28,9.116875,*,*,6.24,26,5.1728125,*,*,8.7,28,5.9903125,*,*,4845.34,28,3997.140625,3,-648.42,27.99,10,25.9509375,1,*,0.66,4,0.2090625,*,*,0,9,1.24375,*,*,0,8,0.8203125,*,*,37.7,25,45.779375,-3,*,37.57,28,49.964375,-8,*,68.72,26,75.565625,-5,-0.409999999999997,61.06,18,61.954375,-3,3.83000000000001,16.07,29,32.206875,-9,-8.57,31.6,24,36.9125,0,-1.79,27.72,23,30.6321875,0,2.68,12.52,31,20.2440625,-22,-9.18,32.98,15,32.990625,-4,-2.31,50.26,10,47.3325,-6,6.56,26.05,29,22.689375,*,*,39.9,24,51.6396875,-1,*,29.17,23,34.4996875,1,-1.47,19.59,27,24.025625,-4,-1.94,5.73,19,6.294375,*,*,3.65,23,2.725,1,-0.28,38.94,19,40.721875,9,*,113.17,17,136.150625,1,13.65,80.69,12,64.7740625,*,*,60,19,61.0196875,*,*,1,19,1.84375,*,*,34.29,17,37.0321875,-3,*,93.75,3,73.046875,-1,0,40.5,21,45.575,5,14.4,0,12,0.5625,-11,-2,0,16,7.0646875,*,*,0.47,18,0.48,*,*,46.75,17,42.40375,*,*,25.82,17,25.258125,*,*,45.24,19,46.99625,2,*,60.43,11,53.670625,5,*,Entre 60 y 70,5,67.34375,1,5,Entre 60 y 70,4,66.71875,-2,-5,Entre 40 y 50,25,55.3125,-2,5,Entre 20 y 30,11,30.625,4,5,Entre 0 y 10,18,8.125,-5,0,Entre 80 y 90,1,80.15625,0,0,56.31,11,50.4609375,3,*,Entre 40 y 50,12,50.46875,4,5,Entre 30 y 40,4,32.1875,0,0,22.12,30,43.0165625,-4,*,3.25,24,5.1103125,*,*,2.45,22,3.473125,*,*,2.87,31,11.5321875,*,*,33.31,20,41.828125,-1,*,16,22,20.296875,*,*,26,26,41.96875,*,*,3.99,28,8.5721875,-21,-4.85,11.08,21,14.1809375,*,*,0.62,24,0.9246875,*,*,7.04,8,5.9134375,*,*,18.56,24,43.420625,*,*,40.45,7,25.68125,*,*,50.4,10,44.238125,-4,*,9.99,8,7.3940625,19,7.91,1708.15,12,1612.450625,-7,-647.22,34.16,8,32.1365625,-6,-1.11000000000001,8.17,13,19.526875,*,*
28,TAMPS,Tamaulipas,Avanzado,150.339265542591,150,16,147.194838446274,1,*,57.55,15,54.41875,1,*,58.43,15,54.140625,-4,*,98.93,8,92.69375,-1,0.600000000000009,92.47,8,80.5028125,-2,3.65000000000001,12.2,26,23.459375,-4,3.6,64,15,59.84375,0,5,97,3,79.28125,2,1,46.38,14,43.883125,0,0.800000000000004,83.26,12,79.5215625,-6,0.300000000000011,34249.2812145289,12,30781.8050454497,-3,11900.1162145289,21289.56640625,30,28751.8150439782,-1,1342.71319625,0,6,1.373125,*,*,0,17,13.0375,*,*,71.04,15,64.7984375,4,*,23.01,12,30.2109375,*,*,3.84,14,4.1296875,*,*,7.04,13,9.116875,*,*,4.39,12,5.1728125,*,*,4.06,11,5.9903125,*,*,5005.85,31,3997.140625,-3,-91.6199999999999,15.78,17,25.9509375,5,*,0,14,0.2090625,*,*,0,9,1.24375,*,*,0,8,0.8203125,*,*,45.21,17,45.779375,0,*,51.54,18,49.964375,-3,*,81.92,9,75.565625,-1,1.84,57.72,23,61.954375,-14,-6.17,37.78,9,32.206875,1,3.07,39.43,15,36.9125,-2,0.43,34.37,8,30.6321875,3,2.76,14.77,26,20.2440625,-5,-1.52,31.14,24,32.990625,6,1.93,44.49,23,47.3325,9,17.07,21.04,10,22.689375,*,*,56.88,13,51.6396875,-1,*,36.01,16,34.4996875,-3,1,23.6,17,24.025625,1,-0.419999999999998,7.58,8,6.294375,*,*,1.44,11,2.725,1,-0.11,38.01,20,40.721875,-4,*,147.99,10,136.150625,1,17.37,55.14,21,64.7740625,*,*,100,1,61.0196875,*,*,0,25,1.84375,*,*,28.45,24,37.0321875,7,*,56.25,28,73.046875,-4,0,45.5,15,45.575,7,16.3,0,12,0.5625,3,0,0,16,7.0646875,*,*,0.46,21,0.48,*,*,55.91,9,42.40375,*,*,16.43,27,25.258125,*,*,47.57,16,46.99625,2,*,65.75,9,53.670625,1,*,Entre 70 y 80,1,67.34375,0,5,Entre 60 y 70,14,66.71875,-2,0,Entre 50 y 60,2,55.3125,3,5,Entre 20 y 30,11,30.625,-9,-5,Entre 0 y 10,18,8.125,-5,0,Entre 80 y 90,1,80.15625,0,0,30.36,26,50.4609375,-12,*,Entre 40 y 50,25,50.46875,-9,0,Entre 20 y 30,15,32.1875,-11,-5,42.57,16,43.0165625,-1,*,4.97,15,5.1103125,*,*,3.68,14,3.473125,*,*,10.41,19,11.5321875,*,*,46.6,14,41.828125,0,*,20.29,15,20.296875,*,*,44,13,41.96875,*,*,7.12,15,8.5721875,2,1.9,14.98,15,14.1809375,*,*,0.86,15,0.9246875,*,*,9.58,3,5.9134375,*,*,27.41,15,43.420625,*,*,44.68,4,25.68125,*,*,41.82,18,44.238125,3,*,5.39,17,7.3940625,11,3.41,2358.74,5,1612.450625,-1,-101.2,29.62,25,32.1365625,4,2.26,0,27,19.526875,*,*
29,TLAX,Tlaxcala,Emprendedor,118.276548465814,118,29,147.194838446274,-1,*,46.8,24,54.41875,-1,*,51.59,19,54.140625,3,*,99.17,7,92.69375,5,3.23,89.41,13,80.5028125,11,24.67,16.7,20,23.459375,0,4.2,51,21,59.84375,2,5,83,14,79.28125,8,10,36.69,27,43.883125,-2,-0.0900000000000034,78.41,21,79.5215625,-1,3.95999999999999,29025.579,18,30781.8050454497,3,12223.67759,23289.2774261603,26,28751.8150439782,2,2476.6176861603,0,6,1.373125,*,*,10.4,12,13.0375,*,*,51.22,26,64.7984375,0,*,37.17,23,30.2109375,*,*,5.14,30,4.1296875,*,*,11.04,25,9.116875,*,*,6.2,25,5.1728125,*,*,7.57,26,5.9903125,*,*,4861.87,29,3997.140625,1,-422.3,15.78,17,25.9509375,-9,*,0,14,0.2090625,*,*,0,9,1.24375,*,*,0,8,0.8203125,*,*,37.14,26,45.779375,-3,*,43.8,20,49.964375,-1,*,74.42,20,75.565625,-1,1.75,66.53,12,61.954375,-4,0.950000000000003,21.73,26,32.206875,-2,1.4,33.62,20,36.9125,-3,-3.42,19.47,31,30.6321875,-3,-0.41,15.94,23,20.2440625,0,0.0399999999999991,32.43,18,32.990625,-16,-7.12,56.69,4,47.3325,3,14.59,22.7,18,22.689375,*,*,49.02,19,51.6396875,-4,*,31.71,20,34.4996875,-5,-3.06,22.91,20,24.025625,-5,-1.27,7.19,12,6.294375,*,*,3.63,22,2.725,-2,0.49,29.01,28,40.721875,2,*,101.62,22,136.150625,0,7.12,85,10,64.7740625,*,*,0,27,61.0196875,*,*,0,25,1.84375,*,*,20.47,30,37.0321875,-5,*,81.25,10,73.046875,2,0,27.8,32,45.575,-2,4.3,0,12,0.5625,3,0,6.7,4,7.0646875,*,*,0.39,29,0.48,*,*,25.91,23,42.40375,*,*,25.55,19,25.258125,*,*,34.34,28,46.99625,1,*,44.9,24,53.670625,6,*,Entre 60 y 70,5,67.34375,18,15,Entre 50 y 60,29,66.71875,-1,5,Entre 50 y 60,10,55.3125,13,10,Entre 20 y 30,11,30.625,4,5,Entre 0 y 10,18,8.125,-5,0,Entre 70 y 80,8,80.15625,3,5,30.36,26,50.4609375,6,*,Entre 40 y 50,25,50.46875,7,10,Entre 20 y 30,15,32.1875,7,5,25.1,27,43.0165625,2,*,2.23,30,5.1103125,*,*,1.3,30,3.473125,*,*,10.84,16,11.5321875,*,*,27.24,27,41.828125,2,*,11.12,28,20.296875,*,*,14,32,41.96875,*,*,4.09,27,8.5721875,1,1.33,5.84,30,14.1809375,*,*,0.6,26,0.9246875,*,*,5.79,15,5.9134375,*,*,14,28,43.420625,*,*,56.2,2,25.68125,*,*,40.67,21,44.238125,1,*,3.72,21,7.3940625,-4,-1.49,971.72,28,1612.450625,-6,-367.84,35.17,4,32.1365625,10,3.65,0,27,19.526875,*,*
30,VER,Veracruz,Emprendedor,120.144671223672,120,26,147.194838446274,3,*,43.63,26,54.41875,3,*,38.7,28,54.140625,0,*,87.26,26,92.69375,3,9.07000000000001,64.34,28,80.5028125,0,6.88,22.6,17,23.459375,0,8.2,45,25,59.84375,2,3,66,27,79.28125,-4,-6,32.66,29,43.883125,1,1.48999999999999,72.98,29,79.5215625,1,8.66000000000001,22646.4244470107,25,30781.8050454497,0,7025.6239570107,23733.0455790785,24,28751.8150439782,-8,-2834.5009609215,0,6,1.373125,*,*,0,17,13.0375,*,*,57.48,23,64.7984375,7,*,37.17,23,30.2109375,*,*,4.82,25,4.1296875,*,*,10.71,23,9.116875,*,*,6.28,27,5.1728125,*,*,6.96,22,5.9903125,*,*,3161.76,5,3997.140625,-1,-318.52,23.18,14,25.9509375,10,*,0.4,7,0.2090625,*,*,0,9,1.24375,*,*,0,8,0.8203125,*,*,37.85,24,45.779375,5,*,39.98,23,49.964375,4,*,67.08,27,75.565625,3,8.17,51.91,26,61.954375,3,7.02,31.13,17,32.206875,14,16.94,29.85,28,36.9125,0,0.950000000000003,24.13,28,30.6321875,-4,-0.48,24.54,7,20.2440625,20,12.44,31.87,20,32.990625,-11,-3.94,42.58,25,47.3325,-22,-1.14,22.34,17,22.689375,*,*,39.76,25,51.6396875,4,*,27.76,27,34.4996875,1,2.12,19.77,24,24.025625,5,3.37,4.06,29,6.294375,*,*,-0.24,5,2.725,6,-1.75,34.41,21,40.721875,8,*,103.19,20,136.150625,1,8.48999999999999,36.8,27,64.7740625,*,*,6.25,26,61.0196875,*,*,4,2,1.84375,*,*,35.4,15,37.0321875,12,*,68.75,18,73.046875,1,0,42.6,20,45.575,0,10.7,0,12,0.5625,3,0,0,16,7.0646875,*,*,0.45,23,0.48,*,*,77.9,2,42.40375,*,*,33.53,6,25.258125,*,*,38.67,26,46.99625,1,*,49.04,21,53.670625,-1,*,Entre 60 y 70,5,67.34375,1,5,Entre 60 y 70,4,66.71875,8,5,Entre 50 y 60,10,55.3125,-5,0,Entre 20 y 30,27,30.625,-12,0,Entre 0 y 10,18,8.125,-5,0,Entre 70 y 80,8,80.15625,3,5,43.69,17,50.4609375,7,*,Entre 40 y 50,12,50.46875,4,5,Entre 20 y 30,15,32.1875,7,5,30.19,22,43.0165625,1,*,3.67,22,5.1103125,*,*,2.3,23,3.473125,*,*,8.86,24,11.5321875,*,*,27.46,26,41.828125,-2,*,14.75,24,20.296875,*,*,31,19,41.96875,*,*,4.45,25,8.5721875,1,1.17,9.14,23,14.1809375,*,*,0.56,29,0.9246875,*,*,4.54,23,5.9134375,*,*,13.33,30,43.420625,*,*,23,16,25.68125,*,*,41.5,19,44.238125,-2,*,1.98,28,7.3940625,-4,-0.62,1535.98,16,1612.450625,-4,-216.68,33.33,13,32.1365625,-5,0.949999999999996,1.3,26,19.526875,*,*
31,YUC,Yucatán,Avanzado,155.174515066825,155,15,147.194838446274,0,*,55.36,18,54.41875,-1,*,57.41,16,54.140625,1,*,96.94,15,92.69375,3,3.87,78.79,19,80.5028125,-2,4.61,35.9,6,23.459375,1,7.1,53,18,59.84375,1,4,81,17,79.28125,-7,-8,44.69,18,43.883125,1,1.23999999999999,82.05,15,79.5215625,0,2.88,29266.6533742331,16,30781.8050454497,-1,9204.8286842331,34524.4079706345,6,28751.8150439782,3,5546.9235006345,0,6,1.373125,*,*,6.5,14,13.0375,*,*,55.25,25,64.7984375,0,*,37.17,23,30.2109375,*,*,4.54,22,4.1296875,*,*,11.2,26,9.116875,*,*,6.32,28,5.1728125,*,*,7.51,25,5.9903125,*,*,4016.4,17,3997.140625,-1,-141.46,47.78,4,25.9509375,1,*,1.73,1,0.2090625,*,*,0,9,1.24375,*,*,0,8,0.8203125,*,*,46.4,16,45.779375,5,*,56.52,13,49.964375,-1,*,79.94,14,75.565625,3,5.53,68.96,9,61.954375,2,8.2,27.31,19,32.206875,0,0.859999999999999,39.72,13,36.9125,6,4.18,37.12,5,30.6321875,-1,1.02,17.9,20,20.2440625,-1,0.739999999999998,34.45,12,32.990625,-5,-2.22,57.42,3,47.3325,7,15.84,25.2,26,22.689375,*,*,49.16,18,51.6396875,1,*,35.96,17,34.4996875,2,2.99,25.13,15,24.025625,-1,0.899999999999999,7.48,10,6.294375,*,*,9.12,32,2.725,-3,4.04,39.97,16,40.721875,15,*,86.62,30,136.150625,-1,1.83,95,2,64.7740625,*,*,50,23,61.0196875,*,*,2,9,1.84375,*,*,32.26,20,37.0321875,4,*,93.75,3,73.046875,-1,0,45.2,16,45.575,7,16.6,0,12,0.5625,3,0,0,16,7.0646875,*,*,0.43,28,0.48,*,*,49.65,13,42.40375,*,*,19.95,24,25.258125,*,*,53.42,9,46.99625,-3,*,69.99,5,53.670625,-2,*,Entre 60 y 70,18,67.34375,-12,0,Entre 60 y 70,4,66.71875,-2,-5,Entre 50 y 60,2,55.3125,-1,-5,Entre 30 y 40,1,30.625,1,0,Entre 0 y 10,4,8.125,-1,-5,Entre 80 y 90,1,80.15625,0,0,69.64,4,50.4609375,0,*,Entre 50 y 60,1,50.46875,0,-10,Entre 30 y 40,4,32.1875,0,0,45.58,13,43.0165625,1,*,4.93,17,5.1103125,*,*,3.79,12,3.473125,*,*,12.06,11,11.5321875,*,*,41.56,15,41.828125,0,*,19.69,17,20.296875,*,*,29,21,41.96875,*,*,8.75,11,8.5721875,0,1.43,13.27,17,14.1809375,*,*,0.82,16,0.9246875,*,*,6.24,11,5.9134375,*,*,53.77,6,43.420625,*,*,43.24,5,25.68125,*,*,35.74,23,44.238125,4,*,6.89,14,7.3940625,7,2.58,1262.87,23,1612.450625,0,-40.0700000000002,28.25,30,32.1365625,-6,-0.550000000000001,62.26,3,19.526875,*,*
32,ZAC,Zacatecas,Emprendedor,123.809493684021,124,25,147.194838446274,-1,*,45.08,25,54.41875,3,*,37.95,29,54.140625,0,*,85.85,28,92.69375,0,7.63,73.96,25,80.5028125,1,14.22,5,32,23.459375,0,1.5,43,26,59.84375,-1,0,61,30,79.28125,-1,-2,36.76,26,43.883125,-3,-1.78,75.72,27,79.5215625,-1,6.56999999999999,15790.7791718946,31,30781.8050454497,0,5703.7172918946,28306.4497663551,15,28751.8150439782,8,3475.7617563551,0,6,1.373125,*,*,0,17,13.0375,*,*,65.01,20,64.7984375,2,*,31.86,21,30.2109375,*,*,3.95,17,4.1296875,*,*,8.96,19,9.116875,*,*,5.05,19,5.1728125,*,*,6.3,21,5.9903125,*,*,4025.44,19,3997.140625,-5,-99.8300000000004,15.78,17,25.9509375,-3,*,0,14,0.2090625,*,*,0,9,1.24375,*,*,0,8,0.8203125,*,*,30.74,29,45.779375,-2,*,33.57,29,49.964375,0,*,72.33,22,75.565625,4,9.36,60.19,19,61.954375,6,11.66,20.27,28,32.206875,4,6.81,29.25,29,36.9125,-2,-1.47,28.24,22,30.6321875,3,3.87,15.24,25,20.2440625,6,7.02,28.15,30,32.990625,-4,-3.07,37.06,30,47.3325,-5,6.31,24.58,22,22.689375,*,*,35.15,28,51.6396875,-1,*,26.42,29,34.4996875,-3,-2.27,19.4,28,24.025625,-1,0.34,5.18,23,6.294375,*,*,4.48,26,2.725,-12,2.49,13.43,32,40.721875,-8,*,99.55,25,136.150625,-1,8.50999999999999,15.28,32,64.7740625,*,*,0,27,61.0196875,*,*,0,25,1.84375,*,*,37.74,12,37.0321875,5,*,50,29,73.046875,0,18.75,61.4,3,45.575,13,22.6,0,12,0.5625,-11,-2,4.32,6,7.0646875,*,*,0.49,12,0.48,*,*,57.12,7,42.40375,*,*,18.24,25,25.258125,*,*,47.99,15,46.99625,-4,*,50,20,53.670625,-15,*,Entre 60 y 70,18,67.34375,-17,-10,Entre 60 y 70,14,66.71875,-12,-10,Entre 40 y 50,25,55.3125,-20,-5,Entre 20 y 30,11,30.625,-9,-5,Entre 0 y 10,4,8.125,-1,-5,Entre 70 y 80,8,80.15625,-7,-5,43.69,17,50.4609375,-13,*,Entre 40 y 50,12,50.46875,-11,-15,Entre 20 y 30,15,32.1875,-11,-5,62.72,6,43.0165625,5,*,4.51,20,5.1103125,*,*,2.46,20,3.473125,*,*,30.28,1,11.5321875,*,*,27.77,25,41.828125,-2,*,17.07,20,20.296875,*,*,26,26,41.96875,*,*,3.64,29,8.5721875,0,0.94,10.24,22,14.1809375,*,*,0.6,26,0.9246875,*,*,3.93,27,5.9134375,*,*,11.96,31,43.420625,*,*,31.54,12,25.68125,*,*,62.11,4,44.238125,11,*,0.62,30,7.3940625,-10,-3.7,1456.72,18,1612.450625,-2,-145.49,38.43,1,32.1365625,5,5.8,48.58,4,19.526875,*,*
