Panel code,economy,year,NES_Fin,NES_GovSup,NES_Tax,NES_GovProg,NES_School,NES_Postschool,NES_RD,NES_Legal,NES_MktDyn,NES_MktOpen,NES_Infraest,NES_Cultural,APS_Opp,APS_Cap,APS_Fail,APS_Inten,APS_TEA,APS_Own,APS_Motiv,APS_FM_TEA,APS_Job,APS_Inn,APS_Business,APS_Status,APS_Career
DZA_2011,Algeria,2011,2.91,3.16,2.63,3.11,2.22,2.67,2.73,3.12,3.4,2.59,3.18,2.99,54.26,59.6,43.11,41.76,9.26,3.09,1.27,0.52,26.23,20.63,13.57,78.67,67.25
ARG_2011,Argentina,2011,2.1,1.87,1.67,2.29,1.97,2.92,2.29,2.84,2.91,2.45,3.73,2.66,56.03,63.76,27.86,29.95,20.78,11.82,1.35,0.69,21.76,32.46,16.33,81.8,80.25
AUS_2011,Australia,2011,2.34,2.21,2.26,2.62,2.3,2.87,2.49,3.19,3.03,2.94,4.07,3.28,47.83,47.42,43.22,12.26,10.5,9.06,4.86,0.67,32.98,32.89,30.85,69.4,75.85
BRB_2011,Barbados,2011,2.11,2.51,2.34,2.3,1.94,2.66,1.84,3.05,2.44,2.29,3.53,2.58,43.63,66.41,19.95,13.2,8,3.94,11.57,0.51,13.78,21.04,12.55,100,73.02
BEL_2011,Belgium,2011,3.119415584,2.966351732,2.087928571,2.85103355,2.058996753,3.078849351,2.874188312,3.582719697,2.503709957,3.041969697,4.013794372,2.414213203,42.97,43.99,40.73,10.89,5.69,6.79,6.94,0.66,10.39,18.19,30.22,63.93,59.92
BIH_2011,Bosnia and Herzegovina,2011,2.27,1.99,1.78,2.18,2.09,2.43,2.01,2.9,3.16,2.01,3.41,2.17,20.53,48.86,30.47,17.17,8.1,4.99,0.35,0.47,21.71,12.81,14.89,54.76,63.61
BRAZ_2011,Brazil,2011,2.43,2.21,1.52,2.42,1.56,2.57,2.18,2.57,3.5,2.26,3.17,2.6,43.06,52.78,31.43,28.22,14.89,12.23,1.47,0.95,11.15,6.88,11.89,71.02,82.17
CHL_2011,Chile,2011,2.42,3.09,2.84,2.79,1.78,2.72,2.27,2.87,2.41,2.47,4.07,2.93,56.56,62.06,27.04,46,23.69,7,1.98,0.8,35.83,57.35,17.65,86.33,86.33
CHIN_2011,China,2011,2.455,2.675,2.57,2.53,1.82,2.81,2.66,2.665,3.81,2.595,3.915,3.16,48.84,43.9,35.64,42.81,24.01,12.67,0.71,0.87,34.87,14.06,8.5,69.08,72.88
COL_2011,Colombia,2011,1.96,2.66,2.12,2.54,2.14,3.23,2.06,2.44,2.62,2.14,3,2.78,73.06,61.32,29.41,55.77,21.44,7.46,1.2,0.61,42.9,38.4,13.66,73.41,73.12
HRV_2011,Croatia,2011,2.26,2.07,1.84,2.36,1.88,2.73,2.25,2.84,3.32,2.22,3.65,2.27,18.25,48.97,34.26,17.88,7.32,4.2,0.87,0.47,31.02,27.05,29.99,78.68,89.41
CZE_2011,Czech Republic,2011,2.09,1.83,2.06,2.18,1.7,2.59,2.18,3.02,2.95,2.84,3.93,2.18,23.9,39.22,34.62,13.93,7.64,5.2,2.07,0.38,34.97,32.75,22.78,46.95,65.33
DNK_2011,Denmark,2011,2.759132468,3.038907792,2.870584416,3.141409091,2.560219481,2.537571429,2.568846753,3.440515584,2.543925974,2.908587013,4.176175325,2.669748052,46.64,34.97,40.52,6.72,4.63,4.93,9.05,0.46,22.92,54.13,33.13,48.66,64.544
FIN_2011,Finland,2011,2.62,3.16,2.89,2.74,2.34,2.77,2.57,3.26,2.91,2.56,4.01,2.65,60.82,37.26,31.96,7.13,6.25,8.81,3.25,0.53,15.2,27.09,31.09,75.11628571,68.088
FRA_2011,France,2011,2.47,3.07,2.88,3.2,1.55,2.98,2.44,2.98,3.22,2.13,4.21,2.36,34.92,38.43,37.13,17.7,5.73,2.38,4.77,0.34,27.78,36.88,36.63,83,45.53
DEU_2011,Germany,2011,2.95,2.94,2.85,3.63,1.92,2.68,2.85,3.3,2.88,2.95,3.84,2.64,35.17,37.14,41.99,5.49,5.62,5.64,2.95,0.66,19.98,25.28,25.07,67.95,65.76
GRC_2011,Greece,2011,1.88,1.88,1.83,1.96,1.94,2.64,2.13,2.86,3.12,2.18,3.46,2.44,10.87,49.69,37.76,10.5,7.95,15.79,1.45,0.58,7.59,28.28,20.56,78.35,55.02
GTM_2011,Guatemala,2011,2.22,1.72,2.2,2.23,1.81,3.29,2.04,3.3,2.54,2.55,4.02,2.72,55.09,71.01,24.55,26.4,19.31,2.54,1,0.99,10.15,34.99,3.46,69.08,61
HUN_2011,Hungary,2011,2.34,1.86,1.82,2.05,1.44,2.69,2.02,3.03,3.04,2.24,3.77,2.05,14.22,39.98,34.93,19.54,6.29,2,0.94,0.52,36.93,31.96,22.64,67.79,85.5
IRN_2011,Iran,2011,1.7,1.72,1.78,1.57,1.37,2.44,1.96,2.58,3.25,1.6,3.11,2.2,32.01,46.39,32.7,29.95,14.54,11.21,0.6,0.24,12.78,9.3,9.94,78.23,53.75
IRL_2011,Ireland,2011,2.41,2.7,2.64,3.18,1.95,2.87,2.83,3.28,3.06,2.91,3.51,3.21,25.57,45.5,33.22,5.75,7.25,7.98,1.25,0.41,34.19,35.57,34.3,72.69,61.13
JAM_2011,Jamaica,2011,2.53,2.42,1.78,2.33,2.05,2.73,1.95,2.93,2.5,2.55,3.27,3.19,49.14,78.6,29.04,19.45,13.71,5.14,1.2,0.85,3,16.9,8.28,82.71,45.94
JAP_2011,Japan,2011,2.285,2.595,2.11,2.475,1.565,2.445,2.525,2.4,3.71,2.595,4.025,2.36,6.35,13.73,42.25,3.83,5.22,8.31,2.55,0.44,24.63,14.06,29.39,82.48,81.04
LVA_2011,Latvia,2011,2.2,2.63,2.47,2.75,2.32,2.69,2.07,3.5,2.87,2.7,3.67,2.61,23.65,46.53,41,24.83,11.85,5.67,1.78,0.53,40.21,33.27,20.87,54.74,26.03
LTU_2011,Lithuania,2011,2.63,2.24,2.1,2.28,2,2.75,2.19,2.95,3.72,2.25,3.95,2.48,23.2,35.4,39.92,16.81,11.26,6.33,1.66,0.46,33.52,24.67,23.84,72.325303,71.42848485
MYS_2011,Malaysia,2011,3.02,2.82,2.52,2.67,2,2.73,2.44,3.09,3.1,2.43,4.02,2.83,36.5,31.06,30.04,8.73,4.92,5.23,7.06,0.69,10.98,16.39,3.91,57.846,36.0225
MEX_2011,Mexico,2011,2.26,2.68,2.39,2.87,1.86,3.13,2.33,2.54,2.69,2.22,3.47,3.01,43.46,60.64,26.57,24.2,9.62,3.03,2.81,0.78,16.35,22.4,7.45,51.27,51.51
NLD_2011,Netherlands,2011,2.88,2.46,2.6,3.1,2.88,3.21,2.85,3.57,2.59,3.28,4.56,3,47.78,41.87,35.08,8.5,8.21,8.65,6.85,0.58,16.94,31.22,33.53,57.92,56.62
NIGE_2011,Nigeria,2011,1.92,1.86,1.68,2.03,2.1,2.96,1.79,2.69,3.34,2.27,2.7,3.19,85.54,83.68,30.97,90.95,34.99,9.59,1.49,0.68,26.02,18.37,8.97,67.19,83.37
NOR_2011,Norway,2011,2.81,2.31,2.82,2.92,2.53,2.63,2.74,3.41,2.84,2.34,4.26,2.63,67.07,33.24,40.53,8.67,6.94,6.65,16.34,0.44,14.39,24.46,30.6,73.37,87.81
PAKI_2011,Pakistan,2011,2.1,2.15,2.13,1.84,2,2.81,1.9,3.14,2.91,2.56,3.48,2.73,39.69,42.61,35.27,22.58,9.07,4.08,0.53,0.11,12.08,22.12,4.06,80.42,52.89
PAN_2011,Panama,2011,2.23,2.38,3.02,2.95,1.41,2.51,2.21,2.64,2.44,2.67,3.97,2.93,46.1,63.66,14,20.93,20.78,6.04,1.5,0.89,2.43,34.54,8.08,72.71,73.74
PER_2011,Peru,2011,2.34,2.27,2.45,2.36,2.1,3.07,2.12,2.83,2.65,2.66,3.44,3.15,70.33,72.85,41.02,37.54,22.89,5.75,2.32,0.71,23.76,44.88,8.11,61.8991667,65.14694444
POL_2011,Poland,2011,2.52,2.86,1.94,2.58,2.02,2.46,2.21,2.9,4.15,2.91,3.44,2.77,33.1,51.99,42.93,22.69,9.03,4.97,0.66,0.39,38.4,33.22,21.23,81.7,84.77
PRT_2011,Portugal,2011,3.05,2.57,1.91,2.86,1.73,2.81,2.46,2.95,2.77,2.35,3.96,1.88,16.74,46.67,39.63,12.17,7.54,5.71,3.26,0.45,16.47,24.56,24.95,64.44,72.87
ROM_2011,Romania,2011,2.290314286,2.274828571,2.101057143,2.325985714,2.279635714,2.758485714,2.379428571,3.143085714,3.023964286,2.633585714,3.005635714,2.427521429,36.06,41.63,36.12,24.66,9.89,4.57,0.83,0.59,42.37,30.02,25.42,62.6253333,37.31
RUSS_2011,Russia,2011,2.02,2.39,1.83,2.16,2.14,2.85,1.9,2.77,3.18,1.97,3.1,2.34,27.06,33.2,43.44,3.61,4.57,2.84,1.56,0.79,29.45,17.5,9.45,69.42,67.85
SGP_2011,Singapore,2011,3.02,3.49,4.03,3.45,2.48,3.18,2.9,3.23,2.83,3.13,4.7,3.21,21.44,24.1,39.18,11.75,6.6,3.34,3.24,1.19,29.2,17.37,17.86,65.25,64.54
SVK_2011,Slovakia,2011,2.13,2.19,2.44,2.04,1.99,2.62,1.87,3.29,2.74,2.59,3.98,2.29,23.08,52.92,31.83,17.8,14.2,9.64,1.23,0.4,27.66,21.22,19.99,62.93,53.64
SVN_2011,Slovenia,2011,2.38,2.36,2.05,2.67,1.8,2.64,2.51,2.94,2.97,2.46,3.98,2.21,18.37,50.79,31.1,9.21,3.65,4.78,4.25,0.59,35.5,33.26,34.27,64.43,54.55
ZAF_2011,South Africa,2011,2.46,2.6,2.26,2.06,2.03,2.51,2.25,2.96,2.45,2.45,3.05,2.46,40.73,42.83,24.45,14.27,9.14,2.35,1.13,0.62,26.26,36.28,9.2,69.73,53.71
KOR_2011,South Korea,2011,2.25,2.93,2.67,2.72,2.08,2.38,2.36,2.2,3.94,2.23,4.01,3,11.24,26.72,45.08,15.74,7.82,10.89,0.87,0.32,14.56,15.9,17.43,72.15,72.75
ESP_2011,Spain,2011,2.06,2.06,2.21,2.72,1.56,2.34,2.13,2.58,2.69,2.16,3.46,2.21,14.41,50.86,38.91,7.99,5.81,8.85,1.52,0.64,18.26,25.99,23.07,67.2,61.06
SWE_2011,Sweden,2011,2.66,2.63,2.61,2.84,2.3,2.84,2.63,3.08,3.19,2.54,4.44,2.91,71.49,40.32,34.57,9.78,5.8,7,11.1,0.63,20.88,29.12,37.88,66.49,65.15
CHE_2011,Switzerland,2011,3.5,3.35,3.49,3.42,2.6,3.5,3.46,3.89,2.5,3.12,4.57,3.29,47.4,42.45,30.57,9.52,6.58,10.15,5.39,0.99,13.19,38.75,28.75,70.82,51.78
TWN_2011,Taiwan,2011,3.21,2.59,3.2,3.14,2.47,3.1,2.88,2.87,3.85,3.33,4.12,3.72,38.92,28.61,39.65,28.17,7.91,6.34,2.85,0.55,42.58,23.09,19.16,65.12924603,38.0577381
THA_2011,Thailand,2011,2.86,2.86,2.81,2.6,2.18,3.15,2.4,3.19,3.5,2.57,3.89,3.29,40.14,42.68,55.14,26.46,19.51,30.11,3.53,1.16,15.18,22.94,7.02,62.73,69.04
TTO_2011,Trinidad and Tobago,2011,2.48,2.33,2.29,2.07,1.93,2.63,2.09,3.21,2.66,2.31,3.72,2.63,62.14,81.21,16.71,35.21,22.67,6.91,2.95,0.66,19.5,8.2,7.47,79.11,77.01
TUR_2011,Turkey,2011,2.38,2.65,2.32,2.32,2.19,2.6,2.26,2.97,3.58,2.27,3.45,2.66,32.36,42.08,22.49,8.54,11.87,7.96,1.42,0.44,34.27,27.98,13.88,81.8,83.58
ARE_2011,United Arab Emirates,2011,3.1,3.34,3.2,3.14,2.6,3.3,2.56,3.45,3.6,2.85,4.14,3.41,43.72,62.07,50.84,2.41,6.19,2.7,4.67,0.63,37.34,26.37,19.45,83.5875,77.5025
GBR_2011,United Kingdom,2011,2.29,2.62,3.01,2.31,2.21,2.6,2.22,3.28,3.04,3.04,3.93,3.08,33.3,42.47,36.05,8.85,7.29,7.16,2.69,0.56,26.58,45.85,42.61,73.17,71.08
US_2011,United States,2011,2.605,2.69,2.23,2.68,2.055,2.87,2.52,3.235,2.84,2.66,3.875,3.955,36.25,55.69,31.19,10.92,12.34,9.05,2.78,0.73,29.4,33.52,31.08,81,51.94
URY_2011,Uruguay,2011,2.26,2.22,2.37,2.93,1.83,2.83,2.63,3.19,1.93,2.44,3.7,2.23,53.65,61.06,34.44,38.22,16.72,5.95,0.89,0.6,25.91,17.22,19.57,58.4584839,58.2102748
DZA_2012,Algeria,2012,3.24,3.29,2.8,3.07,2.19,3.32,2.81,2.83,3.75,3.04,3.33,3.17,45.67,54.1,35.44,21.27,8.75,3.32,1.58,0.44,11.34,20.16,10.87,71.25,66.51
AGO_2012,Angola,2012,2.74,2.74,2.19,2.16,1.93,2.24,1.71,2.65,2.94,2.15,2.28,2.94,66.17,72.05,37.94,69.61,32.39,9.06,1.61,0.89,20.3,21.49,3.53,81.03,78.94
ARG_2012,Argentina,2012,2.12,2.3,1.49,2.9,1.85,3.11,2.58,2.97,3.29,2.75,3.59,3.02,50.08,63.46,27.02,29.2,18.88,9.63,1.35,0.59,20.23,29.35,17.35,77.22,73.51
AUT_2012,Austria,2012,2.61,2.78,2.82,3.52,1.72,3.05,2.86,3.62,2.47,3.36,4.21,2.44,49.21,49.61,35.96,8.57,9.58,7.61,3.53,0.74,10.14,33.55,40.13,66.87,74.23
BRB_2012,Barbados,2012,2.06,2.39,2.1,2.51,2.01,2.94,2.02,3.02,2.17,2.46,3.51,2.82,47.01,69.86,17.27,22.99,17.12,12.23,5.05,0.88,15.28,13.37,14.51,75.82,46.42
BEL_2012,Belgium,2012,3.04,2.8,2.2,2.97,2,3.02,2.62,3.43,2.65,3.07,3.85,2.34,33.29,37.11,40.83,9.06,5.2,5.12,3.44,0.34,20.61,36.83,22.59,68.135,63.935
BIH_2012,Bosnia and Herzegovina,2012,2.32,2.1,1.73,2.13,2.34,2.75,1.97,2.84,3.22,2.08,3.25,2.12,19.57,49.11,26.94,21.94,7.78,6,0.35,0.49,27.78,13.25,6.42,57.38,62.27
BWA_2012,Botswana,2012,2.72,2.74,2.29,2.4,2.01,2.66,2.14,2.91,3.13,2.5,3.07,2.73,66.7,70.59,24.79,71.94,27.66,6.33,1.44,0.85,33.01,22.72,9.08,72.3,80.85
BRAZ_2012,Brazil,2012,2.42,2.3,1.62,2.28,1.57,2.41,1.98,2.54,3.42,2.22,2.99,2.66,52.4,53.94,31.05,36.47,15.44,15.19,1.95,0.91,11.42,1.2,13.64,73.3,76.12
CHL_2012,Chile,2012,2.29,3.07,2.97,2.97,1.96,3.01,2.15,2.74,2.51,2.48,4.07,2.89,64.91,59.91,27.99,43.12,22.58,7.77,3.96,0.73,32.24,56.23,13.49,86.04,89.04
CHIN_2012,China,2012,2.37,2.61,2.56,2.51,1.75,2.75,2.67,2.79,3.68,2.59,3.93,2.97,32.24,37.6,35.82,20.39,12.83,12.45,1.07,0.75,18.23,21.06,2.89,67.78,69.74
COL_2012,Colombia,2012,2.32,3.11,2.57,2.96,2.47,3.15,2.52,2.78,2.5,2.61,3.15,3.04,71.8,56.57,32.04,56.66,20.11,6.72,3.85,0.77,47.9,41.63,16.77,76.13,71.67
CRI_2012,Costa Rica,2012,2.05,2.69,2.06,2.78,2.17,2.99,2.54,2.95,2.59,2.65,3.51,2.86,47.14,63.26,35.26,33.35,15.04,3.33,2.37,0.54,19.87,13.68,9.45,75.49,89.22
HRV_2012,Croatia,2012,2.12,1.96,1.74,2.19,1.95,2.65,2.13,2.78,3.47,2.09,3.5,1.98,17.15,44.06,36.04,19.26,8.27,3.06,1.04,0.41,27.22,22.58,26.66,71.79,71.72
DNK_2012,Denmark,2012,2.32,2.51,2.56,3.13,2.61,2.65,2.49,3.23,2.81,2.61,4.09,2.58,44.41,31.02,39.26,6.64,5.36,3.45,8.58,0.41,25.72,44.41,34.28,41.73,64.18
ECU_2012,Ecuador,2012,2.26,2.87,2.11,2.39,1.94,3.07,2,2.87,2.53,2.48,4.13,2.69,58.55,72.1,32.85,51.04,26.61,18.92,0.84,1.07,9.01,40.15,8.07,52.567619,60.94380952
EGY_2012,Egypt,2012,2.38,2.06,2.03,1.86,1.28,1.82,1.83,2.64,3.26,2.39,3.65,2.13,53.72,58.66,32.96,42.28,7.82,4.15,0.68,0.18,42.27,12.27,8.62,84.14,88.11
SLV_2012,El Salvador,2012,1.86,1.87,2.21,2.31,1.82,2.81,1.77,2.63,2.17,2.44,4,3.1,42.74,58.51,41.72,39.84,15.26,9.39,1.11,0.87,23.01,29.45,6.23,87.22,83.01
EST_2012,Estonia,2012,2.75,2.37,3.54,2.93,1.98,2.71,2.79,3.18,3.58,3.01,4.32,3.38,45.24,43.19,34.49,16.38,14.26,7.24,2.7,0.51,32.44,37.66,26.5,71.9,72.86
ETH_2012,Ethiopia,2012,2.4,3.54,3.07,2.62,2.38,3.01,2.22,2.67,3.91,2.7,3.33,2.96,64.89,69.1,32.66,23.84,14.73,10.2,3.4,0.78,13.6,13.72,5.54,62.54,54.77
FIN_2012,Finland,2012,2.73,3.17,3.31,2.95,2.47,2.87,2.71,3.45,2.78,2.86,4.25,2.77,55.33,34.32,36.52,7.73,5.98,8.04,3.5,0.52,16.61,28.49,27.9,91.85,76.2
FRA_2012,France,2012,2.86,3.52,2.89,3.61,1.96,3.24,2.72,3.27,3.05,2.74,3.91,2.52,37.52,35.66,42.84,17.29,5.17,3.23,3.25,0.63,23.43,44.9,33.37,83.38,45.11
DEU_2012,Germany,2012,2.89,2.89,2.78,3.57,2.07,2.88,2.72,3.34,2.91,2.84,3.87,2.74,36.16,37.09,41.91,6.01,5.34,4.95,2.34,0.5,23.1,31.77,30.45,76.82,64.54
GHA_2012,Ghana,2012,2.13,2.25,2.27,2.17,2.2,2.66,2.07,2.84,3.41,2.5,3.17,2.99,79.29,86.26,18.23,60.36,36.52,37.74,1.85,1.09,14.89,10.2,0.72,76.4,48.92
GRC_2012,Greece,2012,1.65,1.59,1.81,1.72,1.63,2.44,2.15,2.97,3,2.12,3.34,2.05,12.95,50,61.29,9.51,6.51,12.27,1.07,0.51,11,23.33,24.45,91.31,84.02
HUN_2012,Hungary,2012,2.51,2.3,1.92,2.52,1.6,2.74,2.44,3.17,2.82,2.4,4.04,2.4,10.95,39.83,34.28,12.96,9.22,8.1,1.13,0.45,25.8,20.76,23.4,68.3,64.36
IRN_2012,Iran,2012,2.16,2.29,1.85,1.73,1.4,2.44,1.88,2.9,3.59,2.15,4.26,2.28,39.17,54.15,41.42,22.78,10.79,9.53,0.86,0.38,16.42,7.95,11.25,74.02,41.49
IRL_2012,Ireland,2012,2.44,3.02,2.82,3.28,2.07,2.83,2.92,3.21,2.81,2.99,3.92,3.15,25.55,45.16,35.37,5.43,6.15,8.32,1.44,0.48,31.45,37.33,34.79,72.97,60.19
ISR_2012,Israel,2012,2.71,2.22,1.89,2.51,2.37,3.28,2.64,3.38,2.67,2.5,4.09,4.25,30.62,29.31,46.76,12.81,6.53,3.78,2.41,0.72,21.33,29.15,24.05,81.41,45.41
ITA_2012,Italy,2012,2.34,2.61,1.71,2.13,1.86,2.46,2.61,3.08,2.97,2.49,3.27,2.41,19.8,29.97,57.68,10.76,4.32,3.32,1.42,0.51,10.37,29.34,24.94,72.39,59.47
JAM_2012,Jamaica,2012,2.39,2.07,1.96,2.17,2.22,2.92,2.13,2.68,2.79,2.83,3.26,3.76,50.185,78.87,28.045,29.48,13.73,5.71,1.02,0.825,4.17,16.59,6.475,77.57,55.745
JAP_2012,Japan,2012,2.34,2.68,2.26,2.6,1.6,2.42,2.64,2.54,3.74,2.83,4.16,2.45,6.37,9,53.13,2.49,3.99,6.11,3.21,0.35,32.03,21.73,24.49,69.74,66.68
LVA_2012,Latvia,2012,2.73,2.79,2.67,3.02,2.87,3.17,2.33,3.38,2.44,3.1,4.05,3.19,33.05,43.56,36.74,21.85,13.39,7.93,1.82,0.43,48.43,34.59,16.87,54.79,29.67
LTU_2012,Lithuania,2012,2.63,2.54,2.35,2.6,2.02,2.57,2.46,3.08,3.57,2.19,4.24,2.38,29.99,39.83,35.78,17.98,6.69,8.24,2.09,0.44,41.79,20.9,28.81,53.33,59.66
MWI_2012,Malawi,2012,1.96,2.29,2.46,2.19,2.14,3.14,1.9,2.81,3.32,2.78,2.66,2.41,74.29,84.53,12.37,70.26,35.56,10.8,1.02,0.82,1.6,36.61,0.84,52.88,63.12
MYS_2012,Malaysia,2012,3.58,3.27,2.84,3.17,2.39,2.94,2.91,3.31,3.91,2.97,4.03,3.29,35.69,30.82,36.34,13.34,6.99,6.96,4.56,0.8,12.82,17.13,6.09,58.288,39.18972222
MEX_2012,Mexico,2012,2.04,2.5,1.93,2.89,1.72,2.96,2.27,2.77,2.54,2.14,3.58,2.96,44.99,62.34,25.66,18.39,12.11,4.67,3.86,0.99,18.66,21.62,9.21,50.88,45.59
NLD_2012,Netherlands,2012,2.69,2.91,3.3,3.21,3.07,3.45,3.16,3.79,2.75,3.61,4.6,3.37,34.4,42.3,30.45,8.63,10.31,9.49,7.86,0.48,11.69,27.51,27.95,75.78,73.47
NIGE_2012,Nigeria,2012,2.2,1.97,1.99,2,2.09,2.44,1.87,2.87,3.67,2.38,3.05,3.21,82.19,87.93,20.96,44.3,35.04,15.67,1.54,1.03,23.12,19.86,6.06,65.15,79.33
MKD_2012,North Macedonia,2012,2.12,2.48,3.01,2.55,2.3,2.86,2.38,3.52,3.13,2.29,3.57,2.84,30.79,55.11,39.43,27.74,6.97,6.73,0.55,0.49,27.73,20.52,11.67,76.01,81.69
NOR_2012,Norway,2012,2.42,2.17,2.74,2.83,2.69,2.9,2.72,3.62,2.78,2.42,4.24,2.9,64.43,34.37,39.37,4.91,6.75,5.75,9.4,0.36,12.59,22.96,33.08,66.73,69.59
PAKI_2012,Pakistan,2012,2.83,2.12,2.24,2.15,2.11,3.02,2.46,3.32,3.35,2.71,3.65,2.84,46.48,48.74,31.24,24.51,11.57,3.78,0.45,0.06,22.77,28.49,5.44,79.53,50.37
PAN_2012,Panama,2012,2.2,2.38,2.73,2.8,1.67,2.84,2.29,2.75,2.98,2.56,3.84,2.76,38.48,43.34,16.67,12.05,9.46,1.86,2.91,1.23,3.92,18.13,6.79,80.43,84.56
PER_2012,Peru,2012,2.37,2.65,2.37,2.43,2.15,3.14,2.04,2.92,2.57,2.82,3.69,3.24,56.99,65.47,30.36,45.06,20.21,5.1,2.27,0.77,16.84,18.36,9.59,62.4458333,65.31138889
POL_2012,Poland,2012,2.62,2.78,2.14,2.56,1.64,2.49,2.14,2.76,3.92,2.58,3.54,2.65,20.42,53.89,43.45,21.57,9.36,5.81,0.74,0.49,22.48,32.15,18.1,73,77.25
PRT_2012,Portugal,2012,2.48,2.11,1.83,2.65,1.76,2.59,2.43,2.96,2.41,2.41,4.11,2.24,16.19,46.8,42.3,14.37,7.67,6.23,2.97,0.66,18.05,31.57,23.75,57.08,67.93
ROM_2012,Romania,2012,2.13,2.23,2,2.21,2.11,2.58,2.31,2.83,3.03,2.64,3.18,2.2,36.73,38.34,40.87,27.02,9.22,3.91,1.56,0.4,39.83,30.66,17.26,62.1093333,37.07
RUSS_2012,Russia,2012,1.96,2.42,2.2,2.12,2.39,2.76,2.05,2.85,3.05,2.16,3.08,2.54,20.08,23.5,46.51,2.23,4.34,2.05,0.86,0.64,26.27,14.44,8.91,73.58,71.15
SGP_2012,Singapore,2012,3.4,3.51,4.04,3.46,2.56,3.14,2.87,3.25,3.25,2.88,4.4,3.28,22.51,26.58,41.63,16.08,11.56,3.1,3.69,0.76,39.63,21.79,27.21,63.07,59.84
SVK_2012,Slovakia,2012,2.38,2.11,2.27,2.23,2.08,2.79,1.99,3.12,2.62,2.83,3.94,2.17,17.84,49.73,38.32,11.83,10.22,6.38,1.21,0.49,29.52,27.29,32.35,62.52,50.25
SVN_2012,Slovenia,2012,2.32,2.31,2.09,2.61,2.13,2.64,2.36,2.91,3.44,2.39,3.83,2.25,19.62,51.32,27.28,13.25,5.42,5.79,8.69,0.32,23.43,37.75,41.83,74.4,50.27
ZAF_2012,South Africa,2012,2.49,2.63,1.88,2.1,1.81,2.53,2.16,2.95,2.81,2.31,2.89,2.57,35.47,39.5,30.56,11.95,7.32,2.32,1.25,0.64,27.03,42.92,12.28,71.08,52.73
KOR_2012,South Korea,2012,2.31,3.34,2.75,3,2.11,2.44,2.44,2.41,4.19,2.34,4.18,3.08,12.52,26.93,43.01,12.98,6.64,9.57,1.32,0.21,29.44,26.53,18.95,73.99,74.15
ESP_2012,Spain,2012,2.06,2.68,2.6,2.79,1.53,2.34,2.34,3.05,2.79,2.46,3.98,2.35,13.9,50.38,41.76,11.13,5.7,8.74,1.27,0.54,9.31,30.58,25.65,69.59,59.37
SWE_2012,Sweden,2012,2.52,2.64,2.53,2.99,2.39,2.47,2.51,2.84,3.46,2.5,4.16,2.67,66.48,36.99,32.61,10.96,6.44,5.25,7.11,0.61,15.72,21.15,38.23,63.71,63.64
CHE_2012,Switzerland,2012,3.15,3.35,3.6,3.48,2.3,3.44,3.65,3.73,2.47,3.3,4.7,3.47,35.67,37.34,32.29,7.26,5.93,8.44,3.18,0.85,10.68,31.89,33.62,71.165,51.905
TWN_2012,Taiwan,2012,2.95,2.29,2.88,2.8,1.99,2.81,2.6,2.62,3.49,2.81,4.15,3.19,38.55,26.38,37.6,25.49,7.54,10.38,2.38,0.67,37.77,18.85,15.77,63.46,44.2
THA_2012,Thailand,2012,2.77,2.45,2.43,2.21,1.89,2.63,1.9,2.69,3.4,2.18,3.98,2.88,44.61,45.97,50.06,18.98,18.94,29.69,4.04,1.19,12.15,19.57,7.54,62.85,70.36
TTO_2012,Trinidad and Tobago,2012,2.81,2.13,2.24,2.48,2.15,3.02,2.29,3.1,2.95,2.29,3.46,2.58,59.23,76.06,16.65,37.48,14.96,7.19,3.97,0.79,18.25,14.74,16.05,79.12,75.67
TUN_2012,Tunisia,2012,2.72,3.5,3.11,2.77,1.44,2.78,2.38,3.15,3.45,2.36,3.41,2.48,32.55,62.18,14.88,21.58,4.78,4.37,1.19,0.43,20.24,25.56,14.2,75.67,77.93
TUR_2012,Turkey,2012,2.56,2.83,2.69,2.6,2.07,2.89,2.42,2.95,3.11,2.57,3.66,3.18,39.88,49.44,30.39,14.72,12.22,8.68,1.77,0.39,36.56,24.89,16.29,93.92,87.9
UGA_2012,Uganda,2012,2.32,2.17,2.2,2.26,1.94,2.69,1.72,3.16,3.49,2.75,3.32,3.48,80.69,87.69,15.25,79.08,35.76,31.25,0.92,0.99,6.36,9.53,1.2,76.14,67.07
GBR_2012,United Kingdom,2012,2.72,2.95,2.77,2.45,2.35,2.92,2.72,3.26,3.12,3.12,3.97,2.98,32.82,47.13,36.01,9.52,8.98,6.16,2.33,0.54,23.66,30.54,33,84.23,79.665
US_2012,United States,2012,2.97,2.77,2.24,2.65,2.15,3.04,2.75,3.29,2.81,2.69,4.19,4.12,43.49,55.88,32.32,12.53,12.84,8.56,2.78,0.69,27.08,34.1,33.17,76.69,49.79
URY_2012,Uruguay,2012,2.19,2.52,2.7,2.98,2.07,3.11,2.95,3.14,2.19,2.77,3.84,2.6,51.03,57.81,27.18,19.9,14.63,4.97,2.17,0.5,18,24.65,17.99,57.9963956,58.03303623
ZMB_2012,Zambia,2012,2.14,2.5,2.64,2.21,1.93,2.46,1.85,3.07,3.11,2.9,3.11,2.59,77.87,83.75,16.68,55.29,41.46,3.84,1.44,0.93,7.34,14.9,5.39,59.12,60.82
DZA_2013,Algeria,2013,3.42,3.19,2.56,2.75,2.45,3.16,2.88,2.86,4,2.97,3.47,3.19,61.86,55.51,32.95,36.02,4.89,5.45,2.92,0.51,10.66,11.48,18.85,75.92,67.15
AGO_2013,Angola,2013,2.59,2.92,2.24,2.23,1.64,2.12,1.85,2.5,3.07,1.98,2.28,2.81,56.67,56.32,63.66,38.25,22.23,8.52,1.54,0.84,9.28,12.25,6.24,84.23,79.59
ARG_2013,Argentina,2013,2.15,1.98,1.54,2.76,2.16,3.3,2.66,3.05,3.18,2.58,3.45,3.24,40.87,61.75,24.92,31.02,15.93,9.62,1.59,0.67,24.45,15.55,16.42,72.64,66.77
BRB_2013,Barbados,2013,1.95,2.82,1.99,2.32,2.04,2.67,1.64,2.99,2.53,2.35,3.41,2.46,45.69,74.5,17.34,18.38,21.67,12.38,3.7,0.82,11.56,18.89,5.46,81.86666667,62.99666667
BEL_2013,Belgium,2013,2.62,2.58,2.18,3.26,1.99,3.09,2.59,3.28,2.81,2.69,3.75,2.18,31.5,33.85,46.55,7.85,4.92,5.94,1.51,0.54,18.06,27.35,28.35,72.34,67.95
BIH_2013,Bosnia and Herzegovina,2013,2.16,1.98,1.8,2.04,2.04,2.56,1.89,2.71,3.38,2.04,3.32,2.16,23.26,50.5,26.08,21.76,10.34,4.51,0.37,0.53,26.97,22.73,9.72,52.2,54.8
BWA_2013,Botswana,2013,2.74,2.64,2.65,2.59,2.27,3.05,2.14,2.67,3.12,2.83,3.27,2.8,65.9,67.44,18.6,59.2,20.85,3.44,1.98,0.91,30.55,20.31,9.84,71.92,82.27
BRAZ_2013,Brazil,2013,2.34,2.5,1.68,2.28,1.55,2.41,2,2.35,3.02,2.13,3.04,2.74,50.93,52.62,38.72,27.2,17.31,15.44,2.01,1.01,8.05,0.76,7.32,83.7,80.73
CAN_2013,Canada,2013,2.56,2.87,2.35,2.76,2.2,2.67,2.51,3.14,2.99,2.57,3.9,3.18,57.35,48.45,35.22,13.53,12.19,8.44,4.43,0.68,27.14,32.39,42.64,82.21,84.62
CHL_2013,Chile,2013,2.47,3.44,3.23,3.06,1.73,2.71,2.23,2.67,2.4,2.28,4.17,2.83,68.4,59.63,28.01,46.49,24.33,8.46,2.87,0.63,31.8,52.06,15.06,70.13,60.64
CHIN_2013,China,2013,2.48,2.66,2.59,2.62,1.62,2.72,2.5,2.63,3.88,2.59,4,3,33.07,36.29,34.3,14.42,14.02,11.04,1.06,0.77,22.94,21.7,10.24,67.25,69.12
COL_2013,Colombia,2013,2.26,2.83,2.59,2.99,2.26,3.19,2.37,2.83,2.89,2.77,3.32,3.09,67.7,57.84,31.75,54.54,23.71,5.85,1.48,0.57,53.81,49.47,12.43,73.53,69.61
HRV_2013,Croatia,2013,2.29,2.19,1.83,2.48,1.86,2.63,2.08,2.7,3.63,2.11,3.5,2.02,17.58,47.18,35.18,19.6,8.27,3.28,0.8,0.45,26.16,22.01,22.3,71.36,90.85
CZE_2013,Czech Republic,2013,2.47,2.04,2.02,2.29,1.58,2.4,2.24,3.1,2.61,2.62,4.01,2.04,23.08,42.59,35.75,13.73,7.33,5.26,2.65,0.39,24.71,27.51,28.2,43.07,61.47
ECU_2013,Ecuador,2013,2.23,2.87,2.1,2.48,2.04,3.23,2.1,2.88,2.25,2.38,4.16,3.07,57.29,74.27,34.91,39.91,35.97,17.99,0.95,0.83,16.51,34.56,7.9,47.78,60.80095238
EST_2013,Estonia,2013,2.69,2.52,3.13,3.27,2.25,3.04,2.89,3.04,3.61,2.54,4.28,3.46,46.07,39.96,38.83,19.39,13.11,5.01,3.38,0.55,22.38,34.75,22.18,67.66,66.48
FIN_2013,Finland,2013,2.77,3.27,3.09,2.89,2.66,2.94,2.99,3.45,2.83,2.88,4.25,2.91,43.8,33.26,36.73,8.34,5.29,6.65,3.68,0.61,16.99,21.59,26.09,58.59,53.21
FRA_2013,France,2013,2.85,3.28,2.99,3.17,1.73,2.69,2.48,3.02,3.24,2.39,4.22,2.21,22.87,33.15,41.13,12.59,4.57,4.09,3.89,0.5,18.22,27.58,30.1,85.46,44.3
DEU_2013,Germany,2013,2.84,2.58,2.59,3.43,1.94,2.59,2.8,3.32,3.18,2.77,3.71,2.78,31.3,37.72,38.58,6.84,4.98,5.07,2.98,0.65,19.55,26.02,30.1,70.03,55.3
GHA_2013,Ghana,2013,2.59,2.71,2.2,2.29,2.08,2.91,2.07,3,3.08,2.99,2.99,3.09,69.27,85.77,24.64,45.6,25.82,25.93,1.32,1.19,8.51,14.73,1.72,75.23,49.4
GRC_2013,Greece,2013,1.99,2.06,1.84,2.03,1.69,2.56,2.16,3.17,3.18,2.19,3.62,2.25,13.54,45.99,49.33,8.77,5.51,12.6,1.53,0.41,7.08,28.74,27.04,94.08,81.64
GTM_2013,Guatemala,2013,2.19,2.16,2.11,2.43,1.8,3.18,2.18,3.38,2.36,2.36,3.84,2.63,58.78,66.45,33.32,38.95,12.28,5.07,1.41,0.73,3.46,34.37,6.6,65.07,60.06
HUN_2013,Hungary,2013,2.77,2.29,1.92,2.35,1.91,2.8,2.54,3.35,3.1,2.7,3.9,2.58,18.87,37.5,44.82,13.73,9.68,7.2,1.38,0.57,22.55,15.81,21.53,71.47,86.77
INDI_2013,India,2013,2.82,1.89,1.84,2.05,1.5,2.42,1.94,2.95,3.51,2.49,3.68,2.69,41.43,55.78,38.91,22.79,9.88,10.66,0.93,0.49,5.54,20.94,3.93,74.11,45.67
INDO_2013,Indonesia,2013,3.06,2.69,2.22,2.53,2.54,3.3,2.31,3.25,3.92,2.82,3.45,3.29,46.68,62.01,35.19,35.06,25.52,21.2,1.72,0.96,1.75,11.75,3.6,70.36,61.49
IRN_2013,Iran,2013,2.03,1.85,1.63,1.54,1.49,2.13,1.93,2.11,3.15,1.76,4.05,2.21,36.99,56.52,36.42,30.62,12.32,10.59,0.94,0.36,24.32,13.9,7.19,79.84,70.83
IRL_2013,Ireland,2013,2.59,2.92,2.77,3.19,2.01,2.78,2.89,3.4,2.66,2.88,3.85,2.97,28.28,43.14,40.43,12.59,9.25,7.5,2.43,0.53,27.71,32.65,20.5,82.39,64.1
ISR_2013,Israel,2013,2.83,2,1.73,2.25,2.03,3.04,2.35,3.27,2.67,2.16,4.06,3.81,46.5,36.17,51.76,23.97,10.04,5.94,2.83,0.48,23.84,34.13,31.91,81.22,49.62
ITA_2013,Italy,2013,2.46,2.03,1.54,2.06,1.71,2.6,2.46,3.1,3.5,2.46,3.34,2.14,17.34,29.11,48.59,9.8,3.43,3.67,0.98,0.43,7.96,19,24.55,80.3,60.61
JAM_2013,Jamaica,2013,2.93,2.56,2.21,2.28,2.21,3.5,2.32,3.24,3.81,2.67,3.83,3.54,51.23,79.14,27.05,39.51,13.75,6.28,0.84,0.8,5.34,16.28,4.67,72.43,65.55
JAP_2013,Japan,2013,2.675,2.9,2.41,2.7,1.62,2.62,2.895,2.49,3.83,2.84,4.315,2.515,7.65,12.86,49.35,4.09,3.72,5.71,2.38,0.55,39.55,22.37,23.54,80.93,79.36
LVA_2013,Latvia,2013,2.87,2.94,2.96,3,2.73,3.3,2.37,3.38,2.6,3.03,4.07,3.13,34.8,47.85,41.62,22.69,13.25,8.84,2.48,0.61,36.67,31.53,23.11,52.76,31.3
LBY_2013,Libya,2013,2.14,2.01,2.63,1.75,1.41,2.3,1.83,2.91,3.2,2.84,2.98,2.51,52.26,58.63,33.05,62.07,11.15,3.44,7.41,0.49,28.28,26.14,8.65,59.48,61.36
LTU_2013,Lithuania,2013,2.78,2.39,1.99,2.62,2.39,2.77,2.37,3.46,3.96,2.55,4.19,3,28.72,35.38,41.65,22.43,12.43,8.34,2.37,0.45,31.1,25.26,24.21,84.35,85.17
LUX_2013,Luxembourg,2013,2.58,3.4,3.39,3.61,2.21,2.93,2.78,3.27,2.99,2.94,3.92,2.38,45.57,43.28,42.91,14.13,8.69,2.39,10.04,0.49,16.93,47.87,38.42,57.2,68.63
MWI_2013,Malawi,2013,1.93,2.3,1.89,2.05,2.18,2.89,1.9,2.78,3.44,2.66,2.81,2.43,78.9,89.48,15.14,66.69,28.11,12.03,0.67,0.95,0.84,28.21,0.69,70.6,39.41
MYS_2013,Malaysia,2013,3.42,3.05,2.54,3,2.33,3.03,2.94,3.17,3.39,2.74,4.15,3.13,40.72,27.98,33.31,11.82,6.6,6.03,3.53,0.72,6.3,16.9,8.13,58.73,42.35694444
MEX_2013,Mexico,2013,2.38,3.03,2.24,3.06,1.96,3.25,2.6,2.72,2.51,2.39,3.86,3.08,53.6,58.52,31.65,16.93,14.83,4.18,3.89,0.77,20.48,20.48,5.44,44.98,41.83
NLD_2013,Netherlands,2013,2.76,2.96,3.22,3.03,3.05,3.34,2.83,3.85,2.91,3.34,4.59,3.13,32.66,42.38,36.81,9.08,9.27,8.68,8.41,0.58,12.64,28.87,32.13,65.89,71.76
NIGE_2013,Nigeria,2013,2.05,1.97,1.83,2.24,2.13,2.79,1.73,2.59,3.28,2.34,2.98,3.32,84.66,87.04,16.33,46.81,39.86,17.51,2.06,1.04,20.91,18.3,5.41,66.2,79.49
MKD_2013,North Macedonia,2013,2.33,2.65,2.86,2.54,2.27,3.05,2.37,3.02,3,2.36,3.54,2.83,37.15,49.69,35.57,29.11,6.63,7.29,0.38,0.41,25.54,13.82,12.04,61.89,81.15
NOR_2013,Norway,2013,2.79,2.39,2.76,2.95,2.6,2.62,2.86,3.61,2.88,2.62,4.14,2.76,63.67,34.18,35.25,5.23,6.25,6.15,15.2,0.41,15.2,15.2,35.83,67.89,69.49
PAN_2013,Panama,2013,2.36,2.7,2.83,3.08,1.59,2.79,2.29,2.76,2.77,2.41,3.82,3.03,58.73,66.39,28.91,26.96,20.64,3.5,2.14,0.73,9.7,12.23,6.37,75.48,49.33
PER_2013,Peru,2013,2.25,2.04,2.11,2.22,2.05,2.84,1.92,2.73,2.59,2.58,3.45,2.9,60.96,62.2,25.68,33.91,23.38,5.42,2.41,0.72,14.76,12.01,4.1,59.24,64.38
PHL_2013,Philippines,2013,3.23,3,2.29,3.13,3.06,3.4,2.5,3.37,3.82,2.86,3.69,3.55,47.94,68.4,36.19,44.12,18.52,6.61,0.87,0.94,4.95,24.76,5.28,71.21,70.42
POL_2013,Poland,2013,2.71,2.6,2.07,2.65,1.84,2.38,2.15,2.97,3.83,2.84,3.64,2.83,26.06,51.77,46.72,17.27,9.28,6.47,0.69,0.5,36.18,26.65,14.94,79.27,84.86
PRT_2013,Portugal,2013,2.91,2.6,1.79,2.87,2.17,2.95,2.73,3.38,2.36,2.45,4.44,2.57,20.24,48.75,40.09,13.24,8.25,7.72,2.36,0.54,20.46,34.31,28.02,59.89,66.81
PRI_2013,Puerto Rico,2013,1.9,2.34,1.54,2.51,1.6,3,2.1,2.92,3.02,2.21,3.38,2.47,28.34,53.03,24.63,13.08,8.28,2.03,1.99,0.57,11.5,16.54,6.77,61.8403571,60.21278571
ROM_2013,Romania,2013,2.31,2.36,2,2.38,2.32,2.93,2.59,3.04,3.29,2.72,2.93,2.31,28.86,45.87,37.26,23.65,10.13,5.35,1,0.64,39.24,21.46,17.78,50.15,17.93
RUSS_2013,Russia,2013,2.01,1.9,1.87,1.83,2.19,2.71,2.06,3.05,3.21,2.1,3.13,2.5,18.19,28.15,29.04,2.6,5.75,3.41,1.19,0.86,23.18,12.87,12.07,72.57,73.61
SGP_2013,Singapore,2013,3.53,3.65,4.14,3.67,2.79,3.24,3.22,3.53,3.47,3.39,4.51,3.21,22.24,24.76,39.78,15.09,10.68,4.2,8.18,0.62,44.18,20.95,25.32,68.02,65.73
SVK_2013,Slovakia,2013,2.16,1.9,1.94,2.16,1.93,2.77,1.94,2.79,3.04,2.52,3.86,1.89,16.1,51.01,33.17,16.39,9.52,5.39,1,0.62,25.8,23.12,24.46,59.38,50.94
SVN_2013,Slovenia,2013,2.19,1.91,2.05,2.53,2.06,2.81,2.39,2.82,3.1,2.36,3.89,2.23,16.06,51.48,29.61,12.37,6.45,5.68,2.22,0.46,30.03,36.3,36.93,58.53,49.22
ZAF_2013,South Africa,2013,3.33,2.95,2.11,2.21,1.77,2.32,2.09,2.69,2.75,3.13,2.76,2.99,37.85,42.68,27.33,12.76,10.59,2.86,1.04,0.73,25.61,49.15,12.46,68.1,57.38
KOR_2013,South Korea,2013,2.29,3.44,2.67,2.99,2.06,2.45,2.51,2.34,4.09,2.32,4.01,3.09,12.73,28.1,42.29,12.07,6.85,9.01,1.4,0.4,19.72,18.27,19.49,74.72,74.02
ESP_2013,Spain,2013,1.79,2.34,2.01,3.05,1.37,2.25,2.19,2.53,2.14,2.28,3.91,2.11,16.01,48.39,36.3,8.43,5.21,8.39,1.13,0.67,11.67,22.86,27.94,67.8,51.31
SUR_2013,Suriname,2013,2.43,2.42,2.21,1.98,2.13,3.27,1.82,2.79,2.68,2.22,3.31,2.79,52.72,53.51,24.36,13.14,5.13,1.71,3.24,0.51,4.89,17.93,2.93,52.34,54.31
SWE_2013,Sweden,2013,2.32,2.73,2.51,2.72,2.33,2.35,2.39,2.97,3.41,2.62,4.23,3.16,64.45,38.8,36.59,9.53,8.25,6.03,6.03,0.61,12.72,28.89,40.36,79.29,75.55
CHE_2013,Switzerland,2013,3.01,3.44,3.69,3.47,2.36,3.36,3.48,3.55,2.74,3.25,4.69,3.31,41.52,44.72,28.24,9.78,8.18,9.96,8.97,0.97,13.82,27.57,30.96,71.51,52.03
TWN_2013,Taiwan,2013,3.68,2.7,2.75,2.32,2,2.67,2.49,3.42,3,2.8,3,3.61,42.03,27.22,40.69,27.81,8.16,8.28,1.6,0.48,40.64,23.07,16.29,64.96,40.51
THA_2013,Thailand,2013,3,2.46,2.38,2.43,2.28,3.12,2.55,3.35,3.71,2.79,4.08,3.04,45.34,44.38,49.32,18.47,17.66,28.02,3.63,0.96,14.17,20.07,7.69,64.45,72.98
TTO_2013,Trinidad and Tobago,2013,3.1,2.16,2.23,2.4,2.12,3.01,1.96,3.12,2.77,2.02,3.84,3.02,58.01,75.26,19.75,28.69,19.48,11.4,6.76,0.67,27.25,11.19,2.96,74.83,74.52
TUR_2013,Turkey,2013,2.66,2.95,2.69,2.71,2.29,2.93,2.47,3.05,3.19,2.74,3.77,3.21,38.63,52.24,30.39,28.06,9.95,5.67,1.77,0.47,52.36,31.6,20.03,72.02,79.54
UGA_2013,Uganda,2013,2.47,2.34,1.99,2.44,2.24,3.09,2.11,3.29,3.85,2.75,3.37,3.09,81.1,83.84,15.03,60.72,25.21,36.09,1.89,0.99,3.38,9.86,1.78,73.95,64.03
GBR_2013,United Kingdom,2013,2.71,2.95,2.64,2.65,2.17,2.58,2.53,3.1,2.84,2.72,3.91,3.09,35.54,43.85,36.4,7.19,7.14,6.55,2.8,0.63,20.2,27.94,35.82,95.29,88.25
US_2013,United States,2013,2.62,2.78,2.22,2.63,2.19,3.08,2.44,3.21,3.24,2.91,4.21,3.92,47.16,55.74,31.11,12.18,12.73,7.49,2.7,0.69,28.01,34.24,37.19,79.33,54.06
URY_2013,Uruguay,2013,2.2,2.3,2.83,3.16,1.73,3.47,2.96,3.1,1.97,2.77,3.82,2.4,47.9,61.14,26.85,25.3,14.08,4.91,3.07,0.46,22.94,33.32,22.67,57.5343073,57.85579765
VNM_2013,Vietnam,2013,2.4,2.89,2.77,2.5,1.97,2.64,2.54,2.89,3.5,2.66,3.58,3.1,36.81,48.65,56.74,24.07,15.35,16.35,2.48,0.83,19.87,16.94,7.19,55.97,58.07
ZMB_2013,Zambia,2013,1.91,2.12,2.34,2.15,2.05,2.46,1.68,2.56,3.08,2.72,2.9,2.64,76.8,79.65,15.4,44.45,39.91,16.55,0.96,1.04,3.37,7.86,2.59,81.54,63.4
AGO_2014,Angola,2014,2.63,2.58,2.16,2.4,1.91,2.22,1.77,2.73,2.98,2.17,2.36,2.88,69.75,61.68,44.81,39.34,21.5,6.5,1.78,0.89,13.22,18.91,3.16,75.77,73.29
ARG_2014,Argentina,2014,2.03,2.08,1.49,2.7,1.82,3.11,2.49,2.85,3.24,2.53,3.31,3.01,31.91,57.78,23.54,27.83,14.41,9.09,1.55,0.63,21.57,24.62,19.5,81.65,75.1
AUS_2014,Australia,2014,2.34,1.83,2.44,2.23,2.19,2.85,2.18,3.42,3.03,2.79,3.91,3.19,45.72,46.8,39.21,10.02,13.14,9.8,3.62,0.65,25.85,30.81,32.77,52.2,57.82
AUT_2014,Austria,2014,2.51,2.46,2.6,3.58,1.66,3.02,2.82,3.4,2.49,3.33,4.12,2.46,44.4,48.67,34.92,8.15,8.71,9.86,3.41,0.68,11.62,35.31,35.01,67.09,53.35
BRB_2014,Barbados,2014,2.42,2.42,1.87,2.3,1.71,2.96,1.78,2.72,2.06,2.42,3.75,2.61,38.16,63.51,23.44,11.48,12.71,7.09,3.65,0.78,12.28,25.69,12.9,70.988,64.924
BEL_2014,Belgium,2014,3.38,2.62,1.98,2.71,1.95,2.75,2.99,3.74,2.5,3.19,3.79,2.15,35.93,30.4,49.35,10.55,5.4,3.54,1.41,0.41,15.4,30.94,28.97,58.5,57.61
BLZ_2014,Belize,2014,2.14,2.55,2.2,2.45,2.05,2.53,1.77,2.68,2.31,2.54,3.41,2.65,49.55,69,32.63,10.09,7.14,3.74,3.64,0.83,19.06,23.46,10.53,51.73,52.41
BOL_2014,Bolivia,2014,2.25,2.15,1.97,2.34,2.13,3.11,2.33,2.81,2.98,2.65,3.3,2.79,57.67,73.11,38.39,46.94,27.4,7.59,2.26,0.84,18.53,27.88,8.29,55.46,57.8
BIH_2014,Bosnia and Herzegovina,2014,2.29,2.13,1.74,2.07,2.06,2.43,1.96,2.92,3.35,2.16,3.35,2.15,19.59,47.3,26.8,20.43,7.42,6.67,0.49,0.4,28.74,17.1,13.4,77,70.26
BWA_2014,Botswana,2014,2.71,2.61,2.62,2.71,2.74,3.09,2.45,2.56,2.88,2.04,3,2.91,57.16,67.14,13.7,63.37,32.79,4.95,1.81,0.89,33.16,29.88,10.94,69.94,78.15
BRAZ_2014,Brazil,2014,2.46,2.4,1.46,2.24,1.48,2.54,2,2.5,3.36,2.24,2.93,2.36,55.54,49.96,35.56,24.5,17.23,17.51,2,1.03,9.59,12.65,8.92,78.11,69.94
BFA_2014,Burkina Faso,2014,2.09,2.88,3.09,3.04,1.26,2.78,1.77,2.8,2.24,2.37,3.04,3.08,63.61,65.89,23.75,42.34,21.71,17.68,2.37,0.74,15.81,14.03,3.97,83.38,73.79
CMR_2014,Cameroon,2014,2.16,3.18,2.8,2.86,2.19,3.23,2.05,2.86,2.4,2.77,3.3,3.16,69.34,73.77,22.8,55.57,37.37,11.5,1.21,0.83,18.72,13.97,6.97,64.82,61.13
CAN_2014,Canada,2014,3.1,2.5,2.85,2.86,2.32,3.14,2.57,3.49,2.31,2.95,4.28,3.28,55.52,48.98,36.52,11.96,13.04,9.35,4.04,0.61,26.5,35.14,34.76,73.614,65.628
CHL_2014,Chile,2014,2.35,2.77,2.91,3.06,1.63,2.98,2.2,2.8,2.18,2.57,4.33,3.09,67,64.87,28.39,50.14,26.83,8.79,3.53,0.79,40.1,55.16,17.07,69.72,57.25
CHIN_2014,China,2014,2.59,3.07,2.76,2.54,1.77,2.81,2.48,2.69,3.81,2.64,4.19,2.89,31.88,32.97,39.5,19.33,15.53,11.59,1.37,0.84,13.65,19.63,5.11,64.43,69.43
COL_2014,Colombia,2014,2.37,2.75,2.41,2.95,2.14,2.97,2.17,2.79,2.7,2.55,3.38,2.97,65.74,57.41,30.7,47.01,18.55,4.86,1.55,0.64,57.16,36.12,15.42,72.91,65.68
CRI_2014,Costa Rica,2014,1.9,2.39,2.02,2.8,1.93,3.07,2.12,2.63,2.42,2.58,3.39,2.9,39,59.39,36.83,28.95,11.33,2.53,3.29,0.94,15.88,23.18,10.82,67.13,70.45
HRV_2014,Croatia,2014,2.32,2.15,1.55,2.27,1.68,2.35,2.04,2.9,3.37,2.08,3.67,2.02,18.43,45.91,30.3,19.5,7.97,3.61,0.62,0.42,33.88,20.14,30.64,59,61.33
DNK_2014,Denmark,2014,2.73,3.33,3.31,3.43,3.1,3.43,2.77,3.56,2.43,3.44,4.49,2.82,59.66,34.88,40.99,6.92,5.47,5.09,11.09,0.53,19.09,46.34,43.43,46.58,63.27
ECU_2014,Ecuador,2014,2.19,2.98,2.19,2.66,2.36,3.18,2.35,2.76,2.46,2.72,4.05,2.99,62.02,72.81,30.67,43.1,32.61,17.67,1.19,0.97,9.2,23.75,8.03,57.8495238,60.65809524
SLV_2014,El Salvador,2014,1.88,2.26,1.92,2.5,1.64,2.76,1.88,2.65,2.68,2.46,3.89,2.79,44.69,70.81,34.9,23.06,19.48,12.73,1.71,1.02,5.94,8.69,2.45,67.13,66.43
EST_2014,Estonia,2014,2.86,2.43,3.58,3.39,2.63,2.99,2.92,3.21,3.39,3.12,4.39,3.39,49.44,42.47,41.77,9.85,9.43,5.7,2.72,0.69,20.31,34.9,30.06,59.49,82.57
FIN_2014,Finland,2014,2.82,3.17,2.95,2.77,2.28,2.7,2.61,3.2,3.23,2.72,4.25,2.76,42.38,34.88,36.76,7.94,5.63,6.6,4.04,0.7,15.7,23.08,23.85,64.93,55.56
FRA_2014,France,2014,2.77,2.99,2.96,3.17,1.75,2.92,2.73,3.06,3.02,2.34,4.04,2.14,28.26,35.44,41.18,14.2,5.34,2.94,4.31,0.6,24.2,40.13,31.42,84.4,41.24
GEO_2014,Georgia,2014,2.15,2.94,3.95,2.37,2.35,2.91,1.83,3.1,2.61,2.92,4.02,3.19,36.58,37.54,34.78,15.58,7.22,7.28,0.64,0.8,18.47,21.58,4.28,70.43,59.05
DEU_2014,Germany,2014,2.84,2.93,2.87,3.46,2.13,2.81,2.75,3.34,2.84,2.81,3.82,2.65,37.59,36.4,39.95,5.93,5.27,5.15,2.32,0.61,20.04,24,37.3,75.92,65.99
GRC_2014,Greece,2014,2.11,2.07,1.74,1.95,1.5,2.31,2.26,3.05,3.42,2.12,3.53,2.47,19.91,45.54,61.58,9.53,7.85,12.84,0.88,0.59,8.87,23.91,14.43,79.1,51.66
GTM_2014,Guatemala,2014,2.04,1.91,2.1,1.87,1.73,3.06,2.09,2.89,2.41,2.53,3.83,2.44,45.38,64.17,33.03,35.79,20.39,7.36,0.96,0.69,5.03,29.61,7.61,66.42,58.42
HUN_2014,Hungary,2014,2.63,2.43,1.93,2.41,1.68,2.82,2.41,3.29,3.13,2.62,3.94,2.32,23.4,40.94,41.96,13.89,9.33,7.95,1.09,0.39,33.73,23.35,22.15,76.92,95.33
INDI_2014,India,2014,3.11,3,2.43,2.94,2.33,3.09,2.86,3.4,3.45,2.87,3.96,3.43,38.91,36.7,37.67,7.66,6.6,3.73,1.15,0.54,7.72,43.52,5.83,72.38,47.39
INDO_2014,Indonesia,2014,3.03,2.91,2.48,2.57,2.6,3.31,2.63,2.96,3.56,2.89,3.46,3.31,45.46,60.2,38.12,27.36,14.2,11.9,1.85,1.15,4.38,21.04,11.98,66.16,57.93
IRN_2014,Iran,2014,1.89,1.75,1.57,1.6,1.75,2.22,2.08,2.15,3.18,1.69,3.98,2.25,27.68,59.45,32.7,25.48,16.02,10.92,1.28,0.49,24.32,11.19,10.65,77.96,72.86
IRL_2014,Ireland,2014,2.87,3.24,2.64,3.26,2.09,2.95,2.82,3.29,2.59,3.13,3.71,2.95,33.36,47.24,39.33,7.16,6.53,9.91,1.64,0.48,32,36.86,34.39,75.61,52.26
ITA_2014,Italy,2014,2.55,2.4,1.5,2.08,1.68,2.33,2.18,2.83,3.5,2.61,2.92,2.22,26.57,31.31,49.1,11.4,4.42,4.27,2.84,0.55,12.43,21.21,22.61,76.88,49.39
JAM_2014,Jamaica,2014,2.24,2.2,1.99,2.34,2.07,3.03,1.97,2.86,2.9,2.22,3.43,2.96,57.05,81.23,22.04,35.33,19.27,14.44,1.04,0.82,9.79,13.9,3.17,72.09,65.05
JAP_2014,Japan,2014,3.01,3.12,2.56,2.8,1.64,2.82,3.15,2.44,3.92,2.85,4.47,2.58,7.27,12.23,54.51,2.52,3.83,7.18,3.63,0.25,27.08,25.27,25.02,84.05,83.5
KAZ_2014,Kazakhstan,2014,2.21,3.49,2.65,2.92,2.41,2.73,2.13,3.11,3.06,2.3,3.58,3.4,26.5,52.54,23.83,15.41,13.72,7.43,1.28,0.92,27.78,22.22,6.96,55.81,30.98
KSV_2014,Kosovo,2014,2.08,2.17,3.07,2.21,1.86,2.87,1.96,3.31,3.07,2.61,4.06,3.15,65.62,65.2,26.73,6.31,4.03,2.06,1.32,0.69,14.97,28.55,10.97,74.35,78.62
LVA_2014,Latvia,2014,2.55,2.6,2.5,2.75,2.51,3.17,2.33,3.74,2.27,2.78,4,2.85,34.765,48.465,40.11,22.465,13.68,9.215,2.745,0.565,34.035,28.925,21.305,55.47,44.4
LTU_2014,Lithuania,2014,3.19,2.39,2.46,2.72,2.37,3.07,2.61,3.9,3.38,2.66,4.19,3.09,31.66,33.44,44.77,19.65,11.32,7.84,2.23,0.42,28.73,29.55,16.81,76.18,68.28
LUX_2014,Luxembourg,2014,2.76,3.41,3.22,3.47,2.13,2.9,2.98,3.5,2.76,3.05,4.04,2.56,42.54,37.56,42.01,11.86,7.14,3.7,5.06,0.6,21.42,53.36,40.2,58.33,68.81
MYS_2014,Malaysia,2014,3.34,3.35,2.86,3.28,2.45,3.12,2.68,3.31,3.55,2.83,4.08,3.54,43.4,38.4,26.75,11.63,5.91,8.46,3.65,1.33,2.51,20.22,13.48,68.18,40.66
MEX_2014,Mexico,2014,2.2,2.27,1.87,2.69,2,3.12,2.44,2.64,2.81,2.21,3.29,2.99,48.87,53.48,29.61,17.4,18.99,4.48,2.23,0.93,9.4,18.15,3.95,49.95,50.37
NLD_2014,Netherlands,2014,2.81,2.59,3.13,3.15,2.85,3.17,2.88,3.68,2.85,3.4,4.82,3.58,45.55,44.26,34.79,9.29,9.46,9.59,4.01,0.63,14.32,26.37,29.77,50.76,53.22
NOR_2014,Norway,2014,2.58,2.49,3.18,3.18,2.48,2.56,2.78,3.42,2.59,2.64,4.43,2.86,63.45,30.54,37.56,4.99,5.65,5.35,19.5,0.55,12.39,18.58,36.28,67.77,79.11
PAN_2014,Panama,2014,1.99,2.11,2.95,2.52,1.67,2.78,2.35,2.68,2.36,2.53,4.01,2.75,43.26,54.38,14.63,19.67,17.06,3.44,2.29,0.9,5.56,8.19,6.43,83.47,58.16
PER_2014,Peru,2014,2.2,2.21,2.14,2.13,1.98,2.87,1.87,2.81,2.43,2.7,3.52,3.09,62.31,69.42,29.11,50.6,28.81,9.24,3.59,0.94,10.65,14.49,7.45,63.5391667,65.64027778
PHL_2014,Philippines,2014,2.57,2.42,2.11,2.43,2.89,3.28,2.07,2.92,3.09,2.53,3.12,3.05,45.89,66.15,37.68,42.84,18.38,6.16,1.14,1.31,5.94,27.18,1.12,81.38,82.43
POL_2014,Poland,2014,2.77,3.07,2.16,2.77,1.75,2.54,2.44,2.77,4.04,2.75,3.79,2.96,31.35,54.3,51.11,15.56,9.21,7.3,1.28,0.48,25.73,32.01,24.36,78.13,81.8
PRT_2014,Portugal,2014,2.73,2.57,2.01,3,2.04,3.04,2.76,3.34,2.4,2.75,4.43,2.55,22.87,46.59,38.38,15.81,9.97,7.58,1.8,0.72,18.69,26.93,22.21,56.45,63.28
PRI_2014,Puerto Rico,2014,1.96,2.42,1.78,2.56,1.66,3.07,2.28,2.84,2.61,2.3,3.25,2.76,25.08,48.84,24.01,12.45,10.04,1.27,2.49,0.81,7.62,40.07,10.55,62.94,62.23
QAT_2014,Qatar,2014,2.72,3.15,2.95,2.9,2.72,3.33,2.41,2.95,3.25,2.08,3.44,2.89,63.38,60.94,25.54,50.36,16.38,3.54,2.53,0.53,31.99,28.58,22.81,51.13,18.51
ROM_2014,Romania,2014,2.43,2.53,2.24,2.51,2.34,2.68,2.59,3.09,3.14,2.86,2.89,2.61,32.41,48.44,41.25,31.7,11.35,7.6,1.72,0.41,41.15,16.67,21.11,87.06,75.83
RUSS_2014,Russia,2014,2.27,2.36,2.27,2.4,2.31,3.1,2.37,3.25,3.14,2.55,3.47,2.74,26.5,27.83,39.49,3.53,4.69,3.95,1.07,0.64,21.72,14.54,14.36,75.22,73.64
SGP_2014,Singapore,2014,3.56,3.48,3.98,3.68,3.02,3.34,3.17,3.23,3.42,3.04,4.45,3.16,16.71,21.35,39.4,9.44,10.96,2.88,6.21,0.48,35.77,20.47,22.79,65.93,67.12
SVK_2014,Slovakia,2014,2.73,2.28,2.16,2.26,2.21,2.98,2.13,3.07,2.63,2.84,3.94,2.4,23.5,54.4,35.96,15.14,10.9,7.8,1.59,0.52,31.19,33.95,25.25,62.91,51.73
SVN_2014,Slovenia,2014,2.33,2.13,1.92,2.43,1.77,2.34,2.29,2.71,3.04,2.56,3.56,2.06,17.25,48.6,29,11.36,6.33,4.76,1.76,0.51,19.55,39.51,33.44,58.05,45.42
ZAF_2014,South Africa,2014,3.02,3.02,2.13,2.33,1.83,2.61,2.19,2.64,2.94,2.27,3.06,2.52,37,37.65,25.37,10.05,6.97,2.68,1.26,0.81,25.67,32.46,11.55,72.31,53.39
ESP_2014,Spain,2014,2.14,2.5,2.4,2.88,1.84,2.61,2.45,3.03,2.87,2.47,3.64,2.64,22.61,48.13,38.03,7.09,5.47,7.03,1.12,0.72,15.7,26.88,28.66,72.92,69.58
SUR_2014,Suriname,2014,2.3,2.69,2.36,2.42,2.11,3.53,2.01,3.15,3,2.98,3.01,2.96,41.03,77.36,16.1,4.55,2.1,5.17,7.34,0.58,5.08,5.08,3.95,48.99,53.94
SWE_2014,Sweden,2014,2.63,2.74,2.53,3,2.55,2.75,2.65,3.28,3.13,2.8,4.25,3.07,70.07,36.65,36.53,8.47,6.71,6.46,7.1,0.4,19.12,36.62,46.84,67.18,66.75
CHE_2014,Switzerland,2014,3.23,3.08,3.7,3.48,2.56,3.42,3.57,3.51,2.34,2.97,4.45,3.4,43.67,41.59,28.98,7.07,7.12,9.1,4.05,1.02,16.44,27.12,31.76,70.9,51.58
TWN_2014,Taiwan,2014,2.98,2.71,2.91,2.73,2.19,2.77,2.68,2.65,3.86,2.78,3.9,3.26,33.47,29,37.39,25.56,8.49,12.19,4.98,0.67,43.78,26.99,18.56,65.81,42.3
THA_2014,Thailand,2014,2.51,2.52,2.61,2.11,1.94,2.79,2.13,3.22,3.6,2.37,3.72,2.85,47.35,50.12,42.44,21.75,23.3,33.06,4,0.9,6.66,24.51,5.72,62.57,75.22
TTO_2014,Trinidad and Tobago,2014,2.66,1.81,2.38,2.34,1.83,2.51,1.95,2.94,2.29,2.34,3.76,2.85,58.62,75.23,16.79,33.91,14.62,8.48,5.35,0.82,27.47,15.96,10.21,71.11,73.6
TUR_2014,Turkey,2014,2.41,2.69,1.99,2.32,2.04,2.88,2.59,2.85,3.56,2.35,3.66,3.07,41.00191697,52.10119658,28.44432234,23.32362637,11.93518926,8.208272283,1.711472527,0.4021611722,42.37885836,29.8561978,13.71144689,76.07678266,82.17161783
UGA_2014,Uganda,2014,2.32,2.74,2.2,2.54,2.42,3.11,2.21,3.09,3.53,2.84,3.34,3.39,76.91,84.86,12.55,60.19,35.53,35.94,2.87,1.1,6.22,7.56,1.65,69.5,79.47
GBR_2014,United Kingdom,2014,2.77,2.9,2.33,2.62,2.44,3.02,2.2,2.95,3.28,2.73,3.54,2.83,40.99,46.44,36.84,6.88,10.66,6.5,4.09,0.55,21.33,21.45,27.19,83.695,79.675
US_2014,United States,2014,2.99,2.69,2.33,2.61,2.21,2.87,2.64,3.12,3.3,2.67,3.98,3.75,50.85,53.34,29.66,12.08,13.81,6.95,4.96,0.68,34.21,36.71,35.53,74.99,60.3
URY_2014,Uruguay,2014,2.21,2.22,2.78,2.89,1.41,3.43,2.49,3.02,2.09,2.4,3.79,2.11,45.56,63.12,26.71,24.82,16.08,6.74,1.71,0.69,32.91,34.3,11.64,76.87,64.73
VNM_2014,Vietnam,2014,2.37,2.93,2.46,2.35,1.83,2.64,2.3,2.93,3.71,2.43,3.75,3.13,39.36,58.2,50.13,18.2,15.3,22.15,1.79,1.02,7.52,14.38,5.14,56.72,62.13
ARG_2015,Argentina,2015,1.9,1.84,1.35,2.19,1.87,2.84,2.29,2.81,3.33,2.27,3.48,2.94,45.88,61.62,25.8,29.14,17.74,9.49,1.7,0.79,18.8,22.18,18.6,52.91,62.06
AUS_2015,Australia,2015,2.38,2.24,2.52,2.53,2.23,2.53,2.21,3.06,2.9,2.81,3.84,2.86,48.87,48.21,41.67,14.39,12.79,8.72,5.19,0.65,29.1,31.67,25.3,70.05,56.38
BRB_2015,Barbados,2015,1.83,2.33,1.57,2.13,1.68,2.76,1.69,2.83,2.67,2.12,3.67,2.55,54.97,75.03,14.74,21.61,21.05,14.09,3.71,0.88,11.8,13.68,10.6,69.78,69.55
BEL_2015,Belgium,2015,3.17,3.96,1.95,2.86,1.95,3.24,2.74,3.76,2.91,3.09,3.88,2.5,40.26,31.89,48.48,10.85,6.24,3.75,1.61,0.66,19.5,39.72,27.5,54.51,54.18
BWA_2015,Botswana,2015,2.43,2.46,2.45,2.45,2.52,3,2.34,2.5,2.99,2.08,2.97,2.8,57.81,74.11,18.86,61.85,33.23,4.6,1.41,0.82,31.7,20.27,10.6,82.01,70.12
BRAZ_2015,Brazil,2015,2.36,2.2,1.53,2.07,1.42,2.33,1.79,2.52,3.04,2.09,2.88,2.38,42.38,58.27,44.74,24.37,20.98,18.89,1.11,0.94,6.8,19.69,5.9,80.08,77.66
BGR_2015,Bulgaria,2015,2.67,1.78,2.88,2.07,1.53,2.49,2.2,3.13,2.13,2.36,3.95,2.11,15.84,35.17,33.28,5.34,3.46,5.44,0.87,0.72,7.3,8.62,8.7,71.51,57.53
BFA_2015,Burkina Faso,2015,2.2,2.34,2.83,2.46,1.3,2.73,1.84,2.94,2.61,2.3,2.85,2.81,58.1,78.05,17.89,45.87,29.75,27.78,1.36,0.79,13,11.63,0.3,83.38,73.79
CMR_2015,Cameroon,2015,2.18,2.76,2.35,2.67,1.92,2.77,2.23,3.07,2.49,2.42,3.01,2.82,60.75,73.09,23.9,33.09,25.37,12.85,1.26,0.87,13.3,14.8,5.4,64.82,61.13
CAN_2015,Canada,2015,3.14,2.82,3.16,3,2.51,3.19,2.58,3.79,2.26,2.97,4.14,3.52,53.19,50.49,39.47,11.64,14.72,8.85,4.14,0.84,24.2,36.13,21,73.732,65.354
CHL_2015,Chile,2015,2.16,2.83,3.21,3.29,1.52,2.96,2.09,2.81,2.04,2.33,4.39,3.1,57.35,65.72,28.06,50.03,25.93,8.16,2.42,0.74,33.6,54.4,18.7,64.89,69.65
CHIN_2015,China,2015,2.93,3.55,2.68,2.63,1.64,3.05,2.47,2.63,4.35,2.54,4.16,2.98,31.71,27.42,39.96,19.52,12.84,3.12,1.12,0.67,35,25.82,8.1,77.62,65.94
COL_2015,Colombia,2015,1.92,2.31,2.1,2.62,1.77,3.21,2.06,2.49,2.42,2.5,3.63,3.12,58.26,59.47,33.2,48.22,22.67,5.17,1.7,0.68,54.3,29.7,20.6,69.84,72.28
HRV_2015,Croatia,2015,2.04,1.82,1.35,1.97,1.32,2.14,1.77,2.6,3.64,1.84,3.82,1.62,22.3,47.52,34.42,17.21,7.69,2.81,1.02,0.59,30.4,16.95,22.5,42.34,61.46
ECU_2015,Ecuador,2015,2.09,2.83,2.04,2.64,2.34,3.75,2.24,2.95,2.3,2.53,4.44,3.47,52.71,72.25,28.62,46.32,33.56,17.4,1.13,0.95,9.3,27.78,5.9,67.12,61.63
EGY_2015,Egypt,2015,2.14,2.02,1.9,2.03,1.16,1.83,1.78,2.53,3.06,2.29,3.81,2.29,46.07,41.52,29.5,36.75,7.39,2.9,0.79,0.33,25.7,22.28,2.4,79.57,73.56
EST_2015,Estonia,2015,2.94,2.33,2.98,2.93,2.56,2.91,2.72,3.11,3.2,3.06,4.39,3.45,51.43,44.02,39.3,16.68,13.14,7.74,4.17,0.58,30,39.54,25.9,62.61,53.44
FIN_2015,Finland,2015,2.59,3.2,2.93,2.76,2.28,2.55,2.38,3.42,3.28,2.8,4.45,2.69,48.62,37.39,32.62,10.86,6.59,10.21,4.19,0.47,18.2,19.69,31.4,84.89,33.17
DEU_2015,Germany,2015,2.59,2.54,2.34,3.37,1.65,2.49,2.38,3.53,2.69,3.05,3.81,2.53,38.27,36.19,42.29,7.18,4.7,4.82,3.75,0.54,21,34.24,24.8,75.7,50.77
GRC_2015,Greece,2015,1.84,1.85,1.55,1.75,1.68,2.78,2.32,2.71,3.02,1.89,3.67,2.14,14.19,46.78,46.86,8.29,6.75,13.09,1.54,0.79,4.3,23.96,19.4,67.79,60.93
GTM_2015,Guatemala,2015,1.75,1.69,2.02,1.98,1.34,2.76,1.7,2.49,1.94,2,3.6,2.62,47.89,59.98,31.02,36.85,17.71,8.08,0.89,0.63,11.9,37.07,6.8,79.79,95.62
HUN_2015,Hungary,2015,2.4,1.66,1.57,2.01,1.55,2.62,2.17,2.65,3.27,2.37,3.65,2.04,25.34,38.67,41.82,14.75,7.92,6.49,2.18,0.53,31.4,18.62,11.9,68.39,48.35
INDI_2015,India,2015,3.43,3.31,2.42,2.72,2.47,3.07,2.58,2.97,3.38,2.86,3.65,3.27,37.79,37.84,44.01,9.15,10.83,5.5,1.81,0.58,3.5,51.08,1.3,46.65,39.33
INDO_2015,Indonesia,2015,2.91,3.04,2.7,2.86,2.67,3.55,2.92,2.85,3.76,2.7,3.19,3.43,49.91,65.29,39.49,27.47,17.67,17.15,1.92,1.01,3.1,17.27,4.3,81.45,74.38
IRN_2015,Iran,2015,2,2.27,1.99,1.35,1.68,1.98,1.78,1.75,3.56,1.82,3.93,2.19,40.31,61.99,38.1,34.96,12.93,14.04,1.68,0.48,20.6,12.1,13.5,82.3,56.27
IRL_2015,Ireland,2015,3.22,3.01,2.89,3.56,2.2,2.98,2.82,3.66,2.31,3.11,4.06,3.28,39.35,45.02,40.87,14.57,9.33,5.6,1.99,0.44,33,44.79,29.6,80.27,52.62
ISR_2015,Israel,2015,3.07,2.21,1.68,2.4,1.83,2.59,2.7,3.33,2.4,2.14,3.82,4.4,55.5,41.56,47.76,21.59,11.82,3.9,3.29,0.65,23.6,30.78,32.9,86.24,64.48
ITA_2015,Italy,2015,2.4,1.93,1.52,2.02,1.77,2.54,2.38,2.57,2.6,2.46,3.04,2.16,25.66,30.54,57.46,8.15,4.87,4.51,1.61,0.43,5,27.98,19.3,68.99,60.92
JAP_2015,Japan,2015,2.54,3.05,2.3,2.47,1.48,2.58,2.7,2.12,3.79,2.56,4.08,2.35,7.34,11.5,47.86,3.095,4.255,6.76,3.49,0.345,27.75,24.975,28.84,68.005,53.885
KAZ_2015,Kazakhstan,2015,2.22,3.17,2.73,2.65,2.23,2.6,1.98,2.9,3.53,2.51,3.46,2.97,48.72,52.06,75.42,17.49,11,2.39,0.87,0.84,34.4,18.35,9.7,83.9,76.91
LVA_2015,Latvia,2015,2.72,2.24,2.33,2.78,2.38,3.23,2.13,3.64,2.89,2.75,3.94,2.87,34.73,49.08,38.6,22.24,14.11,9.59,3.01,0.52,31.4,26.32,19.5,58.18,57.5
LUX_2015,Luxembourg,2015,2.44,3.15,3.28,3.59,2.15,3.24,3.23,3.6,2.37,3.28,4.06,2.48,48.18,43.96,42.58,13.48,10.19,3.28,5.6,0.75,11.3,48.47,36.1,68.81,44.06
MYS_2015,Malaysia,2015,3.44,3.13,3.1,3.41,2.49,3.16,2.94,3.43,3.64,2.82,4.24,3.5,28.24,27.83,27.13,5.61,2.93,4.78,4.9,1.05,8.6,10.4,13.7,50.98,39.28
MEX_2015,Mexico,2015,2.47,2.83,2.29,3.02,1.61,3.33,2.46,2.83,3.25,2.18,3.76,3.03,44.73,45.81,36.44,13.69,21.01,6.86,2.94,0.83,10.1,18.31,4.1,52.02,49.31
MAR_2015,Morocco,2015,2.56,2.22,2.22,2.33,1.21,2.01,1.91,3.04,2.88,2.25,4.14,2.23,34.25,47.56,41.08,30.18,4.44,5.16,1.52,0.47,16.5,12.58,3.2,54.57,70.63
NLD_2015,Netherlands,2015,3.43,3.23,3.47,3.5,2.96,3.39,3.13,3.53,2.95,3.65,4.41,3.48,48.36,40.55,33.17,9.43,7.21,9.87,4.45,0.32,21,26.39,33.9,64.55,79.2
MKD_2015,North Macedonia,2015,2.39,2.46,2.79,2.71,2.19,2.92,2.44,3.1,3.44,2.24,3.83,2.5,37.77,54.44,34.33,23.32,6.11,5.91,0.51,0.41,22.2,17.03,11.4,57.07,67.1
NOR_2015,Norway,2015,2.53,2.27,2.6,2.63,2.41,2.52,2.55,3.27,3.14,2.54,4.05,2.83,68.93,30.76,33.41,4.78,5.66,6.53,6.26,0.51,15.8,13.97,36.5,66.8546667,73.00666667
PAN_2015,Panama,2015,2.04,1.74,3.32,2.28,1.32,2.25,2.05,2.68,2.54,2.62,4.22,3.12,46.51,49.42,23.07,13.94,12.8,4.2,0.86,0.9,2,28.13,5.1,71.585,60.68
PER_2015,Peru,2015,1.89,1.94,1.93,2.23,1.79,3.01,1.9,2.2,2.32,2.29,3.4,2.94,51.36,65.31,25.53,38.56,22.22,6.61,2.12,1.03,16,15.86,6.8,64.0858333,65.80472222
PHL_2015,Philippines,2015,3.09,2.39,1.86,2.22,3.02,3.83,2.45,3.1,3.67,2.5,3.28,3.42,53.77,68.99,36.45,37.11,17.16,7.25,1.62,1.31,10.2,31.84,2.7,69.74,72.27
POL_2015,Poland,2015,2.86,2.76,2.11,2.79,1.53,2.32,2.15,2.7,3.8,2.73,4.07,2.64,32.89,55.92,47.8,19.97,9.21,5.92,1.65,0.48,26.1,22.44,24.5,76.15,74.63
PRT_2015,Portugal,2015,2.73,2.91,3.52,2.78,3.43,2.79,3.18,2.72,3.4,3.04,2.1,3.18,28.07,48.85,40.8,16.17,9.49,7,1.46,0.54,17.1,27.21,18.5,55.69,60.45
PRI_2015,Puerto Rico,2015,2.04,2.53,1.51,2.07,1.37,2.54,1.8,2.83,2.63,2.24,3.34,2.31,25.05,50.37,17.73,11.12,8.48,1.41,1.65,0.72,9.8,24.29,5.6,62.93,63.43
ROM_2015,Romania,2015,1.97,2.09,2.06,2.18,2.35,2.73,2.16,3.64,2.5,2.38,2.9,2.41,33.31,46.33,40.49,29.01,10.83,7.47,1.21,0.53,39.8,30,17.6,47.57,16.73
SEN_2015,Senegal,2015,2.23,2.53,2.97,2.54,1.32,2.44,1.55,3.18,2.1,2.4,3.81,2.37,69.91,89.05,15.91,66.64,38.55,18.82,1.92,0.91,22.7,8.21,3.5,75.07,72.42
SVK_2015,Slovakia,2015,2.56,2.27,2.08,2.25,1.98,2.45,1.94,3.28,2.44,2.59,4.13,2.01,26.44,52.38,33.65,15.69,9.64,5.69,1.65,0.5,28.5,20.73,32.6,61.505,51.165
SVN_2015,Slovenia,2015,2.55,2.45,1.93,2.75,1.72,2.38,2.29,2.82,3.13,2.31,3.83,2.08,20.54,48.61,32.39,9.11,5.91,4.21,1.9,0.39,20.5,30.71,19.6,64.23,50.76
ZAF_2015,South Africa,2015,2.47,2.53,2.01,1.86,1.9,2.56,2.1,2.91,2.65,2.43,3.52,2.08,40.91,45.44,30.32,10.93,9.19,3.41,1.13,0.6,25.7,30.13,8.9,70.03,53.69
KOR_2015,South Korea,2015,2.32,3.48,2.74,2.97,1.71,2.38,2.13,2.37,4.31,1.96,4.13,2.93,14.39,27.41,38.11,6.62,9.25,6.96,2.55,0.72,15.6,31.34,15.7,76.14,73.79
ESP_2015,Spain,2015,2.4,2.45,2.32,2.89,2.09,2.58,2.36,2.68,2.68,2.58,3.06,2.63,25.97,45.26,39.15,5.59,5.7,7.7,1.8,0.79,8.7,23.91,29.3,53.52,37.97
SWE_2015,Sweden,2015,2.81,2.43,2.38,2.78,2.34,2.36,2.45,3.06,3.49,2.69,4.38,3.03,70.22,36.7,36.45,8.44,7.16,5.2,5.71,0.51,16.1,32.74,30.8,48.38,53.17
CHE_2015,Switzerland,2015,3.14,3.44,3.49,3.59,2.96,3.71,3.73,3.72,2.7,3.38,4.63,3.52,41.79,44,33.8,7.04,7.31,11.33,6.53,0.54,19.3,38.47,31.9,69.81,52.66
TWN_2015,Taiwan,2015,2.85,2.7,2.74,2.51,1.89,2.61,2.47,2.67,3.53,2.54,4.31,2.87,30.22,25.43,43.79,26.09,7.3,9.61,3.78,0.5,41.8,16.65,15.1,66.51,39.99
THA_2015,Thailand,2015,2.52,2.48,2.48,2.3,2.18,2.68,2.41,2.93,3.81,2.48,3.83,3.35,41,46.22,46.62,16.73,13.74,24.61,4.42,1.16,8.8,19.02,4.2,62.65,74
TUN_2015,Tunisia,2015,2.58,2.38,1.67,2.18,1.15,2.01,1.69,3.49,4.17,1.72,4.03,2.42,48.79,59.93,40.25,28.8,10.13,5.02,3.56,0.36,40.1,32.17,15.3,69.39,71.5
TUR_2015,Turkey,2015,2.29,2.64,2.14,2.48,1.46,3.06,2.53,3.07,3.35,2.37,3.78,3.12,42.03398657,52.51401709,28.72481685,24.39043956,12.86833944,8.266852869,1.747208791,0.4149084249,43.80106532,30.1772967,13.523837,75.50572955,82.0729823
GBR_2015,United Kingdom,2015,3.25,2.8,2.54,2.71,2.41,3.11,2.53,3.04,3.06,2.82,3.59,3.26,41.55,43.57,34.93,8.16,6.93,5.26,2.14,0.53,19,36.01,34.5,72.1,71.1
US_2015,United States,2015,3.22,2.62,2.81,2.47,2.15,2.7,2.54,3.22,3.39,2.65,4.18,4.02,46.63,55.71,29.36,12.35,11.88,7.33,4.82,0.63,31.7,36.01,31.2,79.24,57.85
URY_2015,Uruguay,2015,2.28,2.09,2.3,3.06,1.36,2.81,2.5,3.05,1.99,2.5,3.68,2.13,39.18,61.04,24.43,25.44,14.28,2.09,2.95,0.45,25.9,27.02,17.8,56.6101307,57.5013205
VNM_2015,Vietnam,2015,2.12,2.62,2.78,2.14,1.57,2.53,2.33,2.77,3.59,2.51,4.07,3.23,56.8,56.83,45.57,22.26,13.65,19.55,1.55,1.34,9.5,16.48,3.3,56.75,58.81
ARG_2016,Argentina,2016,1.74,3.3,1.34,2.91,1.77,3.12,2.38,2.67,3.26,2.14,3.17,3.08,44.29,61.16,25.77,27.96,14.51,7.9,1.6,0.82,23,24.9,16.6,50.4,61.7
AUS_2016,Australia,2016,2.75,2.74,2.66,2.57,2.05,2.23,2.26,3.05,2.89,3.02,4,2.71,49.28,52.34,42.87,12.34,14.56,11.3,3.9,0.65,23.8,35.9,27.4,71.5,54.2
AUT_2016,Austria,2016,2.81,2.56,2.23,3.75,1.38,2.9,2.77,3.49,2.6,3.23,4.53,2.27,42.24,49.6,37.05,10.39,9.63,8.8,3,0.72,13,35,38.39,71.195,51.75
BLZ_2016,Belize,2016,1.7,2.47,2.06,2.41,2.13,2.33,1.43,2.48,2.5,2.47,3.5,2.49,71.77,84.65,26.07,42.87,28.83,5.3,6.2,0.9,24.9,48.2,16.47,71.3,65.6
BRAZ_2016,Brazil,2016,2.65,2.11,1.49,2.06,1.42,2.42,1.84,2.7,3.42,2.23,2.8,2.34,40.23,53.57,36.14,27.67,19.56,16.9,1,1.04,4.4,12.4,4.96,78.06569903,76.77798058
BGR_2016,Bulgaria,2016,2.64,1.67,2.87,1.92,1.64,2.3,1.94,3.04,2.91,2.27,4.08,2.18,21.04,39.67,25.06,7.09,4.84,6.2,1.1,0.8,13.4,17.5,14.42,66.9,52.9
BFA_2016,Burkina Faso,2016,1.8,3.05,3.21,2.85,1.46,2.93,1.66,2.6,2.72,2.11,2.95,3,61.88,76.72,17.88,63.67,33.53,28,1.4,0.8,16.3,22.5,0.96,90.6,80.6
CMR_2016,Cameroon,2016,2.43,2.75,2.44,2.78,1.98,3.21,2.33,3.05,2.84,2.53,3.19,3.08,63.8,75.76,23.02,34.38,27.56,15.2,1,0.92,15.3,15.9,5.92,69.2,57.3
CAN_2016,Canada,2016,2.68,2.82,2.7,2.88,2.04,2.82,2.6,3.39,3.03,2.41,3.96,3.18,58.97,54.07,39.01,14.04,16.72,6.8,3.4,0.66,15.9,40.9,30.9,73.5,65.5
CHL_2016,Chile,2016,2.14,2.6,2.86,3.05,1.48,2.94,2.41,3,2.25,2.4,4.41,3.03,50.38,61.21,26.06,44.66,24.18,8,2.8,0.69,34.2,57,19.88,63.8,65.6
CHIN_2016,China,2016,3.32,3.14,2.89,2.66,2.04,3.17,2.49,2.58,4.24,2.66,4.33,3.47,37.33,29.82,49.08,21.3,10.29,7.5,1.5,0.73,26.7,28.8,12.46,77.8,70.3
COL_2016,Colombia,2016,2.22,2.56,2.23,2.77,1.78,3.26,2.15,2.54,2.78,2.34,3.6,3.43,51.4,67.92,20.95,49.56,27.35,8.9,4.2,0.82,37.9,16.5,9.78,76.2,67.2
HRV_2016,Croatia,2016,2.3,1.73,1.48,2.14,1.61,2.33,1.7,2.56,3.29,1.95,3.77,1.82,24.55,50.15,35.79,18.17,8.41,4.2,1.3,0.5,30.4,23.3,20.91,45.6,62.2
CYP_2016,Cyprus,2016,2.02,2.29,2.46,2.01,1.75,2.79,2.18,3.06,2.74,2.6,3.66,2.4,35.87,52.38,50.17,16.73,11.96,8.2,2,0.43,20.9,36.7,22,65.7,72.7
ECU_2016,Ecuador,2016,1.75,2.04,1.74,2.02,1.88,3.27,2,2.77,2.75,2.52,4.02,3.19,45.47,71.33,25.85,36.71,31.83,14.3,1.2,0.9,6.3,16.4,6.54,61.1,59.5
EGY_2016,Egypt,2016,2.34,2.17,1.96,2.02,1.2,1.82,1.68,2.31,3.05,2.39,3.91,2.42,53.5,46.41,27.63,63.76,14.3,6.1,1,0.36,25.4,22.9,6.68,87.1,83.4
SLV_2016,El Salvador,2016,1.75,1.82,2.06,2.1,1.41,2.88,2.01,2.85,2.5,2.77,4.28,2.84,38.92,70.57,30.76,33.35,14.26,11.5,1.3,0.91,19.8,14.9,5.52,52.6,71.5
EST_2016,Estonia,2016,2.93,3.01,3.77,3.18,2.76,3.29,2.85,3.42,2.93,3.4,4.68,3.78,52.29,43.65,41.15,16.41,16.16,7.8,3.3,0.56,27,34.5,29.5,63.6,53.2
FIN_2016,Finland,2016,3.13,3.26,3.18,2.86,2.36,3,2.77,3.35,2.82,3.04,4.58,2.73,49.11,35.82,37.55,10.43,6.71,7.3,9.7,0.72,17.7,29.4,27.4,83,40.3
FRA_2016,France,2016,2.67,3.57,3.25,3.32,1.7,3.24,3.01,3.14,2.82,2.47,4.38,2.25,28.58,36.32,40.26,15.69,5.32,4.3,6.3,0.47,21.2,33.9,31.38,69,57.1
GEO_2016,Georgia,2016,2.43,3.32,3.87,3.22,2.19,2.95,2.07,2.83,3.21,3.01,4.19,3.37,29.51,41.63,26.54,12.78,8.58,8.6,0.7,0.6,20.6,20.1,7.99,79.7,71.4
DEU_2016,Germany,2016,2.94,2.37,2.48,3.43,1.7,2.59,2.49,3.34,3.13,3.08,3.76,2.59,37.56,37.41,41.04,6.23,4.56,7,2.7,0.52,21.5,24.7,25,78.9,51.8
GRC_2016,Greece,2016,2.15,1.78,1.49,1.77,1.84,2.62,2.49,2.79,3.38,2.49,3.77,2.25,12.95,41.71,52.74,8.11,5.7,14.1,1.1,0.73,9.7,24.8,17.58,65.9,63.6
GTM_2016,Guatemala,2016,1.73,1.84,2.18,1.86,1.82,3.28,2.05,3.02,2.36,2.22,3.73,3.06,48.23,61.56,34.11,36.96,20.07,9.1,1.1,0.68,6.3,39.1,3.41,78.3,95.2
HKG_2016,Hong Kong,2016,2.92,3.24,4.18,3.15,1.82,2.81,2.45,3.14,2.99,2.78,4.8,2.87,56.76,32.38,37.3,16.28,9.44,6.1,4.4,0.5,34.6,27,18.39,63.4,55.4
HUN_2016,Hungary,2016,2.7,1.86,1.78,2.07,1.46,2.59,2.28,2.93,3.11,2.5,4.03,2.06,30.11,38.4,43.17,15.11,7.94,5.5,2.6,0.46,35.8,20.4,27.13,71,52.8
INDI_2016,India,2016,3.43,3.34,2.61,2.82,2.4,3.01,2.87,3.11,3.76,2.98,3.89,3.11,44.34,43.99,37.53,14.88,10.59,4.6,1.2,0.56,5.2,28,7,46.7,44.4
INDO_2016,Indonesia,2016,2.77,2.77,2.27,2.46,2.48,3.45,2.49,2.4,3.99,2.35,3.14,3.24,43.14,55.07,38.84,23.17,14.08,15.3,2.3,1.24,2.4,17.7,9.13,79.3,69
IRN_2016,Iran,2016,1.75,2,1.62,1.36,1.46,1.83,1.81,1.85,3,1.63,3.79,2.1,34.44,59.29,43.77,45.32,12.79,11.6,1.5,0.54,28.7,17.5,19.27,80.5,52.4
IRL_2016,Ireland,2016,2.85,2.78,2.83,3.37,2.18,2.7,2.78,3.06,2.47,2.9,3.31,3.02,45.23,44.88,39.62,12.89,10.88,4.4,3.2,0.5,36.7,40,25.23,83.1,56.3
ISR_2016,Israel,2016,2.73,2.1,1.97,2.37,1.92,2.91,2.63,3.13,2.42,2.12,3.69,4.29,53.69,41.1,48.65,20.61,11.31,4,2.6,0.71,22.1,30.4,37.37,85.5,64.2
ITA_2016,Italy,2016,2.57,2.06,1.78,1.94,1.85,2.91,2.43,2.6,2.69,2.47,3.07,2.38,28.62,31.18,49.36,10.06,4.42,5.2,3.7,0.59,18.4,26.9,26.64,69.7,63.3
JAM_2016,Jamaica,2016,2.68,2.36,1.82,2.43,2.05,3,1.74,2.82,2.72,2.16,3.58,3.63,64.38,83.54,24.53,37.9,9.85,8.2,0.8,0.81,0.5,20.1,3.66,84.5,85.2
JOR_2016,Jordan,2016,2.44,2.13,2.1,2.22,1.47,1.85,2.28,2.86,3.11,2.27,3.8,2.52,30.52,48.36,44.34,16.39,8.2,2.7,1.9,0.26,10,23.9,3.13,82.3,73.5
KAZ_2016,Kazakhstan,2016,2.9,3.11,2.66,2.81,1.94,2.59,1.95,3.15,2.8,2.46,3.57,3.05,44.16,50.01,30.51,16.77,10.15,2.4,0.8,0.87,33.1,19.6,11.36,82,74.3
LVA_2016,Latvia,2016,2.76,2.37,1.97,2.46,2.29,2.89,2.2,3.68,2.81,2.49,4.22,2.75,31.9,49.89,41.11,18.94,14.19,9.5,4,0.51,31.3,29.4,12.8,57.8,55.2
LUX_2016,Luxembourg,2016,2.31,3,2.86,3.48,1.96,3.12,3.07,3.48,2.33,3.13,4.08,2.44,49.79,40.83,45.77,11.92,9.19,3.2,4.8,0.56,21.7,44.5,32.83,69.6,42.1
MYS_2016,Malaysia,2016,3.2,2.98,2.57,2.99,2.44,3.11,2.77,3.11,3.89,2.78,3.89,3.19,25.43,28.34,36.68,4.86,4.7,4.7,3.7,0.92,8.2,3.5,6.05,50.3,44.1
MEX_2016,Mexico,2016,2.44,2.57,2.35,2.94,1.97,3.2,2.5,2.83,2.8,2.51,3.88,3.12,40.555,47.94,32.42,13.445,17.575,4.13,2.54,0.735,10.435,25.01,5.115,52.18,49.99
MAR_2016,Morocco,2016,2.18,2.55,2.52,2.22,1.33,2.41,1.71,2.84,2.74,2.06,3.98,2.47,44.98,56.06,32.85,36.23,5.56,7.5,1.8,0.67,17.7,14.5,3.42,58.7,79.3
NLD_2016,Netherlands,2016,3.29,3.19,3.38,3.4,3.28,3.57,3.18,3.49,3.46,3.67,4.69,3.77,54.25,41.18,37.93,7.4,11,10.2,3.2,0.65,17.2,29.5,27.91,60.2,77.9
MKD_2016,North Macedonia,2016,2.21,2.1,2.68,2.37,2.32,2.66,2.11,3.1,3.37,2.14,3.68,2.26,38.36,54.5,34.44,24.85,6.53,7.2,0.7,0.4,19,15.5,10.23,58.5,64.8
PAN_2016,Panama,2016,1.89,2.09,2.98,2.39,1.3,2.56,2.1,2.53,2.37,2.49,4.21,3.11,42.44,47.96,27.42,9.68,13.2,4.4,3.9,0.87,7.1,23.7,7.02,59.7,63.2
PER_2016,Peru,2016,2.31,2.11,1.93,2.43,1.93,2.93,1.96,2.22,2.59,2.4,3.5,2.98,56.56,68.99,30.51,43.47,25.14,6.1,5.4,0.91,24.9,14.9,8.84,70.8,68.1
POL_2016,Poland,2016,2.85,2.6,1.98,2.43,1.64,2.05,2.21,2.73,3.75,2.69,4.19,2.37,39.48,60.22,47.55,20.83,10.66,7.1,2,0.61,28.3,27.7,33.33,56.2,61.9
PRT_2016,Portugal,2016,2.95,2.85,1.77,3.07,2.1,3.1,2.76,3.27,2.17,2.45,4.41,2.47,29.53,42.35,38.12,13.26,8.15,7.1,2.7,0.59,21,21,18.67,63.4,68.8
PRI_2016,Puerto Rico,2016,2.17,2.3,1.77,2.2,1.79,2.85,2.11,2.81,2.6,1.96,3.07,2.54,25.15,47.94,20.07,19.39,10.32,1.6,1.3,0.58,20.3,19.9,15.44,50.5,21.5
QAT_2016,Qatar,2016,2.67,3.25,2.84,3.23,2.7,3.46,2.62,3.08,2.65,2.36,3.87,3.23,48.37,50.59,35.37,38.94,7.85,3,6,0.84,51.5,22.8,29.03,80.4,71.2
RUSS_2016,Russia,2016,1.96,2.05,1.91,1.85,1.89,2.86,1.68,2.94,3.48,2,3.35,2.02,17.88,28.42,44.8,2.12,6.27,5.3,1.3,0.83,18.7,5.4,8.52,65.6,63.4
SAU_2016,Saudi Arabia,2016,2.39,2.41,2.48,2.12,1.44,2.26,1.85,2.37,2.9,2.38,3.99,2.72,81.53,70.68,39.43,23.88,11.44,2.3,5.4,0.75,5.3,12.9,4.81,78.7,81.3
SVK_2016,Slovakia,2016,2.91,1.77,1.92,2.06,2.06,2.77,1.96,2.9,2.63,2.45,4.04,2.21,23.03,44.03,39.66,8.04,9.45,6.1,1,0.67,22.2,25.9,24.86,60.1,50.6
SVN_2016,Slovenia,2016,2.39,2.45,1.89,2.59,1.71,2.61,2.3,3.05,3.17,2.49,4.15,1.98,25.34,51.8,33.78,11.38,8.02,6.7,2.7,0.47,26.4,33.2,27.81,69,56.8
ZAF_2016,South Africa,2016,2.55,2.86,1.78,1.89,1.83,2.37,1.98,3.03,3.11,2.08,3.45,2.46,35.03,37.87,31.18,10.06,6.91,2.5,1.8,0.74,27.6,22,14.57,78.1,72.6
KOR_2016,South Korea,2016,2.45,3.56,2.79,3.21,1.99,2.42,2.54,2.6,4.24,2.3,3.97,2.97,35.32,45.09,31.54,27.47,6.69,6.6,2.7,0.66,21.6,32.8,18.7,60.2,45.3
ESP_2016,Spain,2016,2.37,1.9,2,3.09,1.74,2.15,2.69,3.25,2.73,2.83,3.48,2.71,25.56,46.69,38.91,5.11,5.23,6.2,1.9,0.81,9.7,23.7,25.08,50.7,53.7
SWE_2016,Sweden,2016,2.71,2.31,2.38,2.87,2.5,2.54,2.56,2.99,3.49,2.68,4.07,3.04,78.5,35.51,40.77,8.36,7.58,4.5,11.8,0.72,12.2,33.6,37.65,69.9,53.6
CHE_2016,Switzerland,2016,3.12,3.17,3.19,3.51,2.45,3.48,3.42,3.49,2.88,3.21,4.6,3.4,41.42,43.26,31.2,7.87,8.21,11.1,5.1,0.48,25.1,37.5,36.4,66,38.9
TWN_2016,Taiwan,2016,2.84,2.63,2.7,3.01,2.4,2.64,2.79,2.78,3.68,2.95,3.81,3.11,26.46,25.24,41.02,25.79,8.24,7.7,2.7,0.46,42.8,17.6,13.91,62.2,73.2
THA_2016,Thailand,2016,2.83,2.47,2.34,2.19,1.9,2.9,2.38,2.97,3.63,2.54,3.94,3.09,37.67,43.51,52.1,22.59,17.24,27.5,3.5,0.83,9.5,17.1,9.12,73.6,73.7
TUR_2016,Turkey,2016,2.8,2.68,1.82,2.26,1.68,2.9,2.63,3.22,3.7,2.43,3.49,2.89,49.57,54.19,30.88,30.28,16.14,9.4,1.9,0.45,48.1,30.8,11.19,72.1,80.8
ARE_2016,United Arab Emirates,2016,2.66,3.51,3.3,3.34,2.68,2.84,2.55,3.29,3.44,3,4.25,3.69,25.83,55.23,54.38,48.26,5.66,1.9,1.4,0.56,30.7,26.5,14.23,82.3,75.1
GBR_2016,United Kingdom,2016,2.67,2.22,2.78,2.39,1.77,2.5,2.27,2.87,2.45,3.05,3.61,2.8,42.3,47.96,35.23,9.14,8.8,6.1,3.8,0.47,28.4,33,34.7,77.2,58.8
US_2016,United States,2016,3.11,2.46,2.5,2.75,1.96,2.75,2.46,3.3,3.03,2.85,4.11,4.07,57.27,55.05,33.33,11.73,12.63,9.2,6.4,0.71,34.2,37.1,33.62,74.4,63.7
URY_2016,Uruguay,2016,2,1.91,2.23,3,1.28,3.13,2.22,2.86,2.13,2.32,3.9,2.05,28.57,55.6,29.7,25.48,14.11,7.4,1.4,0.53,22.3,26.2,20.85,55.8,58.7
ARG_2017,Argentina,2017,2.02,3.75,1.86,3.17,1.62,3.19,2.56,2.89,3.26,2.33,3.22,3.1,29.65,43.08,37.77,13.36,5.97,6.71,2.46,0.83,12.68,13.98,20.9,47.43,60.4
AUS_2017,Australia,2017,2.63,2.32,2.45,2.61,1.88,2.29,2.17,3.01,3.12,2.68,3.57,2.87,51.39,49.3,41.37,13.19,12.21,9.01,3.75,0.6,28.16,28.51,33.54,68.91,53.87
BIH_2017,Bosnia and Herzegovina,2017,2.34,2.07,1.92,2.58,2.1,2.87,2.08,3.48,3.04,2.52,3.92,2.4,13.42,35.49,27.16,4.55,3.95,1.37,1.18,0.53,1.73,10.93,13.51,65.64,62.66
BRAZ_2017,Brazil,2017,2.59,1.87,1.58,1.95,1.46,2.42,1.84,2.58,3.66,2.2,3.13,2.19,46.42,55.89,39.82,15.25,20.3,16.5,1.16,1.04,3.05,13.91,5.32,78.26605825,76.64516505
BGR_2017,Bulgaria,2017,2.62,1.86,2.9,2.23,1.9,2.51,2.08,3.08,2.97,2.53,4.17,2.64,19.46,38.36,20.89,5.01,3.7,6.45,1.06,0.7,9.38,13.39,10.85,67.98,54.29
CAN_2017,Canada,2017,3.1,3.05,2.98,3.24,2.37,3.08,2.93,3.63,2.53,3.09,4.09,3.55,60.23,55.59,43.84,14.13,18.75,6.18,3.14,0.66,20.32,43.18,29.12,73.96,65.61
CHL_2017,Chile,2017,2.18,2.49,2.77,3.08,1.58,2.73,2.09,2.53,2.5,2.37,4.21,3.02,55.53,61.83,29.37,45.78,23.8,9.94,2.32,0.7,29.78,54.01,18.09,62.87,73.76
CHIN_2017,China,2017,3.31,2.84,2.59,2.82,1.88,3.05,2.56,2.61,4.26,2.58,4.3,3.23,35.21,27.24,41.46,15.29,9.87,6.83,1,0.87,24.32,25.51,7.86,74.57,66.35
COL_2017,Colombia,2017,2.15,2.36,2.03,2.66,2.24,3.37,2.29,2.85,2.67,2.53,3.67,3.4,52.4,68.5,26.11,52.48,18.68,8.67,2.96,0.95,37.67,14.87,10.22,75.34,68.42
HRV_2017,Croatia,2017,2.42,2.06,1.43,2.21,1.54,2.25,2.04,2.78,3.55,1.91,3.53,1.8,33.59,50.84,26.63,17.54,8.91,4.41,1.19,0.56,30.36,19.86,21.7,47.71,62.19
CYP_2017,Cyprus,2017,2.03,2.5,2.97,2.07,1.91,2.67,2.4,3.08,2.51,2.47,3.94,2.52,51.01,46.35,55.88,16.66,7.33,8.91,1.62,0.65,8.03,40.92,17.57,61.53,66.2
ECU_2017,Ecuador,2017,1.94,2.18,1.82,2.18,2.22,3.61,2.16,3.01,2.76,2.42,4.17,3.01,51.15,74.06,27.13,48.18,29.62,15.35,0.87,1.06,6.62,16.54,4.77,60.68,60.63
EGY_2017,Egypt,2017,2.46,2.51,1.88,1.99,1.22,2.03,1.73,2.36,3.45,2.47,3.64,2.38,43.51,46.6,30.2,55.45,13.25,5.69,0.63,0.4,23.69,25.26,3.85,82.01,75.94
EST_2017,Estonia,2017,3.27,3,3.07,3.34,2.96,3.39,2.82,3.56,2.5,3.51,4.45,3.86,60.95,49.72,31.76,18.14,19.38,11.37,2.73,0.59,27.22,30.2,25.08,64.74,54.22
FRA_2017,France,2017,2.81,3.4,3.03,3.24,1.84,3.33,2.98,3.2,2.64,2.47,4.24,2.63,34.13,36.31,39.07,17.62,3.92,3.58,2.99,0.44,27.86,48.63,26.54,74.21,59.06
DEU_2017,Germany,2017,2.84,2.68,2.48,3.4,1.56,2.58,2.6,3.43,2.84,2.7,3.96,2.62,41.96,37.45,36.31,7.22,5.28,6.05,5.42,0.59,21.95,23.74,27.33,77.9,51.31
GRC_2017,Greece,2017,1.92,1.99,1.57,1.93,1.75,2.67,2.33,2.82,2.95,2.34,3.61,2.49,13.74,43.4,55.45,7.12,4.82,12.42,1.83,0.68,9.91,26.42,17.28,66.49,63.36
GTM_2017,Guatemala,2017,1.62,1.56,2.08,1.85,1.57,3.19,1.84,2.85,1.84,2.33,3.78,3.09,53.31,64.49,32.42,46.54,24.75,12.29,1.63,0.78,22.21,29.51,7.94,73.42,91.91
INDI_2017,India,2017,3.05,3.22,2.12,2.81,2.17,2.91,2.72,2.92,3.69,2.47,4.14,2.79,44.92,42.05,39.56,10.33,9.28,6.22,0.75,0.8,9.52,25.6,0.7,56.18,52.96
INDO_2017,Indonesia,2017,3.71,3.74,3.42,3.45,3.07,3.73,3.11,3.32,4.17,3.26,3.87,3.56,47.74,57.34,46.66,28.14,7.47,10.38,1.72,0.69,3.57,11.58,7.02,80.95,70.01
IRN_2017,Iran,2017,1.74,2.23,1.28,1.34,1.85,2.2,1.57,1.26,2.71,1.29,3.66,2.44,33.62,53.35,39.87,38.76,13.32,10.63,1.59,0.65,35.01,16.15,18.33,79.4,48.28
IRL_2017,Ireland,2017,2.66,2.64,2.79,3.43,1.91,2.63,2.66,3.07,2.59,2.75,3.34,3,44.5,42.21,39.24,11.92,8.93,4.37,2.5,0.54,26.89,42.73,24.48,81.88,53.24
ISR_2017,Israel,2017,3.31,1.85,1.58,2.25,1.89,2.71,2.54,3.29,2.71,2.21,4.12,4.28,58.29,44.14,47.96,26.42,12.78,3.32,2.02,0.72,8.66,26.7,27.3,86.07,65.16
ITA_2017,Italy,2017,2.22,2.48,1.93,2.4,1.75,2.76,2.67,2.67,3.12,2.69,3.25,2.38,28.78,30.39,49.43,10.25,4.28,5.95,2.52,0.38,13.96,28.22,29.18,73.21,64.17
JAP_2017,Japan,2017,2.95,2.6,2.27,2.54,1.68,2.57,2.76,2.58,4.17,2.76,4.32,2.26,7.41,10.77,41.21,3.67,4.68,6.34,3.35,0.44,28.42,24.68,32.66,51.96,24.27
KAZ_2017,Kazakhstan,2017,2.78,3.21,2.58,2.58,1.95,2.3,1.97,3.13,2.83,2.55,3.65,2.86,50.42,64.68,18.37,46.22,11.32,2.41,1.78,0.99,25.43,23.54,8.25,80.11,59.65
LVA_2017,Latvia,2017,2.98,2.77,2.24,2.85,2.56,3.02,2.31,3.46,2.73,2.62,4.07,3.08,36.28,49.03,42.27,17.32,14.15,7.73,2.06,0.63,27.49,28.41,21.41,58.54,57.49
LUX_2017,Luxembourg,2017,2.46,3.05,3.35,3.48,1.89,2.98,3.11,3.39,2.19,3.14,4.13,2.5,54.77,40.86,46.95,10.98,9.05,3.27,4.08,0.55,18.45,57.13,33.61,69.95,42.98
MDG_2017,Madagascar,2017,1.98,2.22,2.42,1.97,1.42,3.14,2.07,2.78,2.66,2.2,2.67,2.33,24.4,55.41,42.01,39.84,21.76,29.42,2.16,0.9,1.15,20.89,0.89,77.78,83.62
MYS_2017,Malaysia,2017,3.48,2.74,2.5,2.68,2.14,2.74,2.42,2.98,3.71,3.02,4.11,3.1,45.06,46.12,44.95,17.61,21.6,3.82,9.22,0.87,13.18,29.33,4.46,69.88,77.06
MEX_2017,Mexico,2017,2.6,3.18,2.4,3.2,1.59,3.53,2.62,2.99,2.76,2.39,3.87,2.95,36.38,50.07,28.4,13.2,14.14,1.4,2.14,0.64,10.77,31.71,6.13,52.34,50.67
MAR_2017,Morocco,2017,2.02,2.17,2.38,2.09,1.36,2.35,1.67,2.9,2.42,1.89,3.96,2.16,37.7,49.64,52.9,26.64,8.76,10.43,1.58,0.37,10.8,18.68,2.74,63.26,75.81
NLD_2017,Netherlands,2017,3.65,3.26,3.42,3.63,3.4,3.71,3.17,3.69,3.28,3.73,4.61,4.01,64.09,44.61,29.67,8.11,9.92,8.63,10.04,0.89,15.58,22.52,35.15,67.5,81
PAN_2017,Panama,2017,1.92,2.1,2.8,2.69,1.58,2.73,2.15,2.78,2.39,2.64,4.08,2.85,48.86,57.59,24.02,20.8,16.18,4.67,3.17,0.78,17.93,8.51,7.29,67.46,60.16
PER_2017,Peru,2017,2.16,2.63,2.17,2.75,2.19,3.11,2.11,2.58,2.57,2.61,3.53,3.3,55.77,67.55,30.72,43.21,24.6,7.44,3.74,0.87,19.13,17.8,5.19,62.86,64.72
POL_2017,Poland,2017,3.03,2.7,1.85,2.42,1.49,2.7,2.11,2.96,3.97,2.69,4.14,2.72,68.83,52.36,34.35,9.69,8.85,9.76,7.52,0.78,14.89,12.08,17.13,67.73,79.26
PRI_2017,Puerto Rico,2017,2.15,2.31,1.38,1.91,1.43,2.88,1.81,2.79,2.94,2.02,2.97,2.56,27.97,46.65,28.6,18.3,10.63,1.64,1.34,0.63,22.88,25.17,12.82,52.3,22.56
QAT_2017,Qatar,2017,2.64,3.43,3.03,3.24,2.61,3.04,2.63,3.07,3.12,2.55,3.81,2.93,45.59,41.07,41.86,15.69,7.43,1.26,3.94,0.99,45.02,37.94,16.7,77.32,65.93
SAU_2017,Saudi Arabia,2017,2.34,2.35,2.23,2.29,1.41,2.17,1.78,2,3.29,2.28,3.38,3,79.47,71.82,34.35,30.85,11.45,3.16,1.15,0.83,19.76,27.6,6.12,69.25,69.66
SVK_2017,Slovakia,2017,2.9,1.94,1.7,1.99,1.96,2.75,1.84,3.14,2.86,2.37,4.04,1.98,25.82,48.45,32.83,9.04,11.8,10,1.37,0.71,22.88,29.24,26.27,59.99,47.55
SVN_2017,Slovenia,2017,2.68,2.55,1.84,2.66,2.08,2.85,2.63,2.96,3.15,2.56,3.93,2.3,34.6,53.31,31.79,14.23,6.85,6.76,2.47,0.46,21.09,34.24,35.63,73.42,55.12
ZAF_2017,South Africa,2017,2.51,2.45,2.07,2.02,1.78,2.53,1.74,2.7,3.09,1.91,3.18,2.71,43.17,39.93,31.31,11.72,10.96,2.15,1.46,0.69,32,29.66,10.33,74.86,69.36
KOR_2017,South Korea,2017,2.38,3.46,2.7,2.93,1.76,2.33,2.32,2.34,4.19,2.01,3.97,2.99,35.3,45.68,32.16,22.79,12.98,11.37,2.93,0.66,9.66,26.35,10.77,68.57,47.24
ESP_2017,Spain,2017,2.52,2.28,1.85,2.95,1.82,2.79,2.28,2.89,2.39,2.18,3.54,2.33,31.86,44.8,39.16,5.55,6.19,7.05,1.7,0.82,8.6,25.01,26.81,47.88,53.83
SWE_2017,Sweden,2017,2.88,2.23,2.07,2.63,2.4,2.56,2.58,2.92,3.01,2.6,4.33,2.99,79.49,34.5,36.7,8.08,7.29,4.17,5.95,0.65,6.34,29.05,30.85,70.52,53.6
CHE_2017,Switzerland,2017,3.09,2.9,3.43,3.34,2.21,3.86,3.43,3.29,2.83,2.86,4.38,3.23,47.16,42.09,29.45,10.47,8.47,10.51,4.86,0.53,33.2,24.93,25.84,73.2,53.02
TWN_2017,Taiwan,2017,2.78,2.48,2.95,3.01,2.4,2.92,2.67,2.77,3.69,2.78,4.22,3.37,26.57,25.89,39.16,25.74,8.56,12.07,3.67,0.56,42.99,20.19,19.11,60.13,71.08
THA_2017,Thailand,2017,3,2.75,2.53,2.29,2.03,2.67,2.31,2.75,4.08,2.55,3.9,3.16,49.13,48.86,52.69,37.36,21.62,15.18,7.9,0.86,29.56,29.29,6.35,74.48,74.72
ARE_2017,United Arab Emirates,2017,2.96,3.74,3.56,3.23,3.03,3.32,2.92,3.45,3.31,3.2,4.4,4.06,35.45,64.79,61.08,56.33,8.97,5.63,3.37,0.89,26.63,18.67,23.15,87.77,82.73
GBR_2017,United Kingdom,2017,2.74,2.61,2.74,2.65,1.9,2.69,2.61,3.06,2.68,2.67,3.6,3.28,42.98,48.21,35.85,7.27,8.4,6.67,4.47,0.46,23.39,27.06,38.45,75.6,55.59
US_2017,United States,2017,2.97,3.02,2.5,2.61,2.01,2.86,2.29,2.99,2.24,2.31,3.81,4.03,63.59,54.31,33.36,14.54,13.64,7.75,7.21,0.64,38.61,35.93,34.44,75.49,63.05
URY_2017,Uruguay,2017,2.15,2.31,2.76,3.18,1.37,3.4,2.58,3.03,1.78,2.28,3.88,1.95,36.86,57.52,31.04,27.38,14.74,6.43,2.28,0.62,20.62,26.25,16.64,51.94,54.86
VNM_2017,Vietnam,2017,2.27,1.9,2.4,2.09,1.83,2.61,2.19,2.82,4.15,2.79,4.19,3.62,46.41,53.03,46.63,24.96,23.27,24.66,4.6,1.14,9.07,13.86,6.54,74.77,62.11
AGO_2018,Angola,2018,1.66,2.2,2.31,1.88,2,2.32,1.71,2.68,2.98,2.25,2.43,2.85,74.02,75.65,16.63,79.83,40.84,15.16,0.94,0.99,24.3,17.8,5.65,80.46,74.44
ARG_2018,Argentina,2018,1.93,3.79,2.24,3.19,1.82,3.09,2.7,3.05,3.31,2.54,3.3,3.21,35.89,48.79,31.92,14.83,9.11,9.05,1.35,0.81,11.75,32.17,11.53,49.96,59.39
AUT_2018,Austria,2018,3.01,2.8,2.41,3.74,1.63,3.16,2.71,3.66,2.69,3.46,4.46,2.31,46.78,48.33,36.73,11.76,10.9,6.46,2.39,0.57,15.91,37.02,19.68,75.3,50.15
BRAZ_2018,Brazil,2018,2.92,1.78,1.45,2.08,1.54,2.46,2.12,2.69,3.46,2.2,3.22,2.1,31.43,54.27,32.61,26.05,17.88,20.25,1.34,0.93,6.08,3.71,11.03,78.46641748,76.51234951
BGR_2018,Bulgaria,2018,3.19,1.97,2.76,2.16,1.79,2.44,2.08,3.1,2.81,2.34,4.07,2.16,19.25,36.88,30.98,3.91,6,8.35,0.96,0.87,2.53,14.89,14,69.31,62.57
CAN_2018,Canada,2018,3.13,2.95,2.61,2.95,2.47,2.85,2.86,3.64,2.56,2.73,4.01,3.32,62.98,55.86,42.32,14.45,18.71,7.5,3.26,0.83,20.68,41.3,14.74,74.09,64.13
CHL_2018,Chile,2018,2.35,3.14,2.85,3.38,1.47,3.03,2.25,2.47,2.63,2.26,4.28,3.23,61.78,62.52,28.58,48.67,25.06,8.54,2.52,0.73,33.52,47.58,17.3,60.82,76.13
CHIN_2018,China,2018,2.75,2.9,2.76,2.72,2.06,3.14,2.43,2.51,4.04,2.64,4.37,3.62,35.07,24.15,41.7,15.28,10.39,3.16,0.92,0.82,20.38,33.06,13.05,68.72,60.82
COL_2018,Colombia,2018,1.97,2.31,2.26,2.74,2.1,3.42,2.06,2.59,2.46,2.48,3.75,3.21,57.48,66.4,23.1,48.84,21.19,6.5,3.57,0.72,49.89,16.07,16.45,84.18,68.68
HRV_2018,Croatia,2018,2.41,1.69,1.34,2.02,1.52,2.27,1.79,2.24,3.14,1.82,3.33,1.72,33.13,52.32,30.32,18.62,9.61,4.15,1.37,0.59,26.54,24.59,28.94,42.97,62.09
CYP_2018,Cyprus,2018,2.3,2.83,3.13,2.24,1.98,3.2,2.51,3.21,2.85,2.73,3.89,2.57,45.89,45.89,48.45,15.26,3.86,6.09,5.72,0.6,22.43,38.63,25.44,67.6,69.93
EGY_2018,Egypt,2018,2.61,2.62,2.16,2.41,1.48,2.22,2.12,2.69,3.09,2.62,3.88,2.76,39.31,42.96,28.24,59.78,9.84,4.53,0.55,0.38,19.29,27.52,3.07,82.57,73.99
FRA_2018,France,2018,2.84,3.59,3.2,3.41,1.73,3.38,2.87,3.18,2.58,2.33,4.52,2.85,34.95,37.46,37.08,18.6,6.13,2.52,2.85,0.75,29.08,28.07,22.63,71.52,58.21
DEU_2018,Germany,2018,2.84,2.6,2.63,3.47,1.84,2.73,2.77,3.39,3.06,3.1,3.61,2.65,42.11,38.31,35.06,5.85,4.97,7.54,3.17,0.5,28.94,30.53,21.64,74.79,49.6
GRC_2018,Greece,2018,2.44,2.02,1.65,2.01,1.69,2.35,2.38,2.7,2.71,2.24,3.81,2.48,19.22,46.39,57.76,7.47,6.35,10.81,3.05,0.45,9.66,28.44,12,67.8,64.89
GTM_2018,Guatemala,2018,1.7,1.48,2.19,1.91,1.48,3.39,1.98,2.83,2.4,2.28,3.66,3.02,54.63,65.16,30.33,49.69,27.52,11.15,1.22,0.8,26.98,39.16,9.6,71.72,94.44
INDI_2018,India,2018,3.39,3.79,2.84,3.44,2.72,3.13,3.15,3.45,3.87,3.14,3.91,3.32,49.83,52.22,50.06,20.64,11.42,6.96,0.55,0.62,8.39,46.88,1.94,65.03,63.72
INDO_2018,Indonesia,2018,3.56,3.79,3.3,3.41,3.04,3.85,3.3,3.45,3.99,3.29,3.86,3.92,54.93,64.01,34.12,21.17,14.09,11.78,1.75,1.01,1.62,15.36,4.87,74.85,71.9
IRN_2018,Iran,2018,2.31,2.29,1.82,1.8,1.75,2.25,1.95,2.17,3.42,2.35,3.4,2.48,22.32,53.11,30.4,34.97,9.71,12.28,1.27,0.5,35.99,17.23,23.46,80.49,39.26
IRL_2018,Ireland,2018,3.16,2.98,2.7,3.41,2.29,3.04,2.76,3.12,2.54,3.02,3.24,3.23,51.65,45.56,39.32,15.41,9.64,6.83,2.23,0.63,43.7,35.75,25.65,83.86,55.48
ISR_2018,Israel,2018,3.15,2.23,1.65,2.4,1.71,2.79,2.65,3.44,2.82,2.23,4.05,4.13,56.23,41.48,47.47,26.2,12.7,4.2,3.3,0.7,22.9,32.9,7.3,84.98,65.96
ITA_2018,Italy,2018,2.8,2.42,1.93,2.37,1.68,2.68,2.4,2.58,3,2.58,3,2.17,34.57,29.77,51.67,8.96,4.18,6.37,2.73,0.51,13.35,24.27,26.56,74.63,63.93
JAP_2018,Japan,2018,2.98,3.23,2.54,2.71,1.48,2.58,3,2.63,4.22,2.71,4.33,2.21,8.09,10.05,46.41,4.98,5.34,6.2,1.94,0.6,21.61,27.74,29.7,51.46,22.81
LUX_2018,Luxembourg,2018,2.44,3.34,3.2,3.74,2.38,3.31,3.07,3.18,2.3,3.13,4.01,2.89,55,43.91,47.23,14.7,10.72,3.39,4.65,0.68,16.64,47.94,37.08,74.22,48.81
MDG_2018,Madagascar,2018,1.75,2.06,1.98,1.81,1.51,3.26,1.99,2.64,3.12,2.03,2.58,2.3,30.56,51.45,36.62,32.63,20.74,22.39,1.36,1.04,2.32,13.38,1.83,77.01,87.22
MEX_2018,Mexico,2018,2.41,2.74,2.3,3.05,1.88,3.48,2.54,2.69,3.34,2.24,3.95,3.38,49.595,60.375,38.07,14.75,13.56,1.61,2.71880102,0.775,16.9,23.84280952,6,59.99,59.365
MAR_2018,Morocco,2018,2.19,2.13,2.45,2.07,1.31,2.48,1.65,3,2.7,1.91,3.93,2.31,33.58,29.54,64.15,39.79,6.65,4.2,1.32,0.46,8.74,14.88,3.78,68.31,61.11
NLD_2018,Netherlands,2018,3.54,3.3,3.26,3.43,3.24,3.72,3.15,3.63,3.22,3.48,4.56,3.71,66.73,46.08,34.74,7.71,12.29,11.96,7.76,0.51,9.52,23.83,28.78,63.05,81.74
PAN_2018,Panama,2018,1.88,1.79,2.05,2.58,1.31,2.49,1.98,2.11,2.41,1.81,3.61,2.78,39.04,42.13,19.38,18.9,13.83,6.39,5.42,1.01,6.14,10.47,5.05,46.32,44.63
PER_2018,Peru,2018,2.18,2.1,2.03,2.56,1.91,2.99,2.09,2.48,2.49,2.47,3.42,3.3,55.99,71.8,30.15,39.7,22.39,8.37,2.3,0.88,15.34,21.9,5.02,62.35,65.69
POL_2018,Poland,2018,3.2,2.99,1.93,2.68,1.67,2.45,2.27,2.96,4.01,2.52,4.24,2.91,68.48,46.6,31.06,9.48,5.24,12.99,6.6,0.74,11.46,12.17,20.05,76.33,85.86
PRI_2018,Puerto Rico,2018,1.91,1.8,1.56,2.18,1.52,3.01,1.97,2.63,2.74,2.16,2.86,2.82,35.21,47.54,20.74,22.87,11.61,1.85,1.73,0.55,24.19,26.06,9.48,52.63,20.71
QAT_2018,Qatar,2018,3.13,3.75,3.48,3.57,3.67,3.95,3.47,3.39,3.81,3.23,4.27,3.68,54.16,52.32,32.61,29.07,8.52,4.22,3.39,0.98,26.72,26.95,17.54,76.7,68.19
RUSS_2018,Russia,2018,2.05,2.23,2.06,2.02,1.74,2.9,1.69,3.02,3.77,1.91,3.61,2.76,22.81,27.46,46.42,2.2,5.55,4.9,0.79,0.53,19.84,8.09,11.77,68.04,68.02
SAU_2018,Saudi Arabia,2018,1.97,2.75,2.25,2.41,1.22,1.9,1.75,2.25,2.92,2.21,3.68,3.25,76.3,83.42,43.63,26.77,12.09,3.11,1.49,0.58,12.22,23.26,5.8,78.19,66.81
SVK_2018,Slovakia,2018,2.85,1.5,1.79,2.06,1.65,2.33,1.96,3.21,2.57,2.72,4.23,1.75,37.41,53.29,29.38,13.7,12.12,4.58,1.84,0.59,27.14,21.96,18.85,60.36,46.89
SVN_2018,Slovenia,2018,3,2.64,1.99,2.95,1.87,2.91,2.61,2.99,3.1,2.9,4.14,2.25,42.17,50.97,31.99,15.28,6.37,6.84,1.96,0.43,15.31,25.54,32.36,75.78,58.43
KOR_2018,South Korea,2018,2.8,3.69,2.68,3.13,2.07,2.62,2.43,2.59,4.29,2.27,3.98,3.07,45.68,49.68,32.82,30.99,14.65,12.48,3.2,0.72,12.79,29.94,6.87,69.95,53.02
ESP_2018,Spain,2018,2.68,2.85,2.47,3.29,2.13,3.25,2.76,3.13,2.89,2.77,3.72,3.04,29.09,48.46,36.19,6.2,6.39,6.05,1.94,0.89,8.7,22.33,32.4,49.75,53.11
SDN_2018,Sudan,2018,2.33,1.66,1.81,1.73,1.63,2.35,1.89,2.89,4.31,1.92,2.99,2.64,70.98,74.52,34.49,66.65,22.17,10.19,1.68,0.62,23.13,13.37,5.67,85.3,79.38
SWE_2018,Sweden,2018,2.86,2.43,2.22,2.89,2.4,2.79,2.52,2.99,3.48,2.96,4.23,2.9,81.56,38.42,37.24,9.55,6.82,5.28,4.4,0.42,16.67,33.71,24.69,72.13,49.01
CHE_2018,Switzerland,2018,2.79,2.86,2.88,3.42,2.08,3.21,3.26,3.43,2.73,2.95,4.58,2.76,45.48,36.26,39.85,6.93,7.37,11.5,9.15,0.47,28.49,31.68,35.36,69.71,46.54
TWN_2018,Taiwan,2018,3.27,3.6,3.34,3.31,2.32,3.3,3.08,3.43,3.5,3.52,4.7,3.39,26.74,28.18,41.41,24.08,9.48,13.91,2.32,0.87,37.6,18.76,11.55,63.13,69.58
THA_2018,Thailand,2018,3.21,2.76,2.52,2.51,2.26,2.96,2.48,2.91,3.6,2.68,3.85,3.39,50.11,50.98,58.92,31.51,19.68,19.58,3.56,0.96,19.13,17.8,4.19,80.87,80.1
TUR_2018,Turkey,2018,2.85,2.69,2.15,2.51,1.77,3.05,2.71,3.28,3.68,2.51,3.61,2.99,44.31,56.84,28.1,29.73,14.24,8.65,1.73,0.42,45.91,30.8,10.59,66.09,80.79
ARE_2018,United Arab Emirates,2018,2.6,3.57,3.14,3.32,2.67,3.09,2.64,3.06,3.54,2.76,4.01,3.61,66.5,53.62,24.29,38.15,10.72,2.56,2.48,0.92,53.25,28.24,5.21,69.44,71.72
GBR_2018,United Kingdom,2018,2.98,2.06,2.98,2.43,1.8,2.61,2.55,3.08,2.94,2.71,3.37,2.98,44.02,46.63,37.66,7.18,8.24,6.38,3.74,0.49,20.54,21.63,29.18,76.42,56.09
US_2018,United States,2018,3.57,2.53,2.84,2.67,2.6,3.29,2.65,3.53,3.29,2.93,4.19,4.3,69.83,55.62,35.21,12.15,15.59,7.87,6.94,0.77,31.78,33.99,22.54,78.69,62.66
URY_2018,Uruguay,2018,2.15,2.58,2.1,3.3,1.6,3.44,2.63,2.76,2.27,2.42,3.63,2.12,28.89,58.97,27.39,24.21,15.7,5.58,1.36,0.64,18.76,25.28,19.53,49.56,54.68
MEX_2019,Mexico,2019,2.6,2.55,2.38,2.75,2.2,3.46,2.67,2.91,2.9,2.77,3.94,3.5,62.81,70.68,47.74,16.3,12.98,1.82,2.706454082,0.91,23.03,23.9977619,5.87,67.64,68.06